speechID	speakerID	speakerGroup	speakerPosition	speech	previous_speechID	subsequent_speechID	topicID
121705254X02920250527_009	三原じゅん子	自由民主党	内閣府特命担当大臣（こども政策・少子化対策・若者活躍・男女共同参画・共生・共助）	"○国務大臣（三原じゅん子君）　協同組合は、持続可能な開発目標の実施と社会経済開発全体に対し貢献されており、様々な分野において社会課題の解決に取り組まれていると承知しております。
　今後、更に社会課題の解決に向けた取組が加速するよう、ただいまの御決議の趣旨を受け止め、取り組んでまいります。（拍手）
　　　　　――――◇―――――
　日程第一　盗難特定金属製物品の処分の防止等に関する法律案（内閣提出）"		121705254X02920250527_011	121705254X02920250527_009
121705254X02920250527_011	大岡敏孝	自由民主党・無所属の会		"○大岡敏孝君　ただいま議題となりました法律案につきまして、内閣委員会における審査の経過及び結果を御報告します。
　本案は、特定金属製物品の窃取を防止するためには盗難特定金属製物品の処分を防止することが重要であることに鑑み、特定金属くず買受業について買受けの相手方の氏名等の確認を義務づけるほか、指定金属切断工具を隠して携帯する行為を禁止する等の措置を講じるものです。
　本案は、去る五月二十日本委員会に付託され、翌二十一日坂井国家公安委員会委員長から趣旨の説明を聴取しました。次いで、二十三日に質疑を行い、質疑終局後、討論を行い、採決しましたところ、本案は賛成多数をもって原案のとおり可決すべきものと決しました。
　なお、本案に対し附帯決議が付されました。
　以上、御報告します。（拍手）
　　　　―――――――――――――"	121705254X02920250527_009		121705254X02920250527_009
121705254X02920250527_017	井上貴博	自由民主党・無所属の会		"○井上貴博君　ただいま議題となりました両法律案につきまして、提案の趣旨を御説明申し上げます。
　まず、貨物自動車運送事業法の一部を改正する法律案は、トラック事業に係る輸送の安全を確保し、その健全な発達を図るため、所要の措置を講じようとするものであります。その主な内容は、
　第一に、トラック事業の許可について、五年ごとの更新制を導入するとともに、独立行政法人に、更新事務を行わせることができること、
　第二に、国土交通大臣は、トラック事業の運賃及び料金に係る適正原価を定めることができることとし、これに伴い、標準的な運賃は廃止すること。また、トラック事業者及び貨物利用運送事業者は、運賃等が適正原価を下回らないようにしなければならないこと、
　第三に、トラック事業者等は、元請事業者として運送を引き受ける場合において、再委託の回数を二回以内に制限するよう努めなければならないこと、
　第四に、無許可等でトラック事業を経営する者への貨物の運送委託を禁止し、罰則を設けるとともに、荷主等に対し、勧告等を行うことができること
などであります。
　次に、貨物自動車運送事業の適正化のための体制の整備等の推進に関する法律案は、トラック事業の許可に係る更新制等の実現に向けて必要な体制の整備等を推進するため、その基本となる事項を定めようとするものであります。その主な内容は、
　第一に、基本方針として、独立行政法人に、許可の更新事務及びトラック事業の適正化等に資する取組への支援に関する業務を行わせることとし、これらの業務を実施するため、更新手数料のほか、必要な財源措置について検討すること、
　第二に、政府は、基本方針に基づく施策の実施に必要な法制上又は財政上の措置等について、本法律の施行後三年以内を目途として講じなければならないこと、
　第三に、政府は、物流に関する施策の総合的かつ集中的な推進を図るため、物流政策推進会議を設置すること
などであります。
　両案は、去る二十三日の国土交通委員会において、いずれも全会一致をもって委員会提出法律案として提出することに決したものであります。
　何とぞ速やかに御賛同くださいますようにお願い申し上げます。（拍手）
　　　　―――――――――――――"			121705254X02920250527_017
121705254X03020250530_002	額賀福志郎	無所属	議長	"○議長（額賀福志郎君）　日程第一、円滑な事業再生を図るための事業者の金融機関等に対する債務の調整の手続等に関する法律案を議題といたします。
　委員長の報告を求めます。経済産業委員長宮崎政久君。
　　　　―――――――――――――
　円滑な事業再生を図るための事業者の金融機関等に対する債務の調整の手続等に関する法律案及び同報告書
　　　　〔本号末尾に掲載〕
　　　　―――――――――――――
　　　　〔宮崎政久君登壇〕"		121705254X03020250530_003	121705254X03020250530_002
121705254X03020250530_003	宮崎政久	自由民主党・無所属の会		"○宮崎政久君　ただいま議題となりました法律案につきまして、経済産業委員会における審査の経過及び結果を御報告申し上げます。
　本案は、経済的に窮境に陥るおそれのある事業者が、早期で円滑に事業再生を行うことができるようにするため、当該事業者の申出により、経済産業大臣の指定を受けた公正な第三者機関の関与の下で、金融機関等である債権者の一定割合以上の多数決とその決議に対する裁判所の認可により、当該事業者がその債務に係る権利関係の調整を行うことができる手続等を整備するものであります。
　本案は、去る五月二十日本委員会に付託され、翌二十一日に武藤経済産業大臣から趣旨の説明を聴取いたしました。二十三日に質疑に入り、二十八日質疑を終局いたしました。
　質疑終局後、自由民主党・無所属の会、立憲民主党・無所属、日本維新の会、国民民主党・無所属クラブ、公明党及び有志の会の六派共同提案により、目的規定に、事業者が「その事業の価値の毀損並びに技術及び人材の散逸の回避を図った上で」との文言を追加すること等を内容とする修正案が提出され、趣旨の説明を聴取いたしました。
　次いで、討論、採決を行った結果、修正案及び修正部分を除く原案はいずれも賛成多数をもって可決され、本案は修正議決すべきものと決しました。
　なお、本案に対し附帯決議が付されました。
　以上、御報告申し上げます。（拍手）
　　　　―――――――――――――"	121705254X03020250530_002		121705254X03020250530_002
121705254X03020250530_006	額賀福志郎	無所属	議長	"○議長（額賀福志郎君）　日程第二、資金決済に関する法律の一部を改正する法律案を議題といたします。
　委員長の報告を求めます。財務金融委員長井林辰憲君。
　　　　―――――――――――――
　資金決済に関する法律の一部を改正する法律案及び同報告書
　　　　〔本号末尾に掲載〕
　　　　―――――――――――――
　　　　〔井林辰憲君登壇〕"		121705254X03020250530_007	121705254X03020250530_006
121705254X03020250530_007	井林辰憲	自由民主党・無所属の会		"○井林辰憲君　ただいま議題となりました法律案につきまして、財務金融委員会における審査の経過及び結果を御報告申し上げます。
　本案は、金融のデジタル化等の進展に対応し、利用者保護を確保しつつ、イノベーションを促進するため、暗号資産交換業者等に対する資産の国内保有命令の創設、暗号資産等の売買又は交換の媒介のみを行う者の登録制の創設、国境をまたぐ一定の収納代行に対し、資金移動業の規制を適用すること等の措置を講ずるものであります。
　本案は、去る五月十五日当委員会に付託され、翌十六日加藤国務大臣から趣旨の説明を聴取し、二十八日、質疑を行い、質疑を終局いたしました。
　質疑終局後、本案に対し、自由民主党・無所属の会、立憲民主党・無所属、日本維新の会、国民民主党・無所属クラブ及び公明党の共同提案により、検討規定について、検討の目途を施行後三年とするとともに、資金移動業の規制を適用する国境をまたぐ収納代行の範囲を検討の対象として明記する修正案が提出され、提出者から趣旨の説明を聴取いたしました。
　次いで、討論を行い、採決いたしましたところ、本案は賛成多数をもって修正議決すべきものと決しました。
　なお、本案に対し附帯決議が付されたことを申し添えます。
　以上、御報告申し上げます。（拍手）
　　　　―――――――――――――"	121705254X03020250530_006		121705254X03020250530_006
121705254X03020250530_013	竹内譲	公明党		"○竹内譲君　ただいま議題となりました法律案につきまして、提案の趣旨及び内容を御説明申し上げます。
　本案は、デジタル社会が進展するなど、近時の行政書士制度を取り巻く状況が大きく変化していることを踏まえ、行政書士の使命及び職責を明らかにする規定を設けるとともに、特定行政書士が行政庁に対する不服申立ての手続について代理等することができる範囲を拡大するほか、行政書士又は行政書士法人でない者による業務の制限違反等に対して両罰規定を設ける等の措置を講じようとするものであります。
　本案は、昨二十九日、総務委員会におきまして、全会一致をもって委員会提出の法律案とすることに決したものであります。
　何とぞ速やかに御賛同くださいますようお願い申し上げます。（拍手）
　　　　―――――――――――――"		121705254X03020250530_016	121705254X03020250530_013
121705254X03020250530_016	鈴木隼人	自由民主党・無所属の会		"○鈴木隼人君　議事日程追加の緊急動議を提出いたします。
　内閣提出、社会経済の変化を踏まえた年金制度の機能強化のための国民年金法等の一部を改正する等の法律案を議題とし、委員長の報告を求め、その審議を進められることを望みます。"	121705254X03020250530_013	121705254X03020250530_019	121705254X03020250530_013
121705254X03020250530_019	額賀福志郎	無所属	議長	"○議長（額賀福志郎君）　社会経済の変化を踏まえた年金制度の機能強化のための国民年金法等の一部を改正する等の法律案を議題といたします。
　委員長の報告を求めます。厚生労働委員長藤丸敏君。
　　　　―――――――――――――
　社会経済の変化を踏まえた年金制度の機能強化のための国民年金法等の一部を改正する等の法律案及び同報告書
　　　　〔本号末尾に掲載〕
　　　　―――――――――――――
　　　　〔藤丸敏君登壇〕"	121705254X03020250530_016	121705254X03020250530_020	121705254X03020250530_013
121705254X03020250530_020	藤丸敏	自由民主党・無所属の会		"○藤丸敏君　ただいま議題となりました社会経済の変化を踏まえた年金制度の機能強化のための国民年金法等の一部を改正する等の法律案について、厚生労働委員会における審査の経過及び結果を御報告申し上げます。
　本案は、年金制度において、ライフスタイル等の多様化を反映し、働き方に中立的な制度を構築するとともに、高齢者の生活の基盤の強化のための所得保障及び再分配機能の強化を行うため、所要の措置を講じようとするもので、その主な内容は、
　第一に、被用者保険の適用範囲を拡大するため、短時間労働者への適用について、企業規模要件及び賃金要件を撤廃し、また、常時従業員を五人以上使用する個人事業所に係る非適用業種を原則として解消すること、
　第二に、在職老齢年金制度について、支給停止が開始される基準を六十二万円に引き上げること、
　第三に、遺族厚生年金制度について、配慮措置を設けた上で、受給要件等の男女差を解消すること、
　第四に、厚生年金保険の標準報酬月額の上限について、七十五万円に段階的に引き上げること、
　第五に、個人型確定拠出年金の加入可能年齢を七十歳未満に引き上げること
等であります。
　本案は、去る五月二十日の本会議において趣旨説明が行われた後、同日本委員会に付託されました。
　本委員会におきましては、同日福岡厚生労働大臣から趣旨の説明を聴取し、翌二十一日から質疑に入り、二十七日には参考人から意見を聴取いたしました。
　翌二十八日には、自由民主党・無所属の会、立憲民主党・無所属及び公明党の三会派より、次期財政検証において、将来の基礎年金の給付水準の低下が見込まれる場合には、基礎年金及び報酬比例部分のマクロ経済スライドによる調整を同時に終了させるために必要な法制上の措置を講ずること等を内容とする修正案が提出され、趣旨の説明を聴取し、同日から原案及び修正案を一括して質疑を行い、本日、石破内閣総理大臣に対する質疑を行い、質疑を終局いたしました。
　質疑終局後、国民民主党・無所属クラブより、短時間労働者の被用者保険の適用に係る企業規模要件の早期撤廃等の検討規定を設けること等を内容とする修正案が、また、日本共産党より、マクロ経済スライドによる調整を速やかに終了させるための検討規定を設けることを内容とする修正案が提出され、両修正案について趣旨の説明を聴取いたしました。
　次いで、原案及び各修正案について討論、採決を行った結果、国民民主党・無所属クラブ及び日本共産党提出の両修正案はいずれも賛成少数をもって否決され、三会派共同提出の修正案及び修正部分を除く原案はいずれも賛成多数をもって可決され、本案は修正議決すべきものと議決した次第であります。
　なお、本案に対し附帯決議を付することに決しました。
　以上、御報告申し上げます。（拍手）
　　　　―――――――――――――"	121705254X03020250530_019	121705254X03020250530_022	121705254X03020250530_013
121705254X03020250530_022	阿部圭史	日本維新の会		"○阿部圭史君　日本維新の会の阿部圭史です。
　私は、党を代表して、社会経済の変化を踏まえた年金制度の機能強化のための国民年金法等の一部を改正する等の法律案について、反対の立場から討論いたします。（拍手）
　本法案の政府原案は、基礎年金の底上げが除外されたことを捉えて、あんこのないあんパンであるということばかりが注目されてきました。しかし、本当の問題はそこではありません。本法案は、昨年の年金の財政検証の結果を基に議論されたものではございますが、問題はこの財政検証にあります。
　運用利回りと賃金上昇率の差であるスプレッドは、基本シナリオとされた過去三十年投影ケースにおいては一・七という利回りの高い値を用いており、あたかも将来の年金財政が安全であるかのように見せています。これは国民に対するごまかしであります。
　また、将来の人口の見込みとしては、国立社会保障・人口問題研究所の人口推計の中位推計を用いてきました。しかし、一九九二年の財政検証から二〇一七年までの過去六回、実際の出生率は中位推計であったためしはありません。実際は推計をことごとく外してきており、実際の出生率は低下の一途をたどってきました。中位推計だから適正な推定だろうということは全くなく、低位推計を用いるべきであることは言うまでもありません。
　しかしながら、二〇二四年の財政検証においても中位推計を用いて検証しています。これまで推計を外してきたという実態について全く触れず、実態に近いであろう低位推計を使わず中位推計を使うという姿勢こそが、国民の目を欺くものであるとしか言いようがありません。
　政府が前提とする四十年就労の夫と専業主婦という世帯モデルは、夫婦共稼ぎや独身世帯が増えている現実の家族形態や就労状況とは全く合っておりません。夫婦共稼ぎをする理由は、子育てのためには一方の親の収入だけでは足りないという現実があるからです。かつては夫の収入だけでも子育てが可能であった時代の考え方を現在にも当てはめて、それがモデルケースとして所得代替率を考えること自体が、もはや何らの意味を持ちません。所得代替率は個人ベースで考えるべきものであります。
　二〇二三年のＯＥＣＤのデータを用いて、個人単位、男性、保険料差引き後の所得代替率で国際比較をすれば、日本の所得代替率は三八・八％にすぎません。イタリアは八〇％を超え、アメリカ、イギリス、ドイツが五〇％を超えていること、ＯＥＣＤ平均で六六・三％であることを考えると、我が国日本は明らかに年金の給付が低いことが分かります。政府が用いている、いわゆる世帯モデルでは、あたかも五割を超えているかのように見せるためのごまかしにすぎません。
　本法案に対して立憲民主党が提案した修正案を与党が受け入れましたが、基礎年金の底上げという表現は、余りにきれいに装飾された表現であります。
　今般の問題の本質は、次の三点に集約されます。一つ目、厚生年金の積立金を基礎年金に投入すること。二つ目、基礎年金に税金を投入すること。三つ目、この税金の財源を明らかにしていないこと。この三つであります。
　一つ目について、厚生年金は、第二号被保険者が長い年月をかけて働き、努力して積み上げてきたものであります。それを第一号と第三号の被保険者向けの資金にすることは、果たして適切と言えるのでしょうか。全くもって筋が通りません。二つ目及び三つ目について、税金を投入するための財源は明らかにされていません。無責任であり、不適切以外の何物でもなく、疑問を持たざるを得ません。
　本法案では、保険料率の設定を見直すこともなく、第三号被保険者についての廃止を含めた見直しをすることもなく、長寿化している我が国においては根本的な問題である年金の支給開始年齢の引上げについても検討することもなく、ただただ、小手先のびほう策だけを俎上に上げて検討しているだけではありませんか。
　私たち日本維新の会は、国民の皆さんの未来のために、なるべく多くの選択肢を次世代に残すべきであると考えています。考えるべきことを考えない、思考停止に陥ってしまっては、次世代に対する責任が取れないのではないでしょうか。ましてや、年金の実態を高めにごまかして、あたかも問題がないかのように見せる姿勢は、明らかに無責任であります。
　国民年金を余り積み上げることができなかった方が大勢いる就職氷河期世代の一番上は五十歳代前半になっており、十数年たてばいよいよ給付が始まります。議論を先延ばしにすれば、給付される年金では生活ができない世帯が急激に増え、生活保護受給者が増え続ける未来が来ることが容易に予想されます。そうなってしまってから年金制度をどうするかという議論をしては遅過ぎるのです。今からでも、年金制度全体をどうするのかという、骨太で抜本的な制度論に関する議論を直ちに始めねばなりません。
　年金という国民生活に密着した課題については、政争の具にするべきではありません。年金制度の抜本改革を行うに当たっては、国民のための社会保障制度の議論は政局にしないとの合意の下、政局や党派を超えて、国民一丸となった新しい議論の場が必要であります。
　我々日本維新の会は、内閣総理大臣主宰による社会保障国民会議の設置を提案いたします。年金問題を政争の具とせず、国民一丸となり、真摯に未来の生活の安定のための議論を国会の場で尽くすべきです。
　年金問題の本質を議論せず、五年後の財政検証まで先送りにする政府に対して、その姿勢を改めるべきことを強く求め、私からの反対討論といたします。
　ありがとうございました。（拍手）"	121705254X03020250530_020	121705254X03020250530_024	121705254X03020250530_013
121705254X03020250530_024	浅野哲	国民民主党・無所属クラブ		"○浅野哲君　冒頭、本日朝の厚生労働委員会理事会で、委員長職権で質疑の終局、採決が進められたことに遺憾の意を表します。
　私は、ただいま議題となりました国民年金法等の一部を改正する法律案及びその修正案に対し、いずれも反対の立場から討論をいたします。（拍手）
　まず、政府提出原案について反対の理由を申し述べます。
　年金制度は、高齢者の生活を底支えする基盤的な制度であるだけでなく、本制度を支えている現役世代にとっても、給付と負担のバランスが制度への信頼感、すなわち老後への不安あるいは期待に直結する、極めて重要かつ繊細な制度であります。
　年金制度の財政検証結果を受けて、厚生労働省の年金部会では、制度の持続可能性を高め、給付と負担のバランスとその納得感を高めるための真摯な議論が重ねられてきました。これらの議論の上に、年金制度を国民から期待され、老後への不安を軽減させる制度へと見直していくことは、私たち立法府の責務であります。
　しかし、自民党内での事前審査は長期に及び、本法案が国会に提出されたのは五月十六日。重要広範議案であった法案が、当初予定よりも二か月以上も遅れて国会に提出されるなど前代未聞です。また、遅れた理由も、参議院選挙へのマイナス影響を回避したい一部の自民党議員による慎重論が原因だと伝えられています。政策内容を真剣に議論していたならまだしも、選挙のために法案審議を避けようとしていたとしたら言語道断。そのような疑惑を晴らすためにも、自民党の皆様には、二度とこのような疑惑が生じないよう、法案提出期限を遵守していただくよう求めます。
　我々は政府原案には反対ですが、評価できる点もあります。それは、被用者保険の賃金要件の撤廃や企業規模要件の撤廃等を通じて、労働市場に中立的かつ持続可能性の向上を図ろうとしている点です。また、在職老齢年金制度の見直しを通じた高齢労働者の働き控えの抑制策も、現場の声にかなったものと評価をしています。
　しかしながら、政府原案には不足している要素が多数あることを指摘しなければなりません。
　まず、基礎年金の底上げに踏み込まなかった点です。自民党の事前審査の中でマクロ経済スライドの同時終了措置が削除され、将来の基礎年金支給額の所得代替率の低下に対する有効な手だてを失う内容となっています。
　次に、企業規模要件の撤廃に十年もかける内容ですが、これは余りにも長いと言わざるを得ません。この点については、次期財政検証を踏まえた再改正までの間に完遂すべきです。
　また、企業規模要件を段階的に撤廃する期間中は、勤め先の規模によって被保険者になれる人となれない人が出てくることが予想されます。同様に、既設の個人事業所について当面の間は適用事業所としないとされていますが、新設の個人事業所には適用となるため、公平性には疑義が残ったままです。
　さらに、遺族年金制度については、早くに配偶者を亡くした子のいない女性に対する遺族年金の支給期間が短縮される改正も盛り込まれており、これは男女差の解消という理由も示されているものの、その影響については更なる慎重な審議が求められています。
　このように、政府提出原案には、具体的内容や公平性の観点から問題が多く残っており、賛成することはできません。
　続いて、自民党、公明党、立憲民主党提出の修正案について反対の理由を申し述べます。
　本修正案は、自民党が一旦削除したマクロ経済スライドの同時終了措置を復活させ、一部の減額影響を受ける方への配慮措置を設ける内容です。基礎年金の給付水準を中長期的に改善する部分は評価できるものですが、次回の財政検証が行われる二〇二九年までに内容を検討し、その結果に基づいて措置を講ずることとされており、十分な検討期間がある割には、修正案によって追加された検討項目は極めて限定的で不十分だと言わざるを得ません。
　例えば、五月二十七日に行った厚生労働委員会の参考人質疑では、全ての参考人が、第一号被保険者期間を四十五年まで延長し、基礎年金の基盤を強化する必要性を指摘しました。これを受けて、先日の委員会で、修正案提出者に対し被保険者期間の延長を盛り込むべきと申し上げましたが、会期までの時間がないことを理由に議論は前進しませんでした。
　我々としては、二〇二九年まで時間的猶予があるのであれば、なぜこの国会で成立を急ぐのか理解がしかねます。国民民主党は、臨時国会まで継続審議することも念頭に、十分な審議時間を通して法改正に取り組むべきであることを主張をいたします。
　これに加え、与党と立憲民主党の修正案では明らかになっていない課題も多く存在します。例えば、基礎年金の底上げによって増大する公費負担分の財源確保策、老後不安を抱える就職氷河期世代に対する支援策、第三号被保険者制度の在り方についての検討など、責任ある制度設計の視点や時代の変化に応える抜本的な制度改正の内容を欠いています。
　厚生労働委員会に私たち国民民主党が提出した修正案は、これらの内容を含んだ内容で、次回二〇二九年の財政検証まで十分な期間があることを踏まえ、より包括的な検討規定を整備しようとするものでした。財源確保策、就職氷河期世代への支援、第一号被保険者期間の延長や第三号被保険者制度の在り方の見直し、これらは近いうち検討の蓋然性が必ず高まっていくテーマであることを壇上から改めて主張させていただきます。
　さらに、国民民主党は、年金制度に関わる国庫負担金の財源を安定化させるため、クローバック制度、すなわち、基礎年金受給者の前年度の所得が一般的な必要生計費を大きく上回る場合に国庫負担分の支給額を調整させていただく制度や、二〇二七年から米国でスタートするセーバーズマッチについても、我が国の年金財政の安定化や国民の老後不安解消のために検討していくべきと考えます。
　最後に、今回の法改正は、五年に一度の財政検証を受けて行う重要な機会であります。重要広範議案であるにもかかわらず、参議院選挙への影響を懸念してか法案提出に二の足を踏んだ挙げ句、年金底上げという中心的な政策要素を削除した一連の経過は、自民党の政権政党としての矜持を欠いた行動と思います。大変残念に思います。
　他方、立憲民主党に対しても一言申し上げます。
　様々な委員会で野党の総意を、野党の総意を与党に伝える筆頭の立場を有する野党第一党である皆様が、重要広範議案の審査に当たって、他の野党との協議を横に置き、真っ先に与党との協議に突き進んだ一連の行動には強い違和感を覚えざるを得ません。そして、今朝の与党の採決提案に対し立憲が同調し、委員長職権による強行採決につながったことは大変遺憾と言わざるを得ません。
　国民生活に密着した法案だからこそ、対決より解決の姿勢で、時間に追われ拙速な審議を進めるのではなく、今できることと次の財政検証までにやらなければならないこと、さらに、長期的に取り組まなければならないことを整理した法律として、きちんと、きちんと仕上げるべきです。
　政府原案及び与党と立憲民主党提出の修正案については、法案の中身の不十分さはもとより、立法府として重ねるべき議論が重ねられていないことを指摘し、私の討論を終わります。
　御清聴ありがとうございました。（拍手）"	121705254X03020250530_022	121705254X03020250530_026	121705254X03020250530_013
121705254X03020250530_026	高井崇志	れいわ新選組		"○高井崇志君　れいわ新選組の高井崇志です。（拍手）
　冒頭、一言申し上げます。立憲民主党、おまえもか。古代ローマのカエサルの言葉、ブルータス、おまえもかをほうふつさせる出来事が起こりました。
　先週の党首討論で、立憲民主党の野田代表が、与党第一党と野党第一党で年金法案の修正協議をやりましょうと言い出したときには、腰が抜けるほど驚きました。日本維新の会と国民民主党が繰り広げてきた醜い手柄争い、与党へのすり寄り合戦に、野党第一党までが加わるのかと悲しい気持ちになりました。
　やじを飛ばしておられる新人議員の皆さんは御存じないかもしれませんが、野党第一党にはとてつもなく大きな権限が与えられています。国会運営のほぼ全ては、与党と野党の第一党が交渉で決めるというルールです。強大な権限には、当然、責任も伴います。野党各党の意見をよく聞いて、それをまとめて与党と交渉するという責任です。今回、立憲民主党は、野党第一党の責任を放棄したと言わざるを得ません。
　立憲民主党の修正案は、自民党内で意見が分かれ、引っ込めたものとほぼ同じ内容です。あんパンに例えるのがはやりのようなのでそれに倣えば、自民党はあんこが腐っているかもしれないからあえて入れなかったのに、立憲民主党が入れろと言ってきたので入れることにした。自民党からすれば、こんなおいしい話はありませんよ。もしあんこが腐っていても、立憲民主党のせいにできるんですから。
　立憲民主党が自ら認めているとおり、この法案には幾つもの問題点があります。それを全て時間がないの一言で片づけ、基礎年金の底上げ部分だけを修正する。自らの選挙対策のために法案提出を遅らせた自民党は万死に値しますが、結果として、それをアシストしてしまった立憲民主党も同罪です。
　低所得者ほど給付が下がるマクロ経済スライドは、即刻廃止すべきです。世界に類を見ない二百九十兆円もの巨額の積立金は必要ですか。厚生年金の適用拡大は必要ですが、中小企業の負担軽減策は用意していますか。倒産件数が一万件を超え、三十六か月連続で前年を上回る戦後最長の倒産ドミノが続いているのに、その対策がないまま法案だけ成立させるんですか。最低保障年金の議論はしないんですか。年金の空洞化問題は放置したままですか。
　保険料で足りない分は公費で賄うべきです。与党も野党もマスコミも、何かやろうとするたびに財源示せの大合唱ですが、財源は国債で十分です。財務省やマスコミがばかの一つ覚えで債務残高対ＧＤＰ比がと叫びますが、これ以外の指標は、どれを見ても日本の財政が破綻する予兆はみじんもありません。いいかげん、財源示せの罰ゲームはやめませんか。
　総理は予算委員会で、日本の財政はギリシャより悪いなどと発言しましたが、とんでもない暴言です。一国の総理が自国の国債をおとしめるような発言をするなど言語道断。更迭された江藤元大臣の失言よりも、よっぽど恥ずべき暴言です。江藤氏だけではなく、石破総理も即刻辞めるべきです。
　この議場の半分を超える野党の皆さん、なぜ醜い手柄争いばかりするんですか。党の支持率よりも、三十年続く不況に苦しむ、物価高に苦しむ国民のことを考えませんか。野党がまとまれば、年金を増やすことだって、消費税を減税することだってできるんですよ。衆議院を通して参議院で否決されたら、不信任案を出して解散を迫りましょうよ。年金解散、消費税解散なら、政権交代間違いなしですよ。どうしてやらないんですか。野田代表、やりましょうよ。野田代表が決断すれば、多くの国民は救われるんですよ。やりましょうよ。
　そんな決断もできないなら、結党以来、一貫して消費税廃止を訴え続けているれいわ新選組が先頭に立って政権交代を実現する決意を申し上げ、反対討論を終わります。
　御清聴、誠にありがとうございました。（拍手）"	121705254X03020250530_024	121705254X03020250530_028	121705254X03020250530_013
121705254X03020250530_028	田村貴昭	日本共産党		"○田村貴昭君　私は、日本共産党を代表して、国民年金法等改正案に反対の立場から討論を行います。（拍手）
　物価高騰が国民生活を脅かしている中で、年金生活者の暮らしは特に大きな影響を受けています。その原因は、物価が上がっても年金給付水準は引き上げないとするマクロ経済スライド制にあります。本法案の最大の問題は、このマクロ経済スライドによる年金削減を今後も数十年にわたって続けるとしていることです。
　政府・与党は百年安心の年金と言い続けてきましたが、マクロ経済スライドの導入からこの二十年間で、公的年金の給付水準は実質約一割も削減され、さらに、昨年の財政検証によれば、過去三十年の経済状況が続く前提では、マクロ経済スライドによる給付調整は二〇五二年度まで継続する見込みとされています。その結果、年金給付水準は、現在から実質一五％引き下げられます。多くの年金生活者にとっては年金削減が生涯続くと言っても過言ではなく、国民の年金制度に対する不安感や不信感は増すばかりです。
　マクロ経済スライドの長期化による年金給付水準の低下が大きな問題であることは、党派を超えて広く認識されているところです。しかし、その対策として、自民、立憲、公明による修正は、給付水準低下の原因であるマクロ経済スライドを直ちに止めるものではなく、早期終了の措置を講じたとしても、今後十年以上にわたって実質一〇％削減、年金給付水準が引き下げられていきます。これで果たして真に国民が安心できる年金、暮らせる年金と言えるでしょうか。
　調整期間が長期化することで、現在の受給者や就職氷河期世代の一部にとっては年金の実質価値は生涯減り続け、減らされる年金が若い世代にも引き継がれることになります。このような仕組みは絶対に認めるわけにはまいりません。
　日本共産党は、長引く物価高騰の中で年金生活者の暮らしを守るとともに、現役世代の大幅減額を避けるために、マクロ経済スライドを直ちに停止するための修正案を提出しました。公的年金制度の財政基盤を強化し、マクロ経済スライドを速やかに終了させるためには、厚生年金の積立金を活用し、基礎年金の早期終了の措置を講じた上で、現在年収一千万円が上限となっている厚生年金保険料の上限を医療保険並みに年収二千万円に引き上げる、短時間労働者の更なる適用拡大を行うことがどうしても必要です。
　また、法案は、遺族厚生年金の給付削減、配偶者加算年金の引下げを盛り込んでいます。配偶者に先立たれた遺族や新規年金受給者の生活を不安定化、困窮化させるもので、容認できません。
　この四月に、二〇二四年度の障害年金の不支給が前年度の二倍以上に急増し、約三万人になることが明らかになったと報道されています。収入の少ない障害者にとって、障害年金の可否は死活問題です。年金制度の信頼を揺るがす事態であり、事実関係をきちんと調査、公表し、是正することを求めます。
　公的年金は社会保障の根幹を成す制度でありますが、今回の法改正でも、無年金、低年金の問題は解決されていません。就職氷河期世代など無年金、低年金の方が増加することが懸念されていますが、この問題の解決には最低保障年金制度の創設、導入が不可欠です。国連社会権規約委員会からも、最低年金を公的年金制度に導入することが度々勧告されています。この勧告に応えて、最低保障年金制度の導入に踏み出すべきです。
　以上で討論を終わります。（拍手）"	121705254X03020250530_026		121705254X03020250530_013
121705254X03120250603_004	額賀福志郎	無所属	議長	"○議長（額賀福志郎君）　日程第一、海洋再生可能エネルギー発電設備の整備に係る海域の利用の促進に関する法律の一部を改正する法律案、日程第二、ギャンブル等依存症対策基本法の一部を改正する法律案、右両案を一括して議題といたします。
　委員長の報告及び趣旨弁明を求めます。内閣委員長大岡敏孝君。
　　　　―――――――――――――
　海洋再生可能エネルギー発電設備の整備に係る海域の利用の促進に関する法律の一部を改正する法律案及び同報告書
　ギャンブル等依存症対策基本法の一部を改正する法律案
　　　　〔本号末尾に掲載〕
　　　　―――――――――――――
　　　　〔大岡敏孝君登壇〕"		121705254X03120250603_005	121705254X03120250603_004
121705254X03120250603_005	大岡敏孝	自由民主党・無所属の会		"○大岡敏孝君　ただいま議題となりました両法律案につきまして発言をいたします。
　まず、海洋再生可能エネルギー発電設備の整備に係る海域の利用の促進に関する法律の一部を改正する法律案について、内閣委員会における審査の経過及び結果を御報告します。
　本案は、二〇五〇年カーボンニュートラルの実現のため、我が国の排他的経済水域における海洋再生可能エネルギー発電設備の設置の許可に関する規定を設ける等の措置を講じるものです。
　本案は、参議院先議に係るもので、去る五月二十七日本委員会に付託され、翌二十八日坂井国務大臣から趣旨の説明を聴取いたしました。次いで、三十日に質疑を行い、質疑終局後、採決しましたところ、本案は全会一致をもって原案のとおり可決すべきものと決しました。
　なお、本案に対し附帯決議が付されました。
　以上、御報告します。
　次に、ギャンブル等依存症対策基本法の一部を改正する法律案について、提案の趣旨を御説明します。
　本案は、違法オンラインギャンブル等をめぐる問題が深刻な状況にあることに鑑み、国内にある不特定の者に対し違法オンラインギャンブル等ウェブサイトを提示する行為等を禁止するとともに、違法オンラインギャンブル等を行うことが禁止されている旨の周知徹底を図るための措置が講じられることを明記するものです。
　本案は、去る三十日の内閣委員会において、賛成多数をもって委員会提出の法律案とすることに決しました。
　なお、オンライン上で行われる違法賭博問題への対策に関する件を本委員会の決議として議決したことをつけ加えます。
　以上、速やかに御賛同くださいますようお願いいたします。（拍手）
　　　　―――――――――――――"	121705254X03120250603_004		121705254X03120250603_004
121705254X03220250605_007	藤丸敏	自由民主党・無所属の会		"○藤丸敏君　ただいま議題となりました自殺対策基本法の一部を改正する法律案について、厚生労働委員会における審査の経過及び結果を御報告申し上げます。
　本案は、子供の自殺が増加している状況等に鑑み、所要の措置を講じようとするもので、その主な内容は、
　第一に、子供に係る自殺対策が、社会全体で取り組むことを基本として、行われなければならないこと等を基本理念に明記すること、
　第二に、学校は、基本理念にのっとり、関係者との連携を図りつつ、子供の自殺の防止等に取り組むよう努めるものとすること、
　第三に、心の健康の保持に係る教育及び啓発の推進等の基本的施策を拡充すること、
　第四に、地方公共団体は、子供の自殺の防止等について必要な情報の交換及び協議を行う協議会を置くことができるものとすること
等であります。
　本案は、参議院提出に係るもので、去る四月十六日本委員会に付託され、昨日、柘植参議院厚生労働委員長から趣旨の説明を聴取し、質疑を行った後、採決の結果、本案は全会一致をもって原案のとおり可決すべきものと議決した次第であります。
　以上、御報告申し上げます。（拍手）
　　　　―――――――――――――"			121705254X03220250605_007
121705254X03320250610_007	額賀福志郎	無所属	議長	"○議長（額賀福志郎君）　日程第一、スポーツ基本法及びスポーツにおけるドーピングの防止活動の推進に関する法律の一部を改正する法律案を議題といたします。
　委員長の趣旨弁明を許します。文部科学委員長中村裕之君。
　　　　―――――――――――――
　スポーツ基本法及びスポーツにおけるドーピングの防止活動の推進に関する法律の一部を改正する法律案
　　　　〔本号末尾に掲載〕
　　　　―――――――――――――
　　　　〔中村裕之君登壇〕"		121705254X03320250610_008	121705254X03320250610_007
121705254X03320250610_008	中村裕之	自由民主党・無所属の会		"○中村裕之君　ただいま議題となりました法律案につきまして、提案の趣旨を御説明申し上げます。
　本案は、スポーツを取り巻く環境の変化に対応するため、スポーツ基本法について、前文及び基本理念の見直し、地方スポーツ推進計画に係る規定の整備、基本的施策の拡充等の措置を講ずるとともに、スポーツにおけるドーピングの防止活動の推進に関する法律について、国等が連携を図る関係者として一般社団法人日本スポーツフェアネス推進機構を明記するものであります。
　本案は、去る六月六日、文部科学委員会において、全会一致をもって委員会提出の法律案とすることに決したものであります。
　何とぞ速やかに御賛同くださいますようお願い申し上げます。（拍手）
　　　　―――――――――――――"	121705254X03320250610_007		121705254X03320250610_007
121705254X03320250610_014	藤丸敏	自由民主党・無所属の会		"○藤丸敏君　ただいま議題となりました社会保険労務士法の一部を改正する法律案について、提案の趣旨及び内容を御説明申し上げます。
　本案は、最近における社会保険労務士制度を取り巻く状況の変化に鑑み、社会保険労務士の使命を明らかにする規定を設けるとともに、社会保険労務士の業務に労務監査が含まれることを明記するほか、社会保険労務士が裁判所に共に出頭することとされている弁護士の地位を代理人に改める等の措置を講じようとするものであります。
　本案は、去る六月六日の厚生労働委員会において、賛成多数をもって委員会提出法律案とすることに決したものであります。
　何とぞ、御審議の上、速やかに可決いただきますようお願い申し上げます。（拍手）
　　　　―――――――――――――"			121705254X03320250610_014
121705254X03320250610_017	額賀福志郎	無所属	議長	"○議長（額賀福志郎君）　日程第三、外国為替及び外国貿易法第十条第二項の規定に基づき、北朝鮮を仕向地とする貨物の輸出及び北朝鮮を原産地又は船積地域とする貨物の輸入につき承認義務を課する等の措置を講じたことについて承認を求めるの件を議題といたします。
　委員長の報告を求めます。経済産業委員長宮崎政久君。
　　　　―――――――――――――
　外国為替及び外国貿易法第十条第二項の規定に基づき、北朝鮮を仕向地とする貨物の輸出及び北朝鮮を原産地又は船積地域とする貨物の輸入につき承認義務を課する等の措置を講じたことについて承認を求めるの件及び同報告書
　　　　〔本号末尾に掲載〕
　　　　―――――――――――――
　　　　〔宮崎政久君登壇〕"			121705254X03320250610_017
121705254X03420250612_003	大岡敏孝	自由民主党・無所属の会		"○大岡敏孝君　ただいま議題となりました両法律案につきまして、内閣委員会における審査の経過及び結果を御報告します。
　まず、独立行政法人男女共同参画機構法案は、男女共同参画社会の形成の促進に関する施策に係る関係者相互間の連携及び協働の促進等を行うことにより、当該施策の推進を図り、もって男女共同参画社会の形成の促進に寄与することを目的とする独立行政法人男女共同参画機構を設立するものです。
　次に、独立行政法人男女共同参画機構法の施行に伴う関係法律の整備等に関する法律案は、独立行政法人男女共同参画機構法の施行に伴い、男女共同参画社会基本法において男女共同参画社会の形成の促進に関する施策を推進するための機関としての独立行政法人男女共同参画機構の役割を定めるほか、関係法律の規定の整備等を行うものです。
　両法律案は、去る六月五日本委員会に付託され、翌六日三原国務大臣から趣旨の説明を聴取しました。次いで、十一日に質疑を行い、質疑終局後、討論を行い、採決しましたところ、両案はいずれも賛成多数をもって原案のとおり可決すべきものと決しました。
　なお、両法律案に対し附帯決議が付されました。
　以上、御報告します。（拍手）
　　　　―――――――――――――"		121705254X03420250612_005	121705254X03420250612_003
121705254X03420250612_005	市村浩一郎	日本維新の会		"○市村浩一郎君　日本維新の会の市村浩一郎です。
　会派を代表し、独立行政法人男女共同参画機構法及び独立行政法人男女共同参画機構法の施行に伴う関係法律の整備等に関する法律案に反対の立場から討論いたします。（拍手）
　まず申し上げますが、日本維新の会は、男女共同参画社会の形成は非常に重要であると考えております。男女共同参画社会の実現は、我が国の潜在能力を引き出し、地方を再生させ、ひいては持続的な経済成長を実現するための最重要戦略であり、男女共同参画社会の実現に向け、単なる理念としてではなく、真に実効性のある政策を実現していくべきであると考えています。
　その上でなお、両法案に反対する三つの理由を述べます。
　まず第一に、独立行政法人国立女性教育会館、略称はＮＷＥＣといいますが、ＮＷＥＣの成果や反省点について、政府は十分に評価を行えていません。その上、新しく設置する法人についても、明確な目標設定はなされていないという点です。
　政府として、ＮＷＥＣがそのコストに見合う十分な成果を上げてきたか、また、新たな法人には具体的にどのような成果を求め、それをどのように評価するのか、客観的に評価できるような数値目標を設定しているのか。こうしたことについて、我々は委員会等で質疑をしてきましたが、納得できるような答弁はいただけませんでした。
　日本維新の会は、従前より、無駄な独立行政法人は廃止すべきと考えています。投入するコストに見合う成果を上げられない、求められる役割を果たせないような独法であれば、存続させる意味はありません。そうした点について十分な説明ができないようであれば、その在り方を見直し、廃止や民営化も視野に検討すべきです。
　ＮＷＥＣ及び新法人については、投入するコストに対する目標設定もできておらず、その成果についても評価する枠組みがありません。こうした法人に公金を投入し続けるのは、国民負担をいたずらに増大させるものだと言わざるを得ません。
　第二に、ＮＷＥＣを廃止し、新機構を設立する合理的な根拠は乏しいという点です。特に、新機構が行う業務は、独立行政法人でなければ行えないというものではありません。
　条文上は、ＮＷＥＣは女性教育の振興を図るものであり、新たな機構は男女共同参画施策の推進を図るものという違いがあるとされています。しかしながら、現在のＮＷＥＣは、女性教育にとどまらず、男性や若年層も対象に幅広い事業を展開しています。また、国、地方公共団体、関係者との連携強化を図りつつ、国内外のネットワーク形成を推進し、男女共同参画社会の実現を目指しています。
　そうであれば、わざわざ新しい独法として設置する必要性はどこにあるのでしょうか。現行の国立女性教育会館法を改正するのではなく、新法人を設立しようとしている理由は、ＮＷＥＣを廃止し、新法人への資産の継承の中で、ＮＷＥＣの負債を国が負担することにほかなりません。事業の失敗によって発生した負債を国につけ替え、税金で返済することは、国民負担を増大することにつながるわけでありまして、この物価高の中、そのような事態を決して容認することはできません。
　また、新たな機構が果たす役割は独法という形でなければ果たせないものなのか、十分な検討がなされたとは思えません。例えば、内閣府男女共同参画室の中の部局として、全国の男女共同参画センターへの司令塔機能を果たすことも十分に可能なのではないのでしょうか。
　第三に、宿泊研修機能を持たなくなるのであれば、法人を交通の便の悪い埼玉県嵐山町に存置する必要はないということであります。
　ＮＷＥＣは、都会の喧騒から離れて落ち着いて学習できるとして嵐山町に開設されました。しかし、宿泊施設、レストランの利用提供は、この四月で既に終了しています。また、整備方針の中では、宿泊施設を撤去すべく、新法人設立後速やかに関連工事に着手することを目指すとされています。宿もない、食事もないという状況で、なお新たな独法を嵐山町に存置する必要性は全くございません。
　収蔵資料の利用者にとっても、新機構から全国に派遣される職員にとっても、交通アクセスが決してよいとは言えないこの地が適当とは思えません。せめて飛行機や新幹線によるアクセスが容易な場所、すなわち、全国から来やすく、全国に行きやすいような場所に設置すべきではないでしょうか。
　なお、我々は両法律案に反対の立場ですが、現在のＮＷＥＣをそのまま存続させるべきとは全く考えていません。例えば、資料の大学等研究機関への移管、施設や土地の処分など、数年間かけてＮＷＥＣの廃止に向けた実務を行い、内閣府男女共同参画室の中の部局として、全国の男女共同参画センターへの司令塔機能を果たしていくのが望ましいのではないかと考えています。
　以上三点が反対の理由となりますが、我々は、男女共同参画社会の形成は非常に重要であると考えております。多様な人材が活躍するためには女性の視点が重要で、特に、意思決定の場面で女性の参画は必要不可欠です。
　しかしながら、ジェンダー平等という言葉は飛び交いますが、現にこの政治の分野で女性の割合がなかなか変わらないことが、まだまだ日本社会に問題が残っていることを物語っています。女性の社会活躍のための課題を取り払い、性別にかかわらず、誰もが自由に能力を発揮し、選択できる機会を保障することにしっかり取り組むべきであり、政治は最大限に後押しする必要がありますし、そのために真に必要な法人を本気でつくるんだという覚悟が分かれば、我々は全力で協力する所存でございます。
　今回の法案の提出に当たって、当然、政府で長い時間をかけて議論をしてきたことでしょう。しかしながら、今回のように、知恵を絞らず、利権を守るとも捉えかねない拙速な組織改編は、協力に値するものではありません。結果として、内容が、過去の総括も不十分、将来の目標も不十分なものとなっている以上、政府で行ってきた準備は不十分なものと言わざるを得ません。
　せっかく新たな法人として設置するのであれば、効率的に機能し、国民負担をいたずらに増大させないものでなければなりません。そのためには、まずは目指すべき男女共同参画社会のビジョンを確立し、その実現のために、新たな組織に何を求めるのか、どういった目標を立て、それをどのように評価するのか。また、コストに見合う成果を上げられない、求められる役割を果たせないような法人となった場合は、他の機関との統合、業務の民間委託や組織の民営化も含めた検討をするのか。そうした道筋まで含めた組織の在り方について議論をし、ビジョンを共有した上で、抜本的な見直しをすべきと考えます。
　そして、そのような見直しを一つ一つ積み重ね、一円でも多く無駄に使われる国費を減らし、それらを次世代に投資することが、国民の代表たる我々国会議員が実現すべき責務であります。
　進めるべきことは進める、見直すべきことはとことん見直す。日本維新の会は徹底的な行財政改革を有言実行する政党であることをいま一度皆様にお伝えし、反対討論といたします。
　御清聴ありがとうございました。（拍手）"	121705254X03420250612_003	121705254X03420250612_007	121705254X03420250612_003
121705254X03420250612_007	上村英明	れいわ新選組		"○上村英明君　れいわ新選組の上村英明です。
　私は、男女共同参画機構法案及び同整備法案につき、反対の立場から討論いたします。（拍手）
　昨今、この衆議院で通過する法案には共通の特徴があります。対象となる組織の機能強化を図るという表看板と裏腹に、その組織の弱体化が図られ、それが日本の民主主義や人権の後退に拍車をかけています。本二法案もその特徴を共有する法案で、女性活躍や男女共同参画政策の充実強化を図るものとは残念ながら思えません。
　本日、二〇二五年度のＧＧＩ、ジェンダーギャップ指数、これは男女の平等、参加度を測る指標ですけれども、が発表されました。日本は百四十八か国中百十八位でしたが、一点を満点とする四つの指標のうち、政治参画、いわゆる政治分野における女性の参加度を測る指数は、去年の〇・一一八から後退して〇・〇八五でした。更に悪化しています。こうした致命的な数字が国際評価を下げ、また、国内でも様々な分野に連動する形で男女共同参画推進の障害に重なっています。
　その意味では、女性政策は極めて重要であります。
　今回、国立女性教育会館に代わって新設される男女共同参画機構を拠点に、全国の男女共同参画センターをネットワーク化し、特にオンラインやテレワークを使ってその施策を中央から地方に拡散する政策の構造は、コロナ時代をほうふつとさせる時代錯誤的なものであります。ＧＧＩ指標に象徴されるように、女性の課題は依然としてナショナル、つまり国の規模で議論しなければいけないものが多く、こうした課題に向き合うには、ソフトばかりではなく、様々な関係者が対面で活発に議論を交わす宿泊研修施設、いわゆるハードも不可欠です。
　しかし、本法案には、財政事情を理由に、大規模な宿泊研修施設の一方的な撤去が盛り込まれました。これは、国が様々な公共施設を解体してきた構造と同じです。
　他方、財政支援の面でも同じことが言えます。ＮＷＥＣに対する交付金は、二〇〇一年以来削減されてきました。二〇二四年度の交付金は、二〇〇一年の交付金の六六％しかありません。こうした財政的な支出が不十分なことが、今回の財政問題を議論する前提となってきました。
　法案の目的は男女共同参画施策の機能強化を図ることですが、この法案は、むしろ、女性に対する言論や表現の場を奪う人権侵害を起こすことが懸念されます。"	121705254X03420250612_005	121705254X03420250612_009	121705254X03420250612_003
121705254X03420250612_009	上村英明	れいわ新選組		○上村英明君（続）　よって、本法案には賛成できないことを表明し、れいわ新選組を代表して、反対討論といたします。（拍手）	121705254X03420250612_007	121705254X03420250612_011	121705254X03420250612_003
121705254X03420250612_011	塩川鉄也	日本共産党		"○塩川鉄也君　私は、日本共産党を代表して、独立行政法人男女共同参画機構二法案に反対の討論を行います。（拍手）
　本法案は、政府が二〇二四年七月、国立女性教育会館の研修棟、宿泊棟、体育施設の撤去を目指すと表明したことを具体化するものです。現行の国立女性教育会館法を廃止し、新たに設置する男女共同参画機構には研修施設の設置を義務づけないこととしています。法案は、新たな機構を男女共同参画社会の形成を促進する中核的な機関、ナショナルセンターと規定し、自治体が設置する男女共同参画センターを初めて法律上に位置づけるなどの積極面が盛り込まれていますが、研修施設をなくすことは容認できません。
　国立女性教育会館は、一九七七年、国立としては唯一の女性教育を担う施設として埼玉県嵐山町に設置されました。その契機となったのは、国連が女性の地位向上を目指して提唱した国際婦人年である七五年に第一回世界女性会議が開催され、各国が取るべきガイドラインとなる世界行動計画が採択されたことです。女性の権利拡充を求める歴史的な市民運動の盛り上がりに押され、長年にわたる婦人団体や婦人教育関係者の要望を受けて設置されたのが国立女性教育会館です。
　この会館の研修棟、宿泊棟は、会館が主催する対面での研修の会場として、また市民運動の活動の場として、全国からジェンダー平等に携わる者が集い、共に学び合う貴重な交流の場となってきました。二〇〇一年に独立行政法人化した後、何度も廃止や統廃合の議論が行われてきましたが、そのたびに運動によって守ってきたものです。
　研修棟を設置する法的義務を廃止することは、市民運動と行政活動の両面からジェンダー平等を進めるという機構の機能を後退させるものです。市民団体やジェンダー問題に取り組む有識者から出されている強い批判の声を無視して推し進めるなど許されません。
　政府は、施設の維持管理に予算がかかることを廃止の理由に挙げていますが、国からの運営費交付金は、二〇〇一年度の七億二千四百万円から二四年度には四億七千九百万円まで、三割も削減されています。会館の役割を軽視し、予算を削減してきた政府の姿勢こそ改めるべきであります。
　本日、世界経済フォーラムが発表した二〇二五年版ジェンダーギャップ報告によれば、日本の男女平等度は、百四十八か国中百十八位という極めて低い水準です。政府の姿勢の反映ではありませんか。
　憲法と女性差別撤廃条約に基づいてジェンダー平等を進める国立女性教育会館は、拡充こそ必要であり、ジェンダー平等を進めるナショナルセンターとしての機能を発揮できるよう、十分な財政措置を行うことこそ国の責任だということを指摘をし、反対討論を終わります。（拍手）"	121705254X03420250612_009		121705254X03420250612_003
121705254X03520250618_000	会議録情報			"令和七年六月十八日（水曜日）
　　　　―――――――――――――
　議事日程　第三十三号
　　令和七年六月十八日
　　　　午後一時開議
　第一　手話に関する施策の推進に関する法律案（参議院提出）
　　　　―――――――――――――
○本日の会議に付した案件
　財務金融委員長井林辰憲君解任決議案（笠浩史君外六名提出）
　財務金融委員長の選挙
　日程第一　手話に関する施策の推進に関する法律案（参議院提出）
　　　　午後一時二分開議"		121705254X03520250618_002	121705254X03520250618_000
121705254X03520250618_002	鈴木隼人	自由民主党・無所属の会		"○鈴木隼人君　議事日程追加の緊急動議を提出いたします。
　笠浩史君外六名提出、財務金融委員長井林辰憲君解任決議案は、提出者の要求のとおり、委員会の審査を省略してこれを上程し、その審議を進められることを望みます。"	121705254X03520250618_000	121705254X03520250618_006	121705254X03520250618_000
121705254X03520250618_006	稲富修二	立憲民主党・無所属		"○稲富修二君　立憲民主党・無所属の稲富修二です。
　私は、会派を代表して、立憲民主党・無所属、日本維新の会、国民民主党・無所属クラブ、参政党、日本保守党が提出した財務金融委員長井林辰憲君解任決議案について、提案の趣旨を説明いたします。（拍手）
　まず、決議の案文を朗読します。
　　本院は、財務金融委員長井林辰憲君を解任する。
　　　右決議する。
　　　　〔拍手〕
以上であります。
　現在、世界的な原材料、エネルギー高、円安などの影響により、国民生活は、米などの食料品を始めとして、かつてない物価高にさらされております。とりわけ、ガソリン価格の高騰は、車が必須の交通手段となっている地方在住の方々を始め、流通などの事業者の方々に対しても極めて深刻な影響を与えております。中東情勢の緊迫化によるガソリン価格の更なる高騰も懸念をされます。
　こうした苦境にあえぐ国民の声に真摯に耳を傾け、物価高から国民生活を守り抜くことが政治の使命であることは論をまちません。
　ガソリンの暫定税率は、一九七四年以降、道路財源の確保のための一時的な措置として、一リットル当たり二十五・一円上乗せされてきました。二〇〇九年に一般財源化されてからは、本来の役割を失いましたが、今日まで実に五十年以上にわたり国民に負担を求めてきました。特に、物価の高騰が続き、国民生活に大きな影響を与えている今、課税根拠を失った暫定税率は一刻も早く廃止しなければなりません。
　暫定税率廃止に向けて、日本維新の会や国民民主党など野党各党は働きかけをしてきました。我が党は、今年三月三日、国民民主党とともにガソリン暫定税率廃止に特化した所得税の修正案を提出し、質疑をいたしました。また、ガソリン暫定税率廃止法案を、今年四月十八日に衆議院に提出をしております。
　他方、与党も、ガソリン税の暫定税率廃止については表明をしております。国民生活への影響を考えれば緊急に対応する必要があるにもかかわらず、今に至るまで極めて消極的な姿勢を取り続けており、具体的な実施に向けた協議がなされているとは言い難い状況が続いております。廃止の具体的な時期について、明言を避けてきました。
　こうした状況を打破すべく、国民生活を守るという当然の使命を全うするため、去る六月十一日、立憲民主党、日本維新の会、国民民主党、日本共産党、参政党、日本保守党、社会民主党の七党共同により、暫定税率分を廃止すべく、いわゆるガソリン暫定税率廃止法案を提出するに至りました。そして、同日財務金融委員会に付託をされました。
　そのことを受け、十三日、理事懇談会において、与党に対し、財務金融委員会での質疑、採決を求めましたが、与党側は極めて後ろ向きな対応に終始をいたしました。拙速な進め方には応じられない、実務者協議での法案の説明が必要であるなどとして、委員会の開催を受け入れませんでした。同十三日には、翌週十六日月曜の与党実務者への説明と理事懇談会仮置きが決まりました。
　今週十六日、与党の求めに応じ、与党の実務者に対して、立憲、維新、国民三党の政調会長がガソリン暫定税率廃止法案の説明をいたしました。一時間以上にわたり質問にも丁寧に答えましたが、与党側の出席者は口頭の説明では不十分だから文書で提出してほしいなど、法案審議に進むどころか、会期末まで交渉を引き延ばすための時間稼ぎをしているとしか思えない態度に終始をいたしました。
　その後開催されるはずの理事懇談会は、与党側から拒否をされました。本来は、委員長が公正中立な立場から開催に向け努力すべきでしたが、理事懇すら開かれませんでした。まさに与党による審議拒否であります。
　与党側から、今回の法案提出は唐突だとの批判が聞かれます。しかし、これは言いがかりにすぎません。
　そもそも、昨年十二月十一日には、自民、公明、国民三党の幹事長合意で、いわゆるガソリンの暫定税率は廃止すると明確に確認をされておられます。この時点から、与党にもガソリンの暫定税率を廃止する責任が生じていたはずです。にもかかわらず、全く進展は見られませんでした。
　我々立憲民主党は、令和七年度予算及び税制改正法案の審議の際、修正案の形で暫定税率の廃止を政府・与党に迫りましたが、廃止に賛成しているはずの与党議員からは、なぜか否定的な質疑が相次ぎました。
　国民が物価高で苦しむ中、この半年間、暫定税率廃止のために与党は一体何をしてきたのでしょうか。自分たちで結論を先送りしておきながら、いざ野党が結束をし法案を提出し、可決が見込まれる状況になったら唐突などと言い始めるのは、ガソリン暫定税率廃止実現に向けて、むしろ、自らの怠慢を白日の下にさらしているようなものです。本当にやる気があるとは思えません。
　財源について一言申し上げます。ガソリン暫定税率廃止になると殊更に財源論を振りかざす与党に、強い違和感を持ちます。与党自身が財源なき減税を繰り返してきていることは、事実として指摘しておかなければなりません。
　例えば、令和七年度税制改正において行われた基礎控除、給与所得控除等の引上げ、つまり所得税減税については、約六千億円の減収が生じるにもかかわらず、与党の税制改正大綱の中で、特段の財源確保措置を要しないと整理されました。加えて、与党修正により追加された基礎控除の上乗せ特例により更に六千億円の減収が生じる見込みですが、この分の財源も現時点で確保できていません。
　また、賃上げ促進税制は、総務省の政策評価において最低の評価を受けているにもかかわらず、これまで数度にわたって拡充されてきており、直近、二〇二三年度の減収額は約七千三百億円に上りますが、特段の財源を求めなかったと主税局長が答弁しております。
　この間、累次にわたり行われてきた法人税減税についても、必ずしも減税分の財源を確保しているわけではないということが明らかになっています。特に、平成十一年度税制改正における恒久的減税の一環として実施された法人税率引下げに伴う一・七兆円の減収については、全く財源を確保していませんでした。
　また、政府・与党は、令和六年には、一度だけの国、地方合わせて約三・二兆円に及ぶ定額減税を、多大な事務負担をかけて実施しました。これからまた、所得制限なく一人二万円の現金給付を実施する予定とのことであります。効果も見極めることなく、一度だけならばらまいていいという意味が、私には到底理解できません。
　財源なき減税を繰り返し、一度であれば気前よくばらまく、しかし、他党の減税案に対しては財源論を振りかざす、このような一貫性のない御都合主義の財源論にくみするつもりはありません。我々に財源確保を求める前に、自らの過去の言動を顧みるべきではないでしょうか。
　そもそも、我が党は、令和七年度予算の修正案を提出した時点から、具体的に財源を示し続けてきています。財源の在り方についてもし反論あれば、財務金融委員会で議論しようではありませんか。
　今週十六日、野党三党の政調会長からの与党実務者への説明後、ガソリン暫定税率廃止法案について、委員会開催はおろか、与野党間で話し合う理事懇談会の開催すら与党は打ち切りました。全くの門前払いであり、与党の審議拒否であります。野党七党提出という重みを理解すれば、このような対応にはならなかったはずであります。
　拙速性にしても、財源論にしても、実現性にしても、与党が仮に疑問に思うならば、それは委員会で質疑を通じてただすべきことではありませんか。審議拒否をする理由にはなりません。仮に、納得できないことを理由に審議拒否をするならば、それは与党による事実上の事前審査です。野党提出法案の事前審査をする権限は、与党に与えられておりません。
　もし野党提出法案が駄目というならば、委員会において堂々と審議してはいかがでしょうか。そして、それを議事録に残してはいかがでしょうか。議論を通じ賛同者を増やし、委員会や本会議場において否決すればいいではありませんか。
　法案が委員会に付託されたにもかかわらず、また、定例日があるにもかかわらず、説明が足りない、唐突である、実現が難しいなど言い募って、問題点をあげつらえば法案審議にすら入れなくなるという悪例をつくり、議会史に大きな汚点を残すことになります。
　会期末時間切れを狙い、委員会の定例日を無視し、理事懇を開かない、委員会を開かない、このようなこそくな手段で法案審議から何としてでも逃げ切ろうとする与党には、残念ながら、言論の府を守ろうとする気概が感じられません。堂々の政策論議を望むものであります。
　十六日、審議拒否を続ける与党では委員会開会が期待できないことが明らかとなったため、衆議院規則六十七条にのっとり、井林委員長に対し、財務金融委員会の開会要求書を提出いたしました。同六十七条二項には、「委員の三分の一以上から要求があつたときは、委員長は、委員会を開かなければならない。」とあります。財務金融委員会の過半数を超える、野党全ての会派二十一名から要求をいたしました。
　委員長は、本来、公正中立の立場から、与野党の理事を中心に審議日程の調整を行い、委員会を開催し、同法案の審議ができるように最大限の努力をすべきでありました。衆議院規則に基づき、我々の要求に沿って定例日に委員会を開催すべきでした。しかしながら、委員長はそうした努力を怠り、結局のところ委員会を開催しませんでした。結果として、付託された法案を審議拒否する与党に加担をしたことになります。
　井林辰憲委員長の下では、野党七党提出のガソリン暫定税率廃止法案の審議入りすらできないことが明らかになった以上、財務金融委員長の任にあらずと言わざるを得ません。
　仮に本解任決議案が賛成多数となり、常任委員長が解任となれば、衆議院の憲政史上初めてのこととなります。昨年の衆議院選挙の結果、少数与党に転落したことに対する与党の現状認識の欠如は、極めて深刻と言わざるを得ません。
　財務金融委員長を選び直し、新たな委員長の下で暫定税率廃止の議論を進めるために、現委員長の解任に御賛同を賜らんことをお願いをして、提案理由の説明を終わります。
　ありがとうございました。（拍手）
　　　　―――――――――――――"	121705254X03520250618_002	121705254X03520250618_008	121705254X03520250618_000
121705254X03520250618_008	深澤陽一	自由民主党・無所属の会		"○深澤陽一君　自由民主党・無所属の会の深澤陽一です。
　私は、自由民主党並びに公明党を代表し、ただいま議題となりました財務金融委員長井林辰憲君解任決議案に対し、反対の立場から討論をいたします。（拍手）
　野党による理由なき解任決議案提出は、自ら標榜した熟議の国会を自ら破壊する暴挙です。多数を取っても何も変わらない野党の姿に、国民はあきれ果てております。
　そして、何より申し上げたいのは、私たち自由民主党、公明党は、ガソリン暫定税率を明確に廃止する立場です。野党の皆さんと違うのは、選挙目当てのアピールではなく、パフォーマンスではなく、責任ある与党の立場で、ガソリン暫定税率を実際に廃止できるよう、来年の税制改正に向けて取り組んでいるところです。
　以下、解任決議案に反対する理由を申し述べます。
　野党六会派がいわゆるガソリン暫定税率廃止法案を提出したのは、六月十一日水曜日の夕方でした。十三日金曜日には、財務金融委員会の理事懇談会で法案の扱いを協議いたしました。この間、井林委員長は、与野党の協議を尊重して委員会を運営しました。そもそも、審議入りをめぐる協議の段階で、井林委員長に何の瑕疵があるのでしょうか。
　むしろ、非難されるべきは、十三日の理事懇談会で、十七日火曜日に法案の趣旨説明から質疑、採決まで一気に行うという、数の力に頼んだ横暴な審議日程を要求した野党の方ではありませんか。
　それ以上に許せないのは、野党のガソリン法案のずさんな内容と提出時期です。
　六月十六日月曜日の与野党の実務者協議で、野党は自分たちが出した法案について聞かれても、まともに答えられませんでした。挙げ句に、回答内容は国会の答弁で示すと逃げを打ち、答えがおぼつかないので書面での回答を求めると、国会で答弁すれば会議録に残るから、書面で回答したようなものだと煙に巻く。野党の実務者の皆さんは、この法案が欠陥だらけだと実は気づいているのではないでしょうか。
　私たちは、野党との三党協議に誠意を持って臨んできました。しかし、選挙が近くなった途端、協議をかなぐり捨て、唐突に法案が国会の閉会間近に提出されました。実務者協議で明らかになったように、欠陥だらけの野党のガソリン法案は、国会での審議に堪えられる代物ではありません。
　十分に審議もできないまま、約二週間後の七月一日から施行できると本気で思っていますか。こんな法案が通ったら、財源はどうするのですか、関係する事業者はどうなりますか。国民生活に混乱を来すことは必至です。数の力で欠陥だらけの予算関連法案を通したら、国を危うくしませんか。まさに究極のポピュリズム法案ではありませんか。
　少数だが与党である重たい責任を、私たちは担ってきました。無責任な野党の皆さんに振り回されて、本当に大変だった。でも、それは、昨年の総選挙での今の与党に過半数は与えられないという国民の審判の結果だと真摯に受け止めて、責任を全うしようと今日まで努力してきました。
　一方、野党の皆さんは、多数を担う責任と向き合っていますか。野党がまとまれば何でも通ると見えを切ったのにいつまでもまとまらず、最後にまとまったと思ったら、出してきたのがこのずさんなガソリン法案と道理のない解任決議。これが本当にやりたかったことですか。
　今の混沌とした国会は、迷走する野党を映す鏡のようです。国民の失望を満身の怒りに変え、本解任決議案に断固反対していただくようお願い申し上げ、私の討論とさせていただきます。
　ありがとうございました。（拍手）"	121705254X03520250618_006	121705254X03520250618_010	121705254X03520250618_000
121705254X03520250618_010	櫻井周	立憲民主党・無所属		"○櫻井周君　立憲民主党の櫻井周です。
　会派を代表して、議題となりました財務金融委員長井林辰憲君解任決議案に賛成の討論をいたします。（拍手）
　日本の物価は三年連続で二％を大きく上回っています。総務省が公表する消費者物価指数のうち、直近の四月は前年同月比で三・六％の上昇でした。中でも食料品とエネルギーの物価が上昇しており、家計を圧迫しております。
　立憲民主党は、国民の切実な声に応えるべく、ガソリン暫定税率廃止法案を野党七党共同で提出いたしました。
　今回、解任決議案を提出した理由は、衆議院規則六十七条二項に基づいて委員会の開会の要求があったにもかかわらず、財務金融委員長がこの法案の審議入りを拒否していることです。また、その背景として、自民党がこの法案の審議入りに対して消極的であることが挙げられます。
　自民党の森山裕幹事長は、記者会見で、余りにも唐突ではないかと発言しました。そもそも、昨年十二月十一日には、自民党、公明党、国民民主党の三党の幹事長が、いわゆるガソリンの暫定税率は廃止すると合意しました。今になって唐突と言われても、国民の方が唐突と感じるのではないでしょうか。
　私たち立憲民主党は、令和七年度予算及び税制改正法案の審議の際に、ガソリン暫定税率の廃止を修正案として提案し、同案は委員会において審議に付されております。したがって、決して唐突ではありません。
　唐突といえば、今年の予算審議の最終盤の二月二十八日金曜日になって、与党の自民党と公明党が所得税法一部改正法案の修正案を提出してきたことです。これこそ、唐突です。そして、週明けの三月四日に採決を求めてきましたが、与党修正案の質疑時間はたったの二十五分間でした。このような唐突でむちゃくちゃな委員会運営に対しても、我々立憲民主党会派は、年度末が迫っている状況に鑑み、審議に協力してまいりました。
　自民党からは、財源が確保できていないとの指摘がありました。
　私たち立憲民主党は、令和七年度予算案の修正案の中でも財源を示してまいりました。また、今回の法案提出でも財源は示しております。質問していただければしっかりと答弁いたしますので、是非とも委員会を開会しましょう。
　自民党からは、議員立法について、自民党が単独過半数を持っていても野党の了解を得ながら進めてきた、野党が過半数を持っているからと進めるのは乱暴との指摘がありました。
　ガソリン暫定税率廃止については自民党も合意していることでございますし、そして、今の反対討論でもガソリン暫定税率廃止と言っておられましたので、乱暴との指摘は当たりません。
　自民党からは、税制を大きく変更するものだから、まずは政党間協議で進めるべきとの指摘がありました。
　そもそも政策協議は、委員会において国民に公開される形で行うべきものです。税制を審議するための財務金融委員会ですから、開会して税制についてしっかりと協議をしましょう。
　国民が物価高で苦しむ中、この半年間、自民党の皆さんは一体何をしてきたのでしょうか。自民党は、ガソリン暫定税率廃止と言いながら、そして先ほども反対討論の中でそうおっしゃいました、しかし、その結論を先送りしてきました。いざ野党が結束して法案を提出し、可決が見込まれる状況になったら審議拒否。これでは与党の責任を全く果たせていません。
　私たち立憲民主党は、国民の生活を救うために、一刻も早い本法案の審議入りを強く求めます。財務金融委員長がその職責を放棄し、審議を妨害し続けるのであれば、国民の負託を受けた国会議員として、その責任を明確に問い、解任を求めることは当然です。そして、新たな委員長の下、国民のための政治を取り戻してまいります。
　結びになりますが、本日、こうして井林委員長の解任決議案に賛成の討論をすることに、実は一抹の寂しさがございます。というのも、井林委員長とは、同じ大学の出身であり、委員会などでも御一緒することが多く、この本会議場では隣同士の議席になったこともございました。そうした中で、井林委員長は飾らない人柄であり、物事の本質を率直に語られるということで、尊敬申し上げてまいりました。
　井林委員長におかれましては、自民党の審議拒否に加担するのではなく、自分の思いに忠実に財務金融委員会を運営していただきたかった、残念でならない、こういうことを申し上げて、断腸の思いでの賛成討論といたします。
　御清聴ありがとうございました。（拍手）"	121705254X03520250618_008	121705254X03520250618_012	121705254X03520250618_000
121705254X03520250618_012	村上智信	日本維新の会		"○村上智信君　日本維新の会の村上智信でございます。
　会派を代表して、財務金融委員長井林辰憲君解任決議案に賛成の立場から討論いたします。（拍手）
　我が国は長引く物価高騰に苦しんできましたが、中でもガソリン価格の高止まりは極めて深刻な状況と言わざるを得ません。日常生活に自動車を用いる方々のみならず、物流業、農林水産業、さらには観光や介護など、人と物の移動を前提とする全ての産業がガソリン高騰によって疲弊しており、国民生活の隅々まで暗い影を落としています。それどころか、今月十三日のイスラエルによるイランに対する攻撃以降は中東情勢が一層緊迫しており、更なる原油価格の高騰も懸念されます。
　このような切迫した状況に鑑み、我々日本維新の会は、ガソリン暫定税率の廃止こそが国民負担を直ちに軽減する最も有効な手段の一つであると確信しています。
　今年の三月三日、我が党は、政府・与党による税制改正大綱への誠実な対応を条件とし、修正された今年度予算に賛成をしました。そして、政府の主張する来年度の実現を担保する法案を提出すると同時に、それを早めるため、今国会での法案提出による七月からの実施を目指しました。立憲民主党、国民民主党も含む五党に協議を呼びかけ、それに応じた自民党、公明党との間で、これまでの三か月間に六回にわたる真摯な協議を積み重ねてまいりました。
　この協議の中で、政府・与党は様々なできない理由を主張し続けました。例えば、政府・与党は地方税収への影響を主張しました。しかし、我々の提案は軽油引取税を対象としないため、地方自治体への影響を抑え、地方の公共サービス水準を落とすことなく国民負担の軽減を実現できます。本年七月から年度末までの減税であれば、その影響額は最大でも〇・八兆円にとどまります。この規模であれば、燃料油価格激変緩和事業の補助金廃止分や、外為特会の余剰金の一部を活用することで、十分に補填ができます。
　来年度以降の恒久的な予算については、つなぎ予算で減税を実現している間に事業の整理や行財政改革を進め、政府・与党の責任で措置することを求めました。これに対して、政府・与党の方も、年末までの自動車関係諸税の見直しに合わせて恒久財源を確保する旨の意向も繰り返し示していました。
　道路整備等への影響を懸念する声もありましたが、そもそも、道路特定財源制度は二〇〇九年に廃止されており、現在は全て一般財源です。そのため、税率を維持する理由とはなり得ません。必要なインフラ投資は、建設国債や一般会計から優先的に配分すれば十分に対応可能です。
　欧州のように環境税として税率を引き上げる動きがある中で、世界的な環境政策の動向に逆行するのではないかとの指摘もありました。しかし、ガソリンの暫定税率は、そもそも環境目的の税ではありません。気候変動対策については既に石油石炭税などで対応がなされているところであり、環境と生活支援を混同する議論は正確さを欠いています。環境政策は別枠で、ＧＸなど中長期的な政策として検討すべきです。
　軽油引取税が下がると助成金がなくなり、運輸業者、農業関係者に影響が出るとの声もありますが、我々の提案はガソリン税に限ったものであり、軽油引取税には一切手をつけていないため、助成金制度に何ら支障は生じず、将来的な軽油引取税見直しの際に代替措置を検討すれば十分です。
　また、手持品控除による小売店への影響についても、本来、トリガー条項に関する法的措置が決まった際に制度的準備がなされていなければならない問題です。今更何か月も準備にかかるという政府・与党の姿勢には、疑問を抱かざるを得ません。また、デジタル技術の活用や短期的な融資支援など、円滑な経過措置を講じることも可能です。
　三月から今国会中の法案成立を求め、協議の中で五月末が現実的な締切りであることを幾度となく示し、これほどに誠実に議論を尽くしたにもかかわらず、我が党の最終提案に対する自民党、公明党の回答は完全な拒否でした。その上で、今年七月でなかったとしても、十二月でも、来年四月でも、いかなる条件をつけても、ガソリン暫定税率廃止の時期は明言できないという回答でした。要するに、最初からやる気がなかったとしか判断できず、それ以上協議を続ける意味は完全に失われました。
　そこで、我々日本維新の会は、自民党、公明党との協議終了を確認した上で、方向性を同じくするほかの野党と協力し、ガソリン暫定税率廃止法案の実現を目指すことにしました。野党七党が提出した法案は、与党との協議において七月実施が困難である原因とされた地方税への影響や庫出課税による小売店の損失など、政府・与党の挙げた課題に応えるものとなっており、極めて前向きかつ実行可能性の高い提案であります。
　それにもかかわらず、与党側からは、恒久財源がない限り実現は難しいなどと、いまだに審議を始めることすら拒まれています。
　そもそも、ガソリン暫定税率廃止に係る税制改正大綱の誠実な履行は、維新にとっては今年三月に参議院で修正された本予算賛成の条件であり、国民民主党にとっても、昨年十二月の補正予算に賛成する際の条件でした。既に実施は確定しており、あとは、いつやるかの問題であるはずです。財源についても、先ほど述べたとおり、これまでの協議の中で具体的な提案を行ってきたはずです。
　加えて言えば、自民党は、これまで財源にならないと言い続けてきた税収の上振れを、総額三兆円程度にも上る選挙前のばらまき給付に使うことを決定しました。税収の上振れは、数兆円単位で毎年恒常的に発生しています。これをばらまき給付に使えて減税に使えないのはダブルスタンダードです。なぜ政府・与党が決めた政策のときだけ、財源はどこからか降って湧いてくるのでしょうか。国民の誰もが納得できる説明は、これまで一度として示されていません。
　これまでるる申し上げてきたとおり、今回の野党七党の提案は、ガソリン暫定税率を廃止するという公党間の明確な合意に基づき、その後の数か月にわたる経緯と議論の末に出てきたものであり、内容も十分に実現可能なものです。
　自民党は、あたかも今初めて聞いた話であるかのように、唐突だ、実現不可能だと、国民に対して誠意を欠いたパフォーマンスをし、国会閉会の時間切れを狙った言い訳を繰り返すのではなく、限られた国会の貴重な会期の中で、委員会で正々堂々と議論し、国民の多くが求めるガソリン暫定税率廃止に対する自らの姿勢を示すべきです。
　にもかかわらず、財務金融委員長は、国会の会期末を見越して委員会の開催すら認めず、実質的にこの法案の審議入りを封殺し続けています。これは、国民の負託を受けた立法府の一員として、また委員長として、極めて中立性が求められる職責に当たる者として、到底看過できる行為ではありません。委員長としての責務を放棄し、党利党略の下にこの重要法案の審議を妨げるその姿勢は、断じて容認されるべきものではありません。
　国民の生活を守るための減税を求めるこの提案に対して、審議すら正々堂々と応じられないというのなら、それは、もはや、政治が本来の役割を見失い、機能不全に陥っていると断じざるを得ません。よって、我々は、井林辰憲財務金融委員長を即刻解任することを強く求め、本決議案への賛成討論といたします。
　ありがとうございました。（拍手）"	121705254X03520250618_010	121705254X03520250618_014	121705254X03520250618_000
121705254X03520250618_014	田中健	国民民主党・無所属クラブ		"○田中健君　国民民主党の田中健です。
　私は、国民民主党・無所属クラブを代表して、財務金融委員長井林辰憲君解任決議案に賛成の立場から討論いたします。（拍手）
　本決議案は、ガソリン税の暫定税率を廃止するかどうかの政策論争ではありません。本質は、ただ一つ。衆議院財務金融委員長が、委員会開催という基本的責務を果たさなかったことに対する厳正な評価と対処を求めるものであります。
　今回、国民民主党を含む野党七会派が共同提出したガソリン暫定税率廃止法案は、二百十五人という衆議院の過半数に近い議席の賛同を得て提出をされました。にもかかわらず、委員会は一度も開かれず、法案は、事実上、たなざらしにされています。これはもはや、法案に反対という立場ではなく、国会の機能を意図的に停止させている状態にほかなりません。
　与党の皆さんは、急過ぎる、来月の施行は無理だ、混乱を招くと言います。ならば、その主張を委員会の場で正々堂々と述べて、反対すればいいんです。審議を拒否することと法案に反対することは、全く別物です。審議を拒否すれば、それは、立法府における民意の反映を拒む行為であり、民主主義の否定であります。
　この審議拒否の背景には、別の計算も透けて見えます。委員会で採決すれば、野党の賛成多数で可決される可能性がある、だからこそ委員会を開かせない。まさに政治的な打算で、民意の表明を封じようとしているのではありませんか。それがまかり通るならば、選挙でどれだけ民意を託されても、野党の議席は飾りにすぎないということになってしまいます。
　しかも、この暫定税率の問題は、今に始まった話ではありません。一九七四年に導入されてから、既に今年で五十一年が経過をしています。暫定の名の下に、本来の税率にリッター二十五円十銭が上乗せされた状態が半世紀以上続いているんです。
　そして、昨年の十二月十一日、自民党、公明党、国民民主党の三党幹事長で、いわゆるガソリンの暫定税率は廃止すると正式に合意したことは、改めて私はここに申し上げたいと思います。それにもかかわらず、半年が過ぎた今も政府・与党は何らの具体策も示さず、三党の合意は、事実上、ほごにされつつあります。これは、明らかに与党の政治的怠慢であり、国民との約束を軽んじるものです。
　私たち国民民主党は、この間、単なる主張ではなく、現実的かつ実行可能な制度設計を繰り返し提案してきました。
　減税と補助金をハイブリッドで組み合わせることで、小売や流通の混乱を回避しつつ、リッター二十五円十銭の引下げを可能とすること。税の還付申請に代わり、補助金による即時対応を行うことで、制度運用を簡素化すること。今年の財源は、既に計上されている補助金予算一兆円と税収上振れ三兆円によって十分に対応可能であること。来年度以降は、年末の自動車諸税の見直しの中で、安定財源を含めた議論を行っていくこと。そもそも、取って配るなら、最初から取らない方が効率的であること。会計検査院からも無駄だと指摘されたガソリン価格調査も要らなくなること。
　こうした提案を一顧だにせず拒否してきたのは与党側です。委員会の開催すら拒否する与党の姿勢こそ、まさに責任放棄ではないでしょうか。
　与党の皆さんは、何をもってこの提案を非現実的と切り捨てるのでしょうか。先ほど欠陥だらけとの発言がありましたが、何も考えていないのは与党側の方ではないでしょうか。反論があるのならば、堂々と委員会で議論をすればよいではありませんか。
　私たち国民民主党は、政策協議の場で信頼関係を築いてきたという認識を持っています。だからこそ、あの三党合意にも真摯に向き合い、実行に移そうとしてきました。
　しかし、今、委員会の開催すら拒否している現実を前に、国会での議席を預かる者として、立法府の一員として、このまま沈黙するわけにはいきません。
　井林委員長は、衆議院規則に基づいた正式な委員会開催の要求にも応じず、重い委員長の職務を放棄いたしました。このまま責任を問わず放置すれば、審議拒否が委員長の正当な権限だという誤った前例を残すことになってしまいませんか。だからこそ、我々は、今、責任を持って行動しなければならないのです。国会を言論の府として正常に機能させるために、そして、国民の声が正当に反映される国会を取り戻すために。
　我が国民民主党は、本解任決議案に賛成することを力強く表明して、皆さんの賛成を求め、討論を終わります。
　御清聴ありがとうございました。（拍手）"	121705254X03520250618_012	121705254X03520250618_016	121705254X03520250618_000
121705254X03520250618_016	高井崇志	れいわ新選組		"○高井崇志君　れいわ新選組の高井崇志です。（拍手）
　井林委員長は、実に公正中立な委員会運営を行っておりました。特に、少数会派に対しては、短い質疑時間であることに配慮して、質疑時間の延長も柔軟に認めてくれました。国会質疑の本来の趣旨を考えれば、議席数のドントによる時間配分など意味がなく、少数会派が十分な質疑を行うことこそが、民主主義を体現する国会のあるべき姿です。数分間しか質疑時間を与えられない少数会派に数秒単位で時間を守らせることに何の意味があるのか、私には全く理解ができません。そんな委員長が公正中立だとは思えません。
　また、井林委員長は、どこかの委員長のように、質疑者が求めていない答弁者を指名することもありませんでした。質疑者の意思を無視して、政府の都合のよい答弁者を指名する委員長は、公正中立とは言えません。
　それだけに、井林委員長が、今回、法案が提出されたにもかかわらず、与党の意味不明な言い訳にあらがうことができず、委員会を開けなかったことは誠に残念です。与党は、議論すべき論点がたくさんあるなどという言い訳をしているようですが、政府・与党がこれまで提出してきた法案に、議論が尽くされた上で提出された法案など一つもありません。論点を議論する場こそが、まさに委員会です。
　一方、野党各党にも苦言を申し上げます。
　特に、立憲、維新、国民の三党は、もっと早くに法案を提出することができたにもかかわらず、それぞれが手柄争いに明け暮れ、ここまで提出が遅れました。
　三月の予算成立時に、私は、なぜ予算案とひもづけずに単独でガソリン暫定税率廃止法案を出さないのか、単独で出せばれいわ新選組は賛成できるのにと申し上げましたが、どの党も単独で法案は出しませんでした。
　あれから三か月も時間があったのに、なぜ、会期末が迫り、どう考えても法案成立ができないタイミングで提出するのですか。選挙目当てのパフォーマンスであることは明らかであり、まさに茶番と言わざるを得ません。
　私は、先日、この場で、消費税減税で全ての野党が一致しているのだから、野党第一党がリーダーシップを取って法案をまとめ提出すべきだと野田代表に迫りましたが、目をそらされてしまいました。消費税減税法案を衆議院で可決し、参議院で否決されたら、内閣不信任案を出して解散を迫る。消費税解散になれば、国民の七割が消費税廃止、減税を支持する今、政権交代は間違いなしです。なぜやらないのですか。
　百歩譲って、消費税でやらなくても、ガソリン暫定税率廃止でやらないのですか。内閣不信任案を出す覚悟はありますか。そんな覚悟もなく、参議院選の争点にしようという見え見えの魂胆で法案を出すことは、我々が再三指摘する茶番そのものです。
　誤解のないように申し上げますが、れいわ新選組はかねてよりガソリン税ゼロを公約に掲げ、ポスターにも掲げてきました。ガソリン暫定税率は即刻廃止すべきなのは言うまでもありません。
　れいわ新選組は、ガソリン税ゼロはもちろん、消費税廃止、季節ごとの現金給付、社会保険料引下げの三本柱により、三十年続く不況にコロナ、物価高の三重苦で苦しむ人々を救います。
　昨年の衆議院選で、ほぼ全ての野党が消費税減税を公約に掲げましたが、その後の国会では、どの党も、消費税のショの字も口にしませんでした。今回もまた、選挙が近くなったから言い出しているだけではありませんか。
　れいわ新選組は、結党以来、一貫して消費税廃止を訴えています。参議院選後の国会では、全ての政党は必ず参議院選の公約に掲げたことを議論し、実現する国会にすることを求めて、私の討論を終わります。
　御清聴ありがとうございました。（拍手）"	121705254X03520250618_014		121705254X03520250618_000
121705254X03620250620_005	額賀福志郎	無所属	議長	"○議長（額賀福志郎君）　租税特別措置法及び東日本大震災の被災者等に係る国税関係法律の臨時特例に関する法律の一部を改正する法律案を議題といたします。
　委員長の報告を求めます。財務金融委員長阿久津幸彦君。
　　　　―――――――――――――
　租税特別措置法及び東日本大震災の被災者等に係る国税関係法律の臨時特例に関する法律の一部を改正する法律案及び同報告書
　　　　〔本号末尾に掲載〕
　　　　―――――――――――――
　　　　〔阿久津幸彦君登壇〕"		121705254X03620250620_006	121705254X03620250620_005
121705254X03620250620_006	阿久津幸彦	立憲民主党・無所属		"○阿久津幸彦君　ただいま議題となりました法律案につきまして、財務金融委員会における審査の経過及び結果を御報告申し上げます。
　本案は、現下の揮発油の価格の高騰から国民生活及び国民経済を守るため、揮発油税及び地方揮発油税の当分の間税率を廃止すること並びに政府は当分の間税率廃止の円滑な実施のための財政上又は法制上の措置及び廃止に伴う地方公共団体の減収の全額を補填するための措置を講ずるものとすること等を定めるものであります。
　本案は、去る六月十一日当委員会に付託され、昨十九日提出者重徳和彦君から趣旨の説明を聴取し、本日、質疑を行い、質疑を終局いたしました。質疑終局後、本法律案について内閣の意見を聴取した後、討論を行い、採決いたしましたところ、本案は賛成多数をもって原案のとおり可決すべきものと決しました。
　以上、御報告申し上げます。（拍手）
　　　　―――――――――――――"	121705254X03620250620_005	121705254X03620250620_008	121705254X03620250620_005
121705254X03620250620_008	小寺裕雄	自由民主党・無所属の会		"○小寺裕雄君　自由民主党・無所属の会の小寺裕雄です。
　ただいま議題となりました野党六会派提出のいわゆるガソリン暫定税率廃止法案に対し、反対の立場から討論いたします。（拍手）
　成立を期さずして閉会間近に提出された欠陥だらけのガソリン法案は、断固廃案にすべきです。そして、何の瑕疵もない井林辰憲財務金融委員長を野党が数の力で解任したことに、改めて強く抗議いたします。革命ごっこの果てに選挙で選ばれた新たな委員長は、与野党の合意がない中で、僅か三時間で審議を打ち切り、採決に踏み切りました。今回の一連の経過は、憲政史上最大の汚点であり、まさしく暴挙ではありませんか。
　それでは、本法案のおびただしく、余りに深刻な欠陥について、我が党から様々な指摘を行ってまいりましたが、改めてその要点を申し上げます。
　七月の一日に突然ガソリン価格が大幅に低下すれば、買い控えとその反動で、流通、販売現場は大きく混乱いたします。しかし、野党は、法案提出に当たり、現場の方々の意見を全く聞こうともしていません。全国二万七千のガソリンスタンド、消費者、自動車ユーザーへの影響を真剣に検討されたのか、大いに疑問です。
　ガソリンスタンドは、税率引下げ前に仕入れた在庫を安い価格で販売せざるを得ないため、大きな差損が生じます。しかし、この法案は、差損に給付で対応するとしながら、具体的内容は一切示さず、全てを政府に丸投げしています。そもそも、この法案で言う給付を行うと、現在の揮発油税法第十七条に基づく戻入れによる控除との二重取りができてしまいます。これを防ぐには、七月一日までに新たな揮発油税法改正法案を成立させる必要がありますが、そんなことが常識的に考えて可能なのでしょうか。
　法案が成立すれば、都道府県と市町村の減収が約三百億円も生じますが、代替財源はまたしても政府に丸投げ。代替の恒久財源の確保を求める地方自治体の声を野党の皆さんは無視したのですね。国では年間約一兆円規模の恒久的な税収減となりますが、これらも当然のように代替の恒久財源は政府に丸投げ。国民生活と経済を混乱させるためにこんな法案を出してきたのでしょうか。
　軽油の扱いも不可解です。ディーゼル車やバス、トラックにかかる軽油引取税にも当分の間税率がありますが、ガソリン価格だけを下げ、軽油は据置きとは、制度全体に考えを巡らせたものとは思えません。
　以上を鑑みれば、野党のガソリン法案は、まさしく究極のポピュリズム法案であります。
　極論を言えば、国民の審判である選挙が全てを決する。それが政治家であり政党の宿命です。（発言する者あり）"	121705254X03620250620_006	121705254X03620250620_010	121705254X03620250620_005
121705254X03620250620_010	小寺裕雄	自由民主党・無所属の会		○小寺裕雄君（続）　ゆえに、財源や綿密な制度設計を度外視したポピュリズムへの誘惑は強烈です。しかし、私たちは……（発言する者あり）	121705254X03620250620_008	121705254X03620250620_012	121705254X03620250620_005
121705254X03620250620_012	小寺裕雄	自由民主党・無所属の会		"○小寺裕雄君（続）　本法案を提出した野党六会派のように、選挙目当てのむき出しのポピュリズムには絶対に走りませんでした。なぜなら、目先の選挙の票欲しさに国を危うくする政策を語る者に、政治家たる資格はないからです。もう一度言います。目先の選挙の票欲しさに国を危うくする政策を語る者に、政治家たる資格はないからです。
　もし私たち政治家が、本当は必要だと知りながら不人気な政策をひた隠しにしたならば、そして、どこかでひずみが生じると知りながら目先の人気取りに走ったならば、我が国の将来に重大な禍根を残します。
　井林辰憲委員長が多数野党の横暴によって解任されたように、私たちは、時にぶざまに映る敗北を喫したとしても、ポピュリズムに振り切れる誘惑を断ち切って、与党としての重たい責任を必死に担ってまいりました。なぜなら、昨年の総選挙における、自民党に比較第一党の地位を与えつつも過半数を与えなかった国民の審判は、我が党への国民の皆様の厳しくも温かい叱咤激励だと思うからであります。私たちには、国民の負託に何としてでも応える責務があります。
　片や、野党の皆さんは、ずさんなガソリン法案を無理押しして、あとの話は政府と与党に丸投げというのでは、到底、多数を担う責任と向き合っているとは思えません。確かに国会は、数は力です。しかし、多数だからといって何でもできるわけではありませんし、何でもやっていいわけではありません。もう一度言います。多数だから何でもできるわけではないし、何をやってもいいというわけでは決してありません。
　ガソリン暫定税率が導入されたのは、一九七四年のことでした。当時、必要があって導入されたことは事実です。暫定といいつつ、今なお廃止されていないこともまた事実です。
　私たちが苦杯をなめた二〇〇九年夏の衆議院総選挙で、ガソリン税などの暫定税率廃止を公約に掲げたのが当時の民主党でした。暫定税率廃止を掲げて政権の座に就いたのに、どうして今も暫定税率は残っているのでしょうか。二〇〇九年当時も、今と同様に、できもしないのに、選挙の票欲しさにうそをついたのでしょうか。今になって思えば、全国民を巻き込んだ壮大なうそとでも言うべき、あの夏の熱狂は一体何だったんでしょうか。
　当時民主党におられた議員が、今回の法案の提出会派にもたくさんおられます。いざ責任ある与党になったら、暫定税率の廃止はそう簡単じゃないと気づいて言わなくなった。けれども、今は昔。野党に戻った今、全て忘れて、何の責任もなく、廃止を言い募っておられるのですね。およそ十日後の七月一日から、欠陥だらけのガソリン法案を施行できるなんて、まさか本気で思っておられないでしょうね。
　私たち自民党と公明党は、ガソリン暫定税率を明確に廃止する立場です。ただ、野党の皆さんと違うのは、責任ある与党として、ガソリン暫定税率を実際に廃止できるよう、来年の税制改正に向けて取り組んでいる点であります。
　ガソリン法案の混乱の陰で、解散を恐れられているのか、野党の皆さんは内閣不信任決議案の提出を見送られたそうですね。一方で、参議院選挙が刻一刻と近づいています。野蛮の限りを尽くした野党によって、もはや、さいは投げられました。あとは、国民の皆様の審判を仰ぐのみであります。
　終わります。（拍手）"	121705254X03620250620_010	121705254X03620250620_014	121705254X03620250620_005
121705254X03620250620_014	長谷川嘉一	立憲民主党・無所属		"○長谷川嘉一君　私は、立憲民主党の長谷川嘉一でございます。
　会派を代表いたしまして、議題となりました租税特別措置法及び東日本大震災の被災者等に係る国税関係法律の臨時特例に関する法律の一部を改正する法律案、いわゆるガソリン暫定税率廃止法案に賛成の立場で討論いたします。（拍手）
　日本の物価は三年連続で二％以上、上回っています。消費者物価指数は六か月連続で四％近くになっております。特にエネルギーと食品、この物価が高騰しており、家計を圧迫しております。立憲民主党は、国民の切実な声に応えるべく、エネルギー価格高騰に対して、ガソリン価格を引き下げるために、ガソリン暫定税率廃止法案を野党七党共同で提出いたしました。
　自民党からは、本日、実質的会期末であるのに、充実した審議ができない、可決、成立の見込みもないのになぜ法案を提出したのか理解できないとの御意見がありました。
　私たちは、財務金融委員会において、通常国会では八本もの内閣提出法案の審議に協力いたしました。それらを全て終えた後、先週から議員提案のガソリン暫定税率廃止法案の審議を求めてまいりましたが、審議入りを拒否していたのは自民党であり、自民党の委員長であります。委員長が交代して審議入りした途端、自民党が参考人招致を含めて充実審議を求めるのは支離滅裂であります。特に、与党二時間半を含む三時間の質疑は、重要広範議案ではない内閣提出法案と比較しても遜色のない審議であります。
　そもそも、ガソリンの暫定税率については、昨年十二月十一日には、自民党、公明党は国民民主党とともに、三党の幹事長がガソリン暫定税率の廃止で合意したと承知をしております。私たち立憲民主党は、令和七年度予算及び税制改正法案の審議の際に、ガソリン暫定税率の廃止を修正案として提出いたしました。また、三月以降、自民党、公明党は、日本維新の会と協議を続けてきたと承知をしております。自民党と公明党は、昨年からガソリン暫定税率廃止を約束しておきながら、今になっても実現できないのはなぜなのでしょう。やる気がないか、政策実行能力がないか、いかがでしょう。
　今回の法案では、ガソリン暫定税率廃止に係る様々な課題をクリアする政策を野党が共同で提出いたしました。自民党と公明党が本当にガソリン暫定税率を廃止するつもりであるならば、是非賛成いただきたい。自民党と公明党に賛成していただければ、参議院も含めてこの通常国会で可決、成立することができます。共に力を合わせて、物価高に苦しむ国民の暮らしを支えようではありませんか。
　自民党からは、関係者の意見を十分聞いたのか、関係省庁、地方自治体、業界団体の意見はどうだったのかとの質問がありました。
　しかし、ガソリン税の一番の関係者は、ガソリンを購入する国民です。国民の多くは、特に、公共交通機関が必ずしも十分ではない地方においては自動車に依存しており、ガソリン価格の高騰は家計を圧迫し、とてもつらいと意見を聞いております。したがって、五十年以上も続いた当分の間の税率を廃止することこそ、今、一番の関係者の意見ではないでしょうか。
　私たちは、その他の関係者の意見も十分に聞いております。現場のガソリンを販売している事業者からは、ガソリン税の変更は手間ではあるものの、一回限りの税率変更であれば対応できると聞いております。確かに、過去には、ガソリン暫定税率が一旦失効したものの、その後すぐに再度引き上げられることになりましたので、現場の事業者の負担は大きかったものと承知をしております。消費者にとっても、税率の引下げ前に買い控えなど、一定の混乱があったと承知していますが、今回は暫定税率を廃止するという一回限りのものです。
　加えて、過去の経験を踏まえ、ガソリン暫定税率廃止に伴う販売事業者において生じ得る損失についても、補助金で手当てするなどの対策が講じられることとしていることから、過去のような負担や混乱は想定されないものと考えます。
　その他、自民党からは財源についても質問がありました。
　そもそも、政府・与党は、これまでも財源を手当てせずに様々な施策を打ち出してきました。自民党は、自民党の政策のためには財源は確保する必要はないが、野党が政策を提案すると途端に、財源は何かと言い出します。御都合主義で支離滅裂と言わざるを得ません。
　その上で、ガソリン暫定税率廃止に伴う減税は、今年度については七月からの実施であり、約八千億円を見込んでいますが、政府・与党が見込んでいる二四年度の税収上振れ分などで十分対応が可能であります。
　以上申し上げたとおり、物価高から国民生活を守るために、ガソリン暫定税率を速やかに廃止することが必要であります。
　本法案の私の賛成討論といたします。議員各位の御賛同を賜りますよう、お願いを申し上げます。（拍手）"	121705254X03620250620_012	121705254X03620250620_016	121705254X03620250620_005
121705254X03620250620_016	中川宏昌	公明党		"○中川宏昌君　公明党の中川宏昌です。
　私は、公明党を代表して、ただいま議題となりましたいわゆるガソリン暫定税率廃止法案に対し、断固反対の立場から討論を行います。（拍手）
　まず初めに申し上げたいのは、私たち公明党は、暫定税率の廃止という目的そのものを否定しているわけではありません。むしろ、ガソリン税制の在り方については、これまでも慎重かつ丁寧に議論をしてまいりました。しかし、本法案に反対する本質的な理由は、その目的達成の手法、すなわち、過去に見たことのない拙速な進め方と、制度設計の極めて不十分な点であります。税の在り方という国の根幹に関わる重要なテーマについて、現場への配慮もなく、拙速かつ一方的に国会に提出し、さらに、十分な審議も行われないまま採決を強行するという今回のプロセスは、立法府として到底看過できません。
　以下、反対の理由を申し述べます。
　第一に、本法案が成立すれば、国と地方を合わせて年間約一兆二百億円もの恒久的な税収が失われることになります。特に深刻なのは、地方財政への影響です。地方自治体の減収額は少なくとも約三百億円に達すると見込まれ、道路整備などの住民生活に直結する基礎的インフラ維持などに必要な財源を大きく揺るがすものであります。
　仮に税収減を補填する場合は、予算措置や税制上の措置が必要です。にもかかわらず、本法案には、こうした地方の税収をどう補うかという肝腎な点について、何ら具体的な措置が示されておりません。必要な措置を講ずると抽象的な表現があるのみで、補填制度の仕組み、財源の確保、いつからどう対応するのか、また、この法案に対する地方自治体との協議の実態など、いずれも明確ではありません。全国知事会、市長会、町村会を含む地方六団体は、度々地方財政への懸念が表明されている中で、果たして、本法案の提出者はどれだけ誠実に耳を傾けたのでしょうか。こうした疑問が生じること自体、本法案には正当性がありません。
　第二に、本法案の施行日は七月一日。すなわち、施行まであと十日しかありません。本当に、僅か十日で全国の現場が対応できるとお考えなのでしょうか。
　二〇〇八年に暫定税率が一時失効した際、安くなったガソリンを求め、全国各地のガソリンスタンドは大渋滞。近隣住民からは苦情が寄せられ、在庫切れのスタンドは閉店するなど、現場は大混乱が発生をいたしました。さらには、高い税率で仕入れた在庫を安く売らざるを得ず、損失が発生。差損補償をめぐる対応の混乱が全国で発生をいたしました。当時の混乱と教訓を忘れたのでしょうか。
　今回の法案は、必要な金銭給付を行うと記述しているだけで、具体的な制度設計は全く示されておりません。対象者は誰なのか、申請方法はどうするのか、審査や支給のフロー、予算措置の裏づけはどうなっているのか、全く書かれておりません。本法案に限らず、こうしたことは、本来、関係者の声を丁寧に伺いながら調整することが大前提であり、準備不足は明白であります。
　第三に、物流コストやエネルギー価格、地球温暖化対策との整合性といった広い観点からの調整も行われておらず、極めて場当たり的であります。
　このように、地方財政への影響、現場との調整不足、制度の不備、そして税制の公平性という観点から見て、本法案は余りにも多くの問題を抱えた、いわば欠陥法案であります。真に国民の暮らしを考える立法とは言えず、実績づくりありきの政治的パフォーマンスと映るのは、私だけではないはずです。
　加えて申し上げれば、昨年十二月には、自民党、公明党、国民民主党の三党で、暫定税率の廃止に向け、関係者間で誠実に協議を進めていくとの合意がなされました。私ども公明党も、この合意を重く受け止め、現場と丁寧に向き合いながら、ガソリン税制においては自動車関係諸税と併せて、抜本的に見直しを進めていく立場です。
　それにもかかわらず、本法案は、こうした合意形成の枠組みを無視し、一方的に提出されたものであり、関係者との実務者協議も行われておりません。これは、合意精神に対する明確な背信行為であり、立法府における信頼と秩序を損なうものとして、誠に残念なことであり、強く遺憾の意を表明いたします。
　国民生活に直結する重要な税制の見直しを行うのであれば、まずやるべきは、現場の声に真摯に耳を傾け、地方自治体、業界団体、消費者の立場を丁寧にすくい上げた上で、必要な制度を備え、責任ある立法を行うことであります。今、求められているのは、拙速な法案の成立ではなく、納得と安心を伴った制度設計であります。
　以上の理由により、余りにも無責任な本法案に対して断固反対の意を表明し、討論を終わります。
　御清聴ありがとうございました。（拍手）"	121705254X03620250620_014	121705254X03620250620_018	121705254X03620250620_005
121705254X03620250620_018	萩原佳	日本維新の会		"○萩原佳君　日本維新の会の萩原佳です。
　会派を代表し、ただいま議題となっていますガソリン暫定税率廃止法案に対し、断固たる賛成の意を表明し、討論を行います。（拍手）
　長引く物価高騰は、国民生活の隅々にまで深刻な影を落としています。その中でも、高止まりし続けるガソリン価格は、特に地方で暮らす国民の暮らしをむしばんでいます。燃料の高騰は、日々の通勤や買物に自動車が不可欠な方々だけの問題ではありません。それは、我が国経済の動脈である物流を滞らせ、食を支える農林水産業を疲弊させ、人と物の移動を前提とする全ての産業のコストを押し上げる、まさに経済の血栓であります。
　この切迫した状況を打開するために、我々日本維新の会は、ガソリン暫定税率の一刻も早い廃止こそが、国民の手に暮らしを取り戻す、最も直接的で有効な手段の一つであると確信しております。この信念に基づき、我が党は、与党を含めた各党との真摯な協議の扉を開きました。立憲民主党、国民民主党を含む五党に呼びかけ、応じていただいた自民党、公明党との間で、この三か月、六回にわたり、建設的な議論を積み重ねてまいりました。
　協議の中では、多くの点で認識を共有できたはずです。ガソリン価格の高騰が国民生活を圧迫しているという問題意識、そして、この暫定税率という制度自体に恒久的な見直しが必要であるという点。我々は、与党が懸念を示した地方税収への影響や、小売店の損失発生といった課題にも真摯に向き合い、地方財政への影響を最小限に抑え、庫出課税の問題にも具体的な解決案を盛り込んだ、実行可能性の極めて高い法案を練り上げてまいりました。
　しかし、どうでしょう。協議の最終盤戦、我々が目の当たりにしたのは、信じ難い与党の姿でありました。我々が、今年七月の廃止が無理なら、一体いつならできるのかと迫ったのに対し、返ってきたのは、いかなる条件をつけても廃止の時期は明言できないというゼロ回答だったのです。そもそも、この協議の場に着いたときから、暫定税率を廃止する意思などみじんもなかったのではないかと強く疑わざるを得ませんでした。
　しかし、その疑念は、衆議院財務金融委員会における与党の対応で確信に変わりました。あろうことか、与党は、委員会の開会要求に応じず、審議拒否を行い、本院で史上初めて常任委員会の解任決議案が可決されている事態を招いたことは、与党の不誠実な対応に対する本院からの断罪にほかなりません。
　そもそも、この暫定税率とは一体何なのでしょうか。
　その正体は、五十年もの長きにわたり国民を欺き続けてきた歴史的な虚偽であります。一九七四年に、道路整備の財源不足を補うべく、二年間の臨時措置として揮発油税と地方揮発油税に計五・八円の上乗せがなされたことに始まり、累次にわたって引き上げられてきました。以来、暫定税率は、環境政策や地方財源、インフラ整備などの役割が次々と課されて、半世紀にわたって存続してしまったのが今の暫定税率の実態です。しかも、二〇〇九年、政府が自らの手で道路特定財源を廃止し、この税を一般財源化したにもかかわらずです。もはや、ガソリン暫定税率は、ゾンビ税制と呼ぶ以外にありません。制度としての正当性が失われているこのゾンビが、今、日本の経済と地方の暮らしをむしばんでいるんです。
　環境に悪いという後づけの言い訳も、もはや通用いたしません。これが本当に環境税だというのであれば、その歳入はなぜ環境対策に使われていないのですか。ドイツでは、エネルギー税の税収を社会保険料の引下げに充て、汚染に課税し、雇用を促進するという賢明な政策を行っています。目的のはっきりしない、ただ国民を苦しめるだけのこの税を、環境税と呼ぶには余りにも不誠実です。
　政府・与党は、我々の提案に対し、判で押したように、財源がないと繰り返します。しかし、これもまた国民を欺く詭弁です。経済対策と称して毎年何兆円ものばらまき給付を行う財源は、どこから出てくるのですか。国民一人当たり二万円を配れば二・五兆円。これだけの財源がありながら、国民生活に直接届き、経済の血流をよくする一リットル二十五・一円の減税ができないというのは、一体どういう理屈でしょうか。
　そもそも、政府・与党が固執する補助金や現金給付という手法は、不誠実で場当たり的な対症療法にすぎません。補助金や現金給付というのは、本質的に不確実性と恣意性を持つ政策手段です。いつ始まり、いつ行われるのか、あるいはいつ終わるのか分からない補助金や現金給付に、国民、事業者、地方自治体は振り回され、安定した生活設計や経営計画など立てようがありません。
　そして、不透明な仕組みは、国民の政治に対する深刻な疑念を生み出します。特定の業界団体への利益誘導ではないのか。我々の税金が、企業・団体献金と引換えに、一部の業界を潤すために使われているのではないか。参議院議員選挙直前の現金給付は、我々の税金を使った選挙買収ではないのか。政治と金の問題に国民の厳しい目が注がれる今、このような不透明な税金の使い方は、政治不信の火に油を注ぐだけです。
　対して、野党が提案した本法案、この減税という手段は、公平、透明、そして確実です。全ての国民が、ガソリンスタンドでその恩恵を即座にひとしく受けられる。そこに、いかなる政治的思惑や恣意的な判断も介在する余地はありません。どちらが国のための、生きたお金の使い方か。もはや議論の余地はないはずです。
　今こそ、歴史的な決断のときです。我々の前にある選択肢は、単なる法案の採決ではありません。それは、五十年続いた国民への欺瞞と経済を停滞させる過去の惰性にしがみつくのか、それとも、その不条理に終止符を打ち、国民とともに、正直で活力ある未来を切り開くのか、この選択です。
　我々日本維新の会は、有言実行の政党です。国民との約束を、断じてほごにはいたしません。何があろうと、このガソリン暫定税率の廃止を実現することをお誓い申し上げ、本法案への賛成討論といたします。
　御清聴、誠にありがとうございました。（拍手）"	121705254X03620250620_016	121705254X03620250620_020	121705254X03620250620_005
121705254X03620250620_020	浅野哲	国民民主党・無所属クラブ		"○浅野哲君　国民民主党の浅野哲です。
　私は、国民民主党・無所属クラブを代表して、ガソリン暫定税率廃止法案に賛成の立場から討論を行います。（拍手）
　まず、討論の前提として、私たち国民民主党は、二〇二一年時点から、ガソリン価格の上昇が国民生活を圧迫していることに強い問題意識を持ち、トリガー条項の凍結解除によるガソリン販売価格の抑制策を提案してまいりました。
　そして、昨年十二月十一日には、自由民主党、公明党、国民民主党の三党幹事長により、いわゆるガソリンの暫定税率は廃止すると正式に合意を交わしたという厳然たる事実があります。また、我々との合意の後も、与党は日本維新の会とも三党協議の場を設け、先ほどもありましたが、六回にわたり協議を行ったと承知をしております。しかしながら、我々との合意から半年が過ぎた今に至ってもなお、政府・与党からは何らの具体策も示されず、三党合意は事実上ほごにされつつあります。
　そのような状況において、海外では国際紛争が激しさを増しており、特に中東地域におけるイスラエルとイランの武力衝突は、今後の国際エネルギー供給にとって大きな懸念材料となっています。我が国の国民生活の現状や国際社会の動向と照らし合わせても、本法案の内容は、その必要性が十分あるものと言えると考えます。
　そもそも、ガソリンにかけられている一リッター当たり二十五・一円の当分の間税率は、一九七四年に、道路特定財源として、かつ、時限的なものとして導入されました。当時は、自動車は高級品だったため、いわゆる富裕層に対する課税との認識で国民の理解も得られたものと推察します。
　現在は、一般財源化され、既に当初の課税根拠は消滅していることはもちろん、今や国民の約八割が自動車を保有し、地方においては生活の足として自動車の不可欠性が確立されており、その燃料価格が高騰していることからも、国民生活を底支えする点においても、当分の間税率の廃止は妥当であります。
　むしろ、私たち立法府が考えるべきは、この当分の間税率を廃止した上で、中長期的に我が国にとって望ましいエネルギー供給構造を丁寧に描き、その方向性に沿った燃料課税の姿を再構築していくことではないでしょうか。政府・与党には、五十年以上の年月の中で変化を続けてきた我が国の生活様式や、極めて厳しい物価高を乗り越えるため、既存の枠組みにとらわれない大きな視野で、この法案の有用性を捉えていただきたいと思います。
　他方、財源については本日午前中の財務金融委員会においても与党側から多くの指摘、質問がありましたが、財源についても、私たちは既に具体的な方策を提案してきました。
　まずは、燃料油価格激変緩和対策事業の基金を活用すること。
　加えて、強調させていただきたいのは、近年の国、地方の税収が、毎年、過去最高税収を記録し続けている点であります。過去十年間、我が国の名目ＧＤＰの伸びはプラス一二％。これに対して、国、地方の税収はプラス二二％と、明らかに政府は経済の伸び以上の税収を国民から預かっている状態にあります。さらに、本年は、昨年の税収百十八・三兆円から更に十二兆円の税収増加を見込んでおり、その額は百二十六・八兆円になることは政府の予算計画の中でもはっきりと明示されています。これを国民に還元してほしいと、私たちは累次にわたって政府に要請してまいりました。
　加えて、政府の一般会計不用額は、二〇二三年六・八兆円、その前年の二〇二二年は十一・三兆円と、データが確認できる直近二〇一九年から二〇二三年までの五年間の平均不用額は約六兆円に上ります。つまり、国、地方が国民から預かった税金を物価高に直面している国民に還元するという考え方だけでなく、毎年度の予算の精査により、当分の間税率廃止によって生じる減収に対応することは十分に可能ではないでしょうか。
　さらに、一言申し上げるならば、先日、政府・与党が突如として掲げた国民への二万円給付事業は、その財源として二〇二四年度税収の上振れ分を活用するとのことですが、これは、物価高対策という衣をまとった参議院選挙前のばらまきだとの指摘が後を絶ちません。大手の報道機関各社が行った最近の世論調査でも、約六割の国民が政府の二万円給付事業をネガティブ評価している状況となっています。
　私たちは、改めて、集めた税金を返すくらいなら、最初から税金を取るべきではないことを強く求めます。納税者、生活者の立場に立てば、おのずと答えは減税に至ります。この選択こそ、広く国民の理解を得られる政策であると確信しております。
　また、本法案が成立することで、ガソリンスタンドなど生活現場で混乱が生じるのではないかという指摘もあります。私たちは、二〇〇八年の事例を踏まえて、当初の考え方としては、事前に補助金を一リッター当たり二十五・一円に設定し、ある時点で補助金から減税にスイッチする方法も検討してはきました。しかしながら、本法案を他党、他会派の皆様と共同提出する協議の中で、差額支給によって対応することとなりました。
　しかし、直近の政府の補助金単価は一リッター十円であり、本法案が施行された場合には、七月一日以降は政府の補助金が入った現状の販売価格よりも値段が下がり、その状態が今後も継続することとなるため、国民の皆様にとって一定の予見可能性は確保されるものと考えます。また、ガソリンスタンドには、これまでも補助単価の異なるガソリンが混在する状況の中で日々の販売価格が決定されてきたことを踏まえれば、販売価格の変化は連続的なものとなることも想定されます。したがって、直前直後の買い控え、駆け込み需要というものについては、許容できないほどの深刻な状況には至らないものと考えます。
　最後に、この法案が提出された後に、財務金融委員会が開催されず、先日、財務金融委員長が解任され、昨日から新たな委員長の下で審議が行われてまいりました。これを野党の暴挙とおっしゃる与党議員もおられるようでありますが、それは違います。この法案の成立を求めているのは、ほかでもない国民の皆様です。
　都内で日々物資を輸送してくださっている企業の皆さんや、地方で暮らし、毎日子供や家族の送り迎えをしている親御さん、暑い日差しの中で畑を耕し、軽トラックで野菜などを運ぶ農家の皆さんなどの姿を思い浮かべてください。
　私たちは、こうして毎日頑張ってくれている人々の暮らしを支えるために、昨年の総選挙で私たち野党に票を投じてくださった国民の皆様の総意として、この法案を提出してきました。その重みをしっかりと認識し、この議場にいる皆様の御理解の下、本法案の成立を強く望んで、賛成討論といたします。
　御清聴ありがとうございました。（拍手）"	121705254X03620250620_018	121705254X03620250620_022	121705254X03620250620_005
121705254X03620250620_022	高井崇志	れいわ新選組		"○高井崇志君　れいわ新選組の高井崇志です。（拍手）
　冒頭、本日の財務金融委員会が委員長職権で強行採決されたこと、そして、本会議に緊急上程されたことに強く抗議いたします。
　この緊急上程に、何と与党も賛成したとのこと。私は、今朝の理事会で与党筆頭に、委員長解任決議、出さないのですか、れいわは賛成しますよと問いかけましたが、どうやら与党も戦う気はないようです。まさに、我が党の櫛渕共同代表がこの場でプラカードを掲げ、懲罰まで受けた、与党も野党も茶番を体現する出来事だと思います。一昨日、私はこの場で、なぜ、会期末が迫り、どう考えても法案が成立しないタイミングで提出するのですか、選挙目当てのパフォーマンスであることは明らかであり、まさに茶番と言わざるを得ませんと発言し、与党席からも大きな拍手をいただきましたが、今、その思いはますます強くなっています。
　我々は、昨日夕刻、強行採決されるとの情報を受け、誠に遺憾ながら、深夜に全国会議員に理由を説明の上、代表一任との了承を取り付け、本日の財務金融委員会の質疑を踏まえて、代表が判断することになりました。
　これだけ国民生活にとって重要な法案を提出している以上、当然、国会会期を延長し、参議院で審議するのかと思いきや、法案提出者である野党七党はそれを求める気配もありません。百歩譲って、今国会の会期はあと二日あるのですから、土日返上で参議院で審議するのかと思いきや、その気もないようです。土日は既に予定がいっぱいなどという、国会議員たちの極めて個人的都合が優先された判断に、あきれるほかありません。どう考えても、衆議院を通したけれども参議院で通らなかった、だから参議院の構成を変えようという、誰が見ても魂胆が見え見え、ばればれの茶番劇を見せられたと言わざるを得ません。
　加えて、一昨日、この場で立憲の野田代表に、内閣不信任案を提出してガソリン税解散を求める覚悟はありますかと問うたにもかかわらず、その返事もないまま、昨日、維新、国民両党とのみ党首会談を行っただけで、提出しないということを決めたようです。こうしたことを考えれば、私自身は、本法案には反対すべきとの思いがますます強くなりました。
　一方で、この法案は、れいわ新選組がかつてより公約に掲げ、ポスターまで作成して訴えてきたガソリン税ゼロに向けて大きく前進する法案です。たとえ、今回成立しなくても、衆議院で可決されたことは一歩前進であることは間違いなく、与野党の茶番にこれ以上つき合わされるのは真っ平御免だという思いはあるものの、三十年続く不況にコロナ、物価高の三重苦に苦しむ人々に少しでも希望の光をともしたいという大局的判断で、苦渋の決断ではありますが、賛成することにいたしました。
　野党が一致すれば、このように通るのですよ。なぜ消費税廃止、減税でやらないんですか。国民が一番求めているのは消費税減税ですよ。
　この場に集う全ての国会議員の皆さんに申し上げたい。いいかげん、茶番国会はやめて、人々の苦しみに寄り添い、生きているだけで価値がある、そんな社会を一緒につくりましょうよ。
　れいわ新選組は、与野党が茶番を続ける限り、どちらにもくみせず、参議院選挙を戦い、茶番国会を改革し、政権を担って、積極財政による消費税廃止、季節ごとの現金給付、社会保険料の引下げを始めとする経済対策を実行することをお約束し、賛成討論といたします。
　御清聴ありがとうございました。（拍手）"	121705254X03620250620_020	121705254X03620250620_024	121705254X03620250620_005
121705254X03620250620_024	田村貴昭	日本共産党		"○田村貴昭君　私は、日本共産党を代表して、租税特別措置法及び東日本大震災の被災者等に係る国税関係法律の臨時特例に関する法律の一部を改正する法律案、ガソリン暫定税率廃止法案に賛成の立場から討論を行います。（拍手）
　国民は、深刻な物価高騰に悲鳴を上げ続けています。二〇二二年からあらゆる物の価格が上昇し始め、消費者物価は今年に入っても下がる気配はなく、四月の上昇率は三・六％を記録しました。とりわけ、生きていくために必要な米を含む食料品の価格高騰は国民の生活を直撃しています。昨年秋以来、食品価格の上昇率は前年同月比で四％を超え、直近四か月では六％から七％台と、異常な値上がりが続いています。しかも、今後も更なる食品の値上げが予定されており、二〇二五年中には、二万品目以上の飲食料品が値上げする見込みも報告されています。まさに、生活と経営の危機が迫っているのであります。
　政府・自民党、公明党は、この間の物価高騰対策として、最も効果の高い消費税減税には背を向け、給付金、補助金などをばらまいただけでした。効果はなく、物価上昇を抑制できていないことは、否定できない事実です。にもかかわらず、石破総理は、再び現金給付を行うと言い出しました。参院選対策として一律二万円という給付金を公約したことは、余りにも国民を愚弄するものであります。
　政府の無為無策が続く間にも、物価高騰と実質賃金のマイナスが続き、国民は生活破壊にさらされているのです。ばらまきを続けるのではなく、物価を直接下げる減税に取り組むべきです。
　本法案が目指すガソリン暫定税率の廃止は、流通コストの高騰があらゆる物の価格に影響していることを考えれば、幅広く物価の値上がりを抑える効果が期待され、物価高騰対策として有効な手段であることは間違いありません。しかも、緊迫する中東情勢を踏まえれば、今後、原油価格が高騰する懸念は否定できません。まさに、そのような情勢に備える観点でも、ガソリン小売価格の高騰を抑制することは、当然、実施すべき対策であります。
　そもそも、暫定税率は、第一次オイルショックのときに、大規模な道路開発を実行するための財源を確保するために、国民の反対の声を無視して導入された特定財源でした。二〇〇九年に一般財源化されたときに、既に目的を逸しており、本則税率に戻すべきでした。異常な物価高騰に国民が窮している今、国民要求にかなうガソリン税の暫定税率の廃止法案に、当然、賛成するものであります。
　さらに、やるべき物価高騰対策が消費税減税です。我が党は、消費税廃止を目指し、緊急に五％に減税し、インボイスを廃止することを一貫して求めてきました。どの世論調査でも、現金給付ではなく、消費税減税を求める声が多数を占めており、消費税減税こそが最も有効な物価高騰対策であることは明らかです。
　ガソリン暫定税率の廃止、消費税の減税、不公平税制の抜本的見直しを求めて、討論を終わります。（拍手）"	121705254X03620250620_022		121705254X03620250620_005
121705254X03620250620_028	鈴木隼人	自由民主党・無所属の会		"○鈴木隼人君　請願上程に関する緊急動議を提出いたします。
　本日委員会の審査を終了した裁判所の人的・物的充実に関する請願外五百請願を一括議題とし、その審議を進められることを望みます。
　　　　―――――――――――――
　　　　〔請願の件名は本号末尾に掲載〕
　　　　―――――――――――――"			121705254X03620250620_028
121715254X02220250528_009	関口昌一	各派に属しない議員	議長	"○議長（関口昌一君）　この際、日程に追加して、
　日本学術会議法案について、提出者の趣旨説明を求めたいと存じますが、御異議ございませんか。
　　　〔「異議なし」と呼ぶ者あり〕"		121715254X02220250528_011	121715254X02220250528_009
121715254X02220250528_011	坂井学	自由民主党・無所属の会	国家公安委員会委員長・内閣府特命担当大臣（防災・海洋政策）	"○国務大臣（坂井学君）　日本学術会議法案につきまして、その趣旨及び内容の概要を御説明申し上げます。
　本法律案は、日本学術会議の機能強化に向けて、その独立性・自律性を抜本的に高めるため、学術に関する重要事項に係る審議、大学、研究機関、学会その他の学術に関係する者の間における連携の確保及び強化、学術に関する研究を円滑に進めるための社会環境の整備、学術に関する外国の団体及び国際団体との交流等を行うことにより、学術の向上発達を図るとともに、学術に関する知見を活用して社会の課題の解決に寄与することを目的とする法人として、日本学術会議を設立し、その目的、業務の範囲等に関する事項を定めるものでございます。
　次に、この法律案の内容につきまして、その概要を御説明申し上げます。
　第一に、日本学術会議について、特別の法律により設立される法人とするほか、日本学術会議の目的等に関する事項を定めることとしています。
　第二に、日本学術会議の機関として、日本学術会議会員、総会、会長、監事、会員候補者選定委員会、選定助言委員会等を置き、それらの職務等を定めることとしています。
　第三に、日本学術会議会員は、優れた研究又は業績がある科学者のうちから、総会が選任することとし、日本学術会議は、客観性及び透明性を確保する方法でこれを行い、会員の選任の過程を国民に明らかにするよう努めなければならないこととしています。また、会長は、特に優れた研究又は業績があり、人格が高潔で、かつ、日本学術会議の業務を適切かつ効果的に運営することができる能力を有する会員のうちから、総会が、その決議により選任することとし、日本学術会議は、会長が選任されたときは、会長の選任の理由等を公表しなければならないこととしています。
　第四に、日本学術会議の業務の範囲等について定めるほか、日本学術会議が、その適正な業務運営を確保し、また、国民に対する説明責任を果たすため、中期的な活動計画及び年度計画を作成し、毎事業年度の終了後における業務の実績等に関し、自ら点検及び評価を行うこと等を定めるとともに、内閣府に日本学術会議評価委員会を設置し、日本学術会議の自己点検評価の方法及び結果について、調査審議し、意見を述べることができることとしています。
　第五に、政府は、予算の範囲内において、日本学術会議に対し、その業務の財源に充てるため、必要と認める金額を補助することができることとしています。
　第六に、日本学術会議の設立準備に係る規定を設けるほか、現行日本学術会議法の廃止など、所要の規定の整備を行うこととしています。
　なお、この法律案の施行期日は、一部の規定を除き、令和八年十月一日としています。
　以上が、この法律案の趣旨及びその内容の概要でございます。（拍手）
　　　　─────────────"	121715254X02220250528_009	121715254X02220250528_012	121715254X02220250528_009
121715254X02220250528_012	関口昌一	各派に属しない議員	議長	"○議長（関口昌一君）　ただいまの趣旨説明に対し、質疑の通告がございます。順次発言を許します。石川大我君。
　　　〔石川大我君登壇、拍手〕"	121715254X02220250528_011	121715254X02220250528_017	121715254X02220250528_009
121715254X02220250528_017	坂井学	自由民主党・無所属の会	国家公安委員会委員長・内閣府特命担当大臣（防災・海洋政策）	"○国務大臣（坂井学君）　柴田巧議員の御質問にお答えいたします。
　日本学術会議の活動の評価と変化への期待についてお尋ねがありました。
　まず、ナショナルアカデミーは、主要先進国を始めとする海外諸国に置かれており、各国アカデミーや国際学術団体と連携して、学術の発展のためにグローバルな活動を行うとともに、政府から独立した立場で中長期的、俯瞰的な見地から、政府や社会に対して学術的なエビデンスを提供することなどを重要な役割としているものと承知しています。
　日本学術会議は、南極地域観測などのほか、数多くの共同利用研究所や研究機関の創設に関与したと承知しています。また、科学的助言等を行うとともに、Ｇ７の科学アカデミーの一員として、あるいは四十二に及ぶ国際学術団体と連携して学術の進歩に貢献してきたと承知しています。
　しかしながら、有識者懇談会の最終報告書においては、設立以来七十六年の学術の進歩と社会の変化を踏まえると、学術会議には拡大、深化する役割に実効的に対応していくことが求められており、国の機関のままの改革では限界があることから、機能強化に向けて独立性、自律性を抜本的に高めるため、より良い役割、機能の発揮にふさわしい組織形態として、学術会議を法人化することが提言されました。
　先日発表された学術会議の外部評価有識者による評価書においても、例えば、国民のアカデミアへの期待に応えるためには喫緊の社会課題をしっかり取り上げて検討していくべきである、東日本大震災による福島第一原子力発電所の事故が起きたとき、放射線の生体影響に関する科学的知見が国民に正しく伝わらなかったのではないかという反省もあるなどと指摘されているものと承知しています。
　この法案は、有識者懇談会の最終報告書の内容を踏まえ、学術会議とコミュニケーションを取りながら取りまとめたものであり、独立性、自律性を抜本的に高めることによる学術会議の機能強化と、国が設立し、国の財政的支援を受けて運営される組織としての説明責任の担保を主な内容とするものです。
　私としても、学術会議が社会と向き合い、国民と対話をしながらナショナルアカデミーに求められる現代的な役割を果たしていくためには、海外アカデミーのような自由度が高く活動しやすい組織にステップアップしていくことが必要だと考えております。学術会議がサイエンス・フォー・サイエンスのみならず、サイエンス・フォー・ソサエティーやサイエンス・フォー・ポリシーなどの役割に主体的にチャレンジし、国際社会における課題解決の貢献を通じて、我が国の国際的プレゼンスの向上にも寄与することを期待をしております。
　民間法人への移行についてお尋ねがありました。
　有識者懇談会では、各国のアカデミーの在り方は、様々な歴史的経緯などを背景に各国にふさわしい形態が取られているという認識の下で、我が国に適した形でのナショナルアカデミーとしての理想的な在り方を議論していただきました。
　その上で、海外アカデミーに見られる公益法人のような形に落ち着いていくことが理想的な在り方ではないかとしつつ、国が設立する法人として出発し、国民の理解と信頼を獲得するよう努め、財政面も含めた運営の自律性を着実に高めていくことが現実的だと考えたものと承知しています。
　その際、学術会議に期待される役割をより良く発揮するために、特別な地位、権限や、国による必要な財政的支援を法律に明記することから、公益法人といった民間が設立する法人ではなく、国が設立する特殊法人とするものです。
　将来的、最終的には公益法人のような形態となることも考えられますが、私としては、現実を踏まえ、学術会議が拡大、深化するアカデミーの役割にふさわしい組織にステップアップし、海外アカデミーのような活動をしやすい体制を整えていくことが今回の法人化の目的だと受け止めています。
　会長、副会長及び会員の選任理由の公表についてお尋ねがありました。
　法人化後の学術会議の人事については、国が関与せず、学術会議の意思決定により完結することとなっており、国が設置する法人としての適正性を確保するためには、選任の過程の透明性を確保し、国民への説明責任を果たすことが重要と考えています。
　会員の選任については、会員選任の過程の大枠を法定していること、選定の基準、方法等を選定方針の形で決定し、公表しなければならないことに加えて、選任された会員についての選任理由の公表などにより、選任の過程を国民に明らかにすることを求めています。
　これに対し、会長や副会長については、法人の運営のマネジメントを担う者であり、その時々の学術会議の具体的な目標や重点ミッションに基づく活動の形態などにより、求められる具体的な人物像とそれにふさわしい選出方法が異なると考えられることから、具体的な選任の過程については法定せず、学術会議に具体的な選任過程を委ねていることとしました。そのため、選任された会長や副会長の選任の理由等の公表を義務付けることにより、選任の過程の透明性を確保し、国民への説明責任を果たすこととしております。
　会員の選任理由の公表に対する今後の対応についてお尋ねがありました。
　有識者懇談会の報告書においては、学術会議の活動が国民から納得感を持って受け入れられるためにも、コオプテーションが適切に機能する前提としても、より良い選考基準や選考手続等の検討のために外部の意見を幅広く聴くこと、会員が仲間内だけで選ばれる組織だと思われないために、外部に説明できるような選考の仕組みを整えることを、国民の約束として制度的に担保することが必要であると提言されております。
　学術会議が我が国の科学者を代表し、特別な権限を有することを国民に納得していただくため、さらに、特定の思想の人たちを排除するような選考を行ってきたという懸念を払拭するためにも、学術会議の活動、運営を担う会員が客観性及び透明性を確保する方法で選任されることは極めて重要です。
　この法案では、国は会員の選任に関与せず、法定事項も選任過程の大枠のみに限定していますが、これは、分野の固定化防止や選任理由の公表等による透明性の確保については、学術会議が自主的、自律的に対応することを前提とした制度設計になっているということです。
　有識者懇談会の議論には学術会議の会長、副会長等にも毎回御参加いただいたわけですから、新制度の運用に当たっては、以上のような懇談会での議論や法律の趣旨を踏まえて学術会議において適切に対応されることを期待をしております。
　会長選考の制度設計についてお尋ねがありました。
　学術会議の会長は、学術会議を代表し、総会の議長の職務を行うほか、学術会議の経営に関する事務を総理する役割です。学術会議の使命、目的の拡大、深化、法人化後に見込まれるマネジメントに係る業務量及び責任の増大を考慮し、有識者懇談会最終報告書では、会長の資質としては、卓越した研究、業績に加えて、学術及び学術会議の方向性への明確なビジョン、組織マネジメント及びガバナンスに係る能力、経験、会員や国民、社会とのコミュニケーション能力なども求められると指摘されたところです。
　選考方法についても、会長は引き続き会員の互選とすることが適切、適当だが、会長に求められる資質を十分に勘案しながら選考するためには、慎重かつ丁寧なプロセスで選出することが必要であり、例えば学術会議の内部に会長選考委員会などを置くなどして、会長候補者の資質や業績を整理し、会員間で会長候補についての十分な情報を事前に共有することが考えられると述べられています。
　会長の資質や選考方法については、以上のような議論について学術会議においても特段の異論はなかったことから、この法案では、会長の要件として、学術会議の業務を適切かつ効果的に運営することができる能力を有することと規定するにとどめ、具体的な選任方法は学術会議の自主性、自律性に配慮して学術会議に委ねることとしました。
　会長が選任されたときは、学術会議は、会長の選任の理由その他の事項を遅滞なく公表することとなっており、法の趣旨に沿って国民に説明できる方法で会長を選任していただくことになっています。
　研究インテグリティー、そして、及び研究セキュリティーについてお尋ねがありました。
　ナショナルアカデミーが特定の政治勢力や外国勢力から独立して活動することが大事であることは言うまでもありません。政府全体としても、各大学、研究機関等において、採用や競争的研究費の申請に際して研究者自身による適切な情報開示を所属機関に対し報告することなどを求めており、各大学、研究機関等において、こうした研究者からの報告等も踏まえた上でマネジメントを行っているところです。
　我が国の科学者を代表する機関である学術会議は、このような我が国の科学者コミュニティー全体としての取組も当然踏まえながら、不透明な資金提供を受けるなど公正性に問題があるような人物が会員とならないよう、適切に対応されるものと考えています。
　秘密保持義務についてお尋ねがありました。
　この法案の秘密保持義務規定は、国が設立する法人に一般的に置かれているものであり、秘密とは、非公知の事実であって、実質的にもそれを秘密として保護するに値するものとされており、人事や法人経営に関する秘密も対象とする一般的なものです。ここで漏らすとは、秘密である事実を一般に知らしめること又は知らしめるおそれのある行為をすることをいい、秘密を漏らす対象は、不特定多数の人々である場合はもちろん、特定の人を対象とした場合であっても、その者を通じて広く流布されるおそれがある場合は、漏えいに該当することとなるとされています。
　法人と雇用契約関係となる者については、常勤、非常勤を問わず秘密保持義務規定の対象となるので、秘密保持義務規定が適用されるかどうかは雇用契約関係の有無によって判断していくことになりますが、適用対象外となる者に秘密を共有する場合には、秘密保持に関する契約を交わすなど適切な措置を講ずることが求められると考えております。仮に適切な措置を講じずに秘密を共有し、当該秘密を広く流布されるおそれを生じさせた場合には、当該会員又は職員は秘密保持義務違反に該当し得ると考えております。
　予算についてお尋ねがありました。
　学術会議に対する国の財政的支援については、有識者の最終報告書を踏まえ、学術会議の業務の財源に充てるため、必要と認める金額を補助することができることとしています。
　学術会議に関する経費は、これまでも予算編成過程のプロセスを経て、他の組織と同様に必要な金額が措置されてきたところであり、今後も必要な財政的支援は行っていくことになります。
　いずれにせよ、必要な金額が支援されるためには、予算要求の前提として活動、運営についての考え方が明確に示されていなければならず、法人化後は、実施しようとする主な活動は年度計画の中に位置付けられ、その意義やコンセプトが国民に説明できるものになっている必要があります。（拍手）
　　　〔国務大臣中谷元君登壇、拍手〕"	121715254X02220250528_012	121715254X02220250528_018	121715254X02220250528_009
121715254X02220250528_018	中谷元	自由民主党・無所属の会	防衛大臣	"○国務大臣（中谷元君）　柴田巧議員にお答えをいたします。
　日本学術会議の平成二十九年の声明が我が国の安全保障に資する研究に与えた影響についてお尋ねがございました。
　防衛省では、先進的な民生技術の積極的な活用を図るため、安全保障技術研究推進制度を平成二十七年度に設立をいたしました。
　当該制度の大学等の応募は、近年、件数自体は増加をしてきているところ、必ずしも御指摘の声明の影響だけではないと考えますが、様々な声に配慮して、依然として応募に慎重な主要大学が存在しているというのは事実であります。
　引き続き、学術界における御理解を賜れますよう、様々な努力を重ねてまいりたいと考えます。（拍手）
　　　　─────────────"	121715254X02220250528_017	121715254X02220250528_020	121715254X02220250528_009
121715254X02220250528_020	竹詰仁	国民民主党・新緑風会		"○竹詰仁君　国民民主党・新緑風会の竹詰仁です。
　会派を代表し、ただいま議題となりました日本学術会議法案について質問いたします。
　まず、今回の法案提出に至るプロセスについて触れざるを得ません。
　政府は、これまで学術会議と丁寧なコミュニケーションを取ってきたと説明されていますが、それであればなぜ、本法案の閣議決定と同日の三月七日、学術会議の光石会長が、学術会議が自主性、独立性の観点から指摘してきた懸念が払拭されていない中で法案の閣議決定が行われたことについては遺憾との談話を公表されたのでしょうか。丁寧なコミュニケーションとはどのようなコミュニケーションだったのか、坂井大臣に説明を求めます。
　学術会議が懸念を指摘してきたことに対し、学術会議の理解、納得を得ずに法案が提出されたため、四月十五日の日本学術会議総会において、国会に対し法案の修正を求める決議や様々な懸念を指摘する声明が採択されています。これでは、法案提出のプロセスに瑕疵があったと言わざるを得ません。
　学術会議の法案修正を求める決議や声明を政府としてどのように受け止めているのか、坂井大臣の答弁を求めます。
　衆議院での審議が始まると、全国の学会からも次々と懸念や反対の声明が発表されるようになりました。日本物理学会、日本心理学会、日本社会学会、日本法社会学会など、主要な学会が声明を出しています。こうした学会の声明を坂井大臣は読んでおられますか。読んでいるか読んでいないか、坂井大臣にお尋ねします。
　衆議院内閣委員会で坂井大臣は、有識者会議には学術会議にも毎回御参加いただき、会長自ら参加いただき、合計三十三回の議論を重ねた、様々な学術会議の意見も踏まえながら検討を重ね、会員の選考方法、評価、監事の仕組みなどを取りまとめたと発言されています。最終報告書の取りまとめ後も学術会議と協議を行った、学術会議の意見も法案に反映したとも言われています。これは本当ですか。私も数名の学術会議会員の方から直接お話を聞きましたが、政府と学術会議との協議もないし、意見の反映もないとおっしゃっていました。政府と学術会議と主張が食い違っています。
　学術会議自身、法人化そのものには反対しておらず、我が国のナショナルアカデミーとしてより良い役割発揮ができる組織へと変革する必要性については一致するところだと思います。目指すべきゴールが同じであるならば、真摯な協議を粘り強く積み重ねることで、政府と学術会議の双方が納得する解を出せるのではないでしょうか。
　学術会議との協議をもう一度やり直しませんか。そして、合意形成に取り組まれてはいかがでしょうか。坂井大臣の答弁を求めます。
　現在、立憲民主党と我が党とで法案の修正案の提出を検討しておりますが、政府案が学術会議の機能強化に寄与するものとなっているかという観点や、学術会議からも懸念を示されている論点について大臣に質問いたします。
　政府は、日本学術会議の機能強化に向けて、その独立性、自律性を抜本的に高めるため、新たに特殊法人としての学術会議を設立すると説明しております。独立性、自律性を高めることが学術会議の機能強化にどのように資することになるのか、説明を求めます。
　政府は、現行の学術会議が内閣府の特別の機関であるのに対し、新たな学術会議は特殊法人として設置することから、政府から独立していることが自明であるとして、現行法に規定されている独立性という文言を本法案には規定していない旨説明しています。
　しかし、本法案では、内閣総理大臣が任命する監事を学術会議の役員として設置することや、学術会議の運営状況を評価する日本学術会議評価委員会を内閣府に設置し、内閣総理大臣が委員を任命する仕組みが設けられております。
　これらはいずれも現行の学術会議には存在していない仕組みであり、特殊法人化して形式的には独立性を高めているように見えますが、実質的には政府の関与が現行学術会議よりも強化されることになりませんか。実質的に独立性が低下すれば、本法案の目的である機能強化に逆行することになりませんか。大臣の説明を求めます。
　学術会議の自律性について伺います。
　会員の選任については、現行の総理が任命する仕組みから総会が選任する仕組みに変わることで自律性が高まるとされています。しかし、現行法の下でも、令和二年十月に任命拒否問題が生じるまでは、総理の任命は形式的なものにすぎないとの昭和五十八年の中曽根総理の答弁のとおり、学術会議が推薦した会員が推薦どおりに任命されてきました。つまり、元々、会員選任は自律的な運用がなされていたと言え、むしろ任命拒否問題で政府が自律性を損なわせてしまったのではないでしょうか。
　会員以外の委員から成る選定助言委員会の設置や、六事業年度にわたる中期的な活動計画、毎事業年度の年度計画の作成などが法的に義務付けられており、むしろ自律性が低下するように思えます。自律性の観点から、会員の選任方法、選定助言委員会の設置、活動計画、年度計画について説明願います。
　国費により財政的支援を行う以上は、国として、学術会議の活動や運営が適切、適正であることなどを国民に説明できるようにする必要性は理解いたします。そのための方法が、監事や評価委員会の法定、中期的な活動計画の策定を義務付けることとしていますが、これらの方法が学術会議の独立性、自律性を低下させることにならないのか、大臣の見解を伺います。
　学術会議の機能強化を図るためには、財政基盤と事務局体制の強化も重要です。これまでの審議の中では必要な人的、財政的支援がどのように確保されるのかが不透明で、学術会員から不安の声を聞きました。財政基盤や事務局体制は学術会議に丸投げとお考えですか。学術会議の機能強化の観点で、財政基盤、事務局体制の強化について大臣の考えをお尋ねいたします。
　学術会議の活動が国民に見えにくいという指摘があります。活動が見えにくいので、学術会議の存在自体を後ろ向きに思う人が多いことも否めないと思います。これを機に政府としても、学術会議の歴史や活動内容、政策提言、国の政策、国の施策との関係、社会への影響などについて、国民により積極的に発信していただけませんでしょうか。学術会議を多くの人に正しく知ってもらうことも重要だと考えますが、大臣の見解を求めます。
　また、学術会議の提言などが国や地方の政策に反映されにくい、社会に余り影響を与えていないとするならば、どのような点が阻害要因になっているのかを分析し、政府と学術会議のコミュニケーションにより改善を図るべきと考えます。学術会議の提言等と政府の政策との関係についてどうあるべきか、坂井大臣の見解を求めます。
　以上、法案内容について質問いたしましたが、やはり令和二年十月の任命拒否問題について、政府には改めて誠実な説明を行うよう求めます。と申しましょうか、説明を求められなくても、政府は自ら起こした行動について自ら説明すべきと考えます。私は、この件で、学術会議は政府から拒否されるような人を推薦するのだと誤ったレッテルを貼られてしまった気がいたします。同時に、政府と学術会議との信頼関係も損なってしまった、学術会議の活動も国民に見えにくくなってしまったと思っております。
　学術会議と政府との間の信頼関係が損なわれ続ける状態は、社会課題の複雑化、深刻化が進み、国民生活や政策立案に科学的な知見を取り入れていく必要が非常に高まっている中で、国益を毀損していると言えます。
　任命拒否問題の情報を開示し、説明をし、学術会議と政府との信頼関係を再構築した上で、本法案はやり直すべきと考えますが、坂井大臣の見解を求め、質問を終わらさせていただきます。
　御清聴ありがとうございました。（拍手）
　　　〔国務大臣坂井学君登壇、拍手〕"	121715254X02220250528_018		121715254X02220250528_009
121715254X02220250528_021	坂井学	自由民主党・無所属の会	国家公安委員会委員長・内閣府特命担当大臣（防災・海洋政策）	"○国務大臣（坂井学君）　竹詰仁議員の御質問にお答えいたします。
　学術会議とのコミュニケーションについてお尋ねがありました。
　懇談会の最終報告書で提言された法人像の基本的な考え方は、国が設立する他の法人のような人事、業務へ国の関与はなく、学術会議だけで会員を選べるようにして会員選考の自律性を高め、法人の適法、適正な運営を担保するための仕組みも必要最小限のものとするなど、学術会議の意見を踏まえたものになっていると承知しております。
　また、個別の論点についても、議論の過程でお互いの理解が進んだものもあり、学術会議の懸念や意見を受け止めて、会員の選考方法、評価、監事の仕組みなどに反映した部分もあったと承知しています。
　この法案は、このような報告書を踏まえ、また、二月十三日の学術会議の幹事会で内容的にほぼ法案と言えるような詳細な資料で説明するなど、学術会議と引き続きコミュニケーションを取りながら作成したものでございます。さらに、閣議決定後も、学術会議に対しては、法案に関して示された懸念事項について四月八日に内閣府から詳細な見解を文書で示すなど、丁寧な説明に努めてきたところでございまして、学術会議には法人化及び法案自身に反対ではないというところまでは御理解いただいたものと認識をいたしております。
　この法案の意義及び内容について、更に広く御理解いただけるよう、引き続き丁寧に説明してまいりたいと思います。
　学術会議の決議や声明についてお尋ねがありました。
　先日の学術会議総会において、決議「日本学術会議法案の修正について」及び声明「次世代につなぐ日本学術会議の継続と発展に向けて」が可決されたことは承知しています。また、決議については、提案者自身が、総会において、法案に対する反対ではないかという御指摘も聞きますが反対ではございません、法案反対だとか法案を撤回せよというものではないと述べられたことも承知しております。
　政府としても、この法案の趣旨、内容について、法案審議の中でしっかりと説明を尽くしてまいりたいと考えております。
　全国の学会等から寄せられている声明などについてお尋ねがありました。
　御指摘の声明等については、内閣府に寄せられたものについては私も読ませていただいております。
　学術会議との協議や合意形成についてお尋ねがありました。
　法案においては、このような報告書の内容を踏まえ、学術会議とコミュニケーションを取りながら、独立した法人である学術会議の自主性、自律性に配慮しつつ、学術会議にふさわしい固有の制度設計を行いました。
　また、総会では、学術会議の懸念に対してゼロ回答ではなかった、やり取りを通じて相当の内容を勝ち取ることができた、予算、活動面や会員選考の独立性など一部の懸念については学術会議側の活動次第で問題にならない可能性もあるなどという議論もあったと聞いています。
　政府としては、この法案の趣旨、内容について、更に広く御理解いただけるように説明してまいりたいと考えております。
　学術会議の機能強化についてお尋ねがありました。
　この法案は、独立性、自律性を抜本的に高めることによる学術会議の機能強化、説明責任の担保を図るものでございます。
　国の機関から特殊法人に移行することにより、組織面でも機能面でも国から独立して職務を行うことが明らかになって、政府の方針と一致しない見解も含めて政府等に助言を行う機能を果たしやすくなるとともに、海外アカデミーから見て、日本は政府組織だが独立性が保たれるのかなどという懸念が生じることがなくなります。また、学術会議だけで自主的、自律的に会員を選べるようになり、外国人会員を登用しダイバーシティーを高めることも可能になります。
　組織運営の自由度が高まり、海外アカデミーのような柔軟な活動や必要な体制強化が可能になり、外部資金を獲得する努力を通じて、財政基盤の強化や活動の活性化にも資することになります。
　現状では、人事・組織関係制度や会計法令の制約があり、外部資金の受領や柔軟な人材登用などができないため、例えば、海外アカデミーや内外シンクタンクとの共同事業に対等な立場で参加ができない、専門人材の登用、官民や外国との研究者の交流に制約があるなど、海外アカデミーとの交流促進や、国内の各種学術団体との連携強化等に必要な活動や体制強化には限界があると考えられます。
　ナショナルアカデミーに求められる現代的な役割を果たしていくためには、海外アカデミーのような自由度が高く活動しやすい組織にステップアップしていくことが必要だと考えております。
　特殊法人化後の学術会議に対する政府の関与についてお尋ねがありました。
　新法人の設計に当たっての基本的な考え方としては、独立した法人としての学術会議の自主性、自律性に配慮し、独立行政法人等のような人事、業務への国の関与は行わず、評価制度等を通じて業務の改善、活性化に関する法人自身の自律的なサイクルを整えるにとどめるものとしております。
　新法人に対する内閣総理大臣の関与は、他の法人の主務大臣の権限に比べて大きく限定されており、例えば国が設立する他の法人のような人事、業務への国の関与はなく、内閣総理大臣は法人の長の任命、目標の指示や計画の認可は行いません。内閣総理大臣による会員の任命は行わず、学術会議だけで会員を選べるようにし、会員選考の自律性を高め、法人の適法、適正な運営と説明責任を担保するための仕組みも必要最小限のものとしています。
　また、監事や日本学術会議評価委員会は、法人の適法、適正な運営の確保や国民に対する説明責任の観点から設けているものであり、政府による不当な介入を許容するものではありません。
　したがって、実質的に独立性が低下するという御指摘は当たらず、法人化により、機能強化とより良い役割の発揮が図られると考えております。
　会員の選任方法、選定助言委員会の設置、活動計画、年度計画についてお尋ねがありました。
　新法人の設計に当たっては、独立した法人として学術会議の自主性、自律性に配慮し、法人自身の自律的なサイクルをとどめるところに国の関与をとどめています。
　会員の選任については、内閣総理大臣による任命は行わず、学術会議だけで会員を選任できるようにして自主性、自律性を高めており、会員選任の基準や手続等の詳細は学術会議に委ねることとしております。
　選定助言委員会は、選定の基準や方法を決定するに当たって外部の意見を聴くことを制度的に担保するために設けられているものであり、学術会議が国民からの信頼を維持するために不可欠です。委員は総会が選任し、その意見に法的な拘束力はなく、個別の選考について意見を述べないことから、学術会議が行う会員の選任に直接的な影響力を及ぼすものではありません。
　中期的な活動計画については、独立行政法人等の中期計画とは異なり、国からの目標の指示や計画の認可はなく、学術会議の自主性、自律性に配慮した仕組みとしています。
　年度計画については、予算編成過程において、翌年度に行おうとする活動を御説明いただく際に必要となるものであり、かかるプロセスを経て必要な金額が措置されることになります。
　いずれも国が設立する法人が適正、適切に運営されるために必要最小限の仕組みになっており、学術会議の自主性、自律性を損ない、過度な制約を課すということにはならないと考えております。
　監事、評価委員会及び中期的な活動計画についてお尋ねがありました。
　監事は、法人の適法、適正な運営を担保するための機関であり、国が設立し、国の財政的支援を受けて運営される法人に共通して求められる運営の健全性を担うものです。アカデミーの自主性、自律性とは別な、国民の説明責任からの要請です。
　監事の所掌事務は、国が設置する他の法人と同じものであり、監査事項も他の法人と同様のものです。監事が他の役員のように運営に直接携わったり、その職務において、学術的な内容、価値を評価するものではありません。
　評価委員会の所掌事務は、活動内容そのものの評価ではなく、学術会議が行った自己点検評価の方法及び結果に意見を述べることに限定されています。評価委員会は、学術的な内容や価値を評価するものではなく、また、その意見には法的拘束力はなく、意見を踏まえた最終的な判断は学術会議が行うこととなります。
　中期的な活動計画につきましては、独立行政法人等の中期計画とは異なり、国の目標の指示や計画の認可はありません。学術会議の自主性、自律性に配慮した仕組みとしています。
　これらの仕組みは、学術会議の意見を踏まえ、国が設立する法人が適正、適切に運営されるために必要最小限の仕組みになっており、学術会議の自主性、自律性を低下させるということはないと考えています。
　学術会議の財政基盤や事務局体制の強化についてお尋ねがありました。
　学術会議に対する国の財政的支援については、有識者の最終報告書を踏まえ、学術会議の業務の財源に充てるため、必要と認める金額を補助することができることとしています。
　学術会議に関する経費は、これまでも予算編成過程のプロセスを経て、ほかの組織と同様に必要な金額が措置されてきたところであり、今後も必要な財政的支援は行っていくことになります。
　必要な金額が支援されるためには、活動、運営についての考え方が明確に示されていなければならず、年度計画の中にしっかり位置付けられ、意義やコンセプトが説明できることになっている必要があります。
　また、事務局体制については、法定事項等は必要最小限にとどめ、内部規則に委ねるべきであるという学術会議の意見を踏まえて、学術会議において弾力的に対応していただくこととしたものです。
　法人化によりマネジメントの自由度が高まることから、現在は内閣総理大臣が行っている職員の任免は学術会議が行えることになり、自前の職員を採用し、長期間配置しておくことなども可能となります。また、給与の格付、応募資格、採用手続なども学術会議が定めることができます。
　いずれにせよ、独立性、自律性を高めるというこの法案の趣旨を踏まえ、学術会議において適切に対応していただくということだと思いますが、政府としても、学術会議の本来の活動に支障が出ることのないよう、しっかり対応していきたいと考えています。
　学術会議の活動の発信についてお尋ねがありました。
　日本学術会議がその役割を発揮していく上で、活動内容を国民に分かりやすく発信していただくことは極めて重要であります。
　これまでも、日本学術会議においては、定期的な記者会見やパンフレット、ウェブサイト等を通じて、日本学術会議の歴史や公表した提言とその内容等について周知に努めてきたものと考えておりますが、今期示されております日本学術会議第二十六期アクションプランにおいて情報発信強化の強化が掲げられているところであり、今後、国民に向けてより一層積極的な発信をしていただくことを期待しております。
　学術会議の提言等と政府の政策との関係についてお尋ねがありました。
　そもそもアカデミーとは、学術的知見に基づいて助言をしたり見解を述べたりすることを期待されているものであり、その際に、政治的、社会的あるいは宗教的な諸勢力からの影響を受けずに、学術的見地からのみによって行われるべきものと理解されているものと承知しています。そして、アカデミーから提示された学術的知見を踏まえて、何をどのように取り入れるかを検討し、政治的、社会的に決定するのは、政治や行政、社会、国民であると理解されています。
　その上で、世界的にサイエンス・フォー・ポリシーが強く求められている中、学術会議が国民や社会からの理解と信頼を得て支持を拡大していくためには、学術的助言等の実効性を高めること、すなわち国民、社会の関心やニーズを適切に拾い上げ、実現、実装の視点も加味した課題設定や審議を行うこと、学術的な知見を提供していただくことが必要です。また、発出した学術的助言等が理解され、実現されるよう、必要なフォローアップを行うとともに、法人化により、自由度が高く活動しやすい組織になり、国民と対等でフラットな立場から国民に届くような発信や対話に努めていただきたいと考えております。
　既に学術会議におきましても、アクションプランに基づき、より良い役割発揮に向けて、タイムリー、スピーディーな意思表出、産業界や国民等とのコミュニケーションなどに取り組んでいるものと承知をいたしているところでございます。
　学術会議と政府との信頼関係についてお尋ねがありました。
　この法案は、独立性、自律性を抜本的に高めることによる学術会議の機能強化と説明責任の担保を図るものです。
　この法案は、そのような報告書を踏まえ、二月十三日の学術会議の幹事会で内容的にほぼ法案と言えるような詳細な資料で説明するなど、学術会議とコミュニケーションを取りながら作成したものであり、この閣議決定後も、四月八日に内閣府から詳細な見解を文書で示すなど、丁寧な説明に努めてきたところです。
　この法案の趣旨、内容について、更に広く御理解いただけるよう、法案審議の中で丁寧に説明してまいりたいと考えております。（拍手）
　　　　─────────────"			121715254X02220250528_021
121715254X02220250528_023	井上哲士	日本共産党		"○井上哲士君　日本共産党の井上哲士です。
　会派を代表して、日本学術会議法案に対し、坂井大臣に質問します。
　まず指摘しなければならないことは、二〇二〇年十月、当時の菅総理が会員候補者六名の任命を拒否した問題です。
　総理大臣による任命が形式的であることは、国会で答弁され、確定した法解釈です。にもかかわらず、政府は、内部の勝手な検討で、国会にも示さず、推薦のとおりに任命すべき義務があるとまでは言えないと解釈を一方的に変更し、六名の任命を拒否しました。
　解釈変更に関し、日本学術会議事務局と内閣法制局との間で行われた検討過程を示す文書の黒塗り部分の開示は、内閣委員会での理事会協議事項となったまま、実現していません。一方、東京地裁は十六日、不開示部分の内容は、内閣総理大臣による会員の任命権ないし任命拒否権の限界を考えるに当たり有用な資料だとし、開示を命令する判決を下しました。
　不開示部分には、任命拒否できる場合の判断基準、要件等が記載されていると推察され、本法案で総理大臣が監事、学術会議評価委員、新法人設立時の会長職務代行者、設立委員の指名や委任を行う場合の基本となる考え方と密接に結び付くものであり、不開示のまま法案の審議に入ることは許されません。政府は直ちに控訴を取り下げ、開示するべきです。
　現行の学術会議法の解釈を勝手に変更し、違法な任命拒否を行いながら、その経過も理由も明らかにしない政府に本法案を提出する資格はないのではありませんか。答弁を求めます。
　大臣は、衆議院で、特定なイデオロギーや党派的な主張を繰り返す会員は、今度の法案の中で解任できると驚くべき答弁をしました。優れた研究又は業績があるとして選ばれた会員を政治信条を理由に解任するなど、極めて重大です。ここに、気に入らない科学者は排除するという政府の本音が現れているのではありませんか。この答弁は即刻撤回すべきです。
　安保法制が強行された二〇一五年を機に、政府は軍需産業振興に大きくかじを切りました。その年に防衛装備庁が発足し、大学等に研究を委託する安全保障技術研究推進制度がつくられました。それに対し、政府による研究への介入を指摘し、慎重な判断を求めたのが二〇一七年の学術会議の「軍事的安全保障研究に関する声明」です。以降、政府は学術会議への介入を強め、二〇二〇年の任命拒否の上、本法案が提出されました。
　本法案は、学術を軍事に動員し、短期的で実用的な経済的利益の獲得に貢献させるため、学術会議から独立性、自主性、自律性を奪い、時の政権の意に沿う別組織につくり替える学術会議解体法案にほかならないことは明らかではありませんか。答弁を求めます。
　このことは、本法案が現行法にある前文を削除していることに如実に示されています。
　前文は、科学が文化国家の基礎であるという確信に立って、科学者の総意の下に、我が国の平和的復興、人類社会の福祉に貢献し、世界の学界と協力して学術の進歩に寄与することを使命とすることをうたっています。学術会議法は、戦前の政府が学術を政治に従属させ、学術の側も戦争遂行に加担したとの痛苦の反省の上に、国内の科学者の手で法案要綱が起草され、国会による審議を経て成立したものです。前文の科学者の総意の下にとの文言は、学術会議の独立性、自主性、自律性のよりどころにほかなりません。
　大臣は、現行法の理念は本法案に引き継がれていると言いますが、科学者の総意は法案のどこに引き継がれているのですか。
　四月十五日の学術会議の総会決議は、学術会議の合意もないまま、科学者の代表により起草された現行法を廃止し、日本学術会議の理念や組織の骨格を定める内容の法案を政府が提出したことは遺憾と言わざるを得ないと厳しく批判しています。学術会議の同意もない法案を提出すること自体が、科学者の総意を否定するあからさまな政治介入ではありませんか。
　別に法律の定めるところにより内閣府に置かれる特別の機関とされてきた学術会議は、本法案により、その組織及び運営に関する事務が内閣府の所掌事務に位置付けられ、政府の監督の下に置かれます。さらに、法案は、運営助言委員会、日本学術会議評価委員会、監事、選定助言委員会など、学術会議の組織、運営、財務、会員選考に幾重にも政府や学術会議外の者が介入する仕組みを定めています。政府はこの法案が学術会議の独立性、自律性を高めるものと言いますが、管理、監督の仕組みをこれだけ張り巡らせて、なぜ独立性、自律性が高まると言えるのですか。
　学術会議は、これらの仕組みが、近視眼的な利害に左右されない独立した自由な学術の営みを代表するアカデミーの活動を阻害するもので、到底受け入れられないと表明しています。そのような法案をなぜ押し付けるのですか。政府は、学術会議の活動を阻害したいのですか。お答えください。
　総理大臣任命の監事及び評価委員会の設置、中期目標、中期計画の法定、次期以降の会員選考への特別な方法の導入、選定助言委員会の設置という学術会議が到底受け入れられないとした五つの内容について、政府はどう対応したのですか。その結果、学術会議の懸念は完全に払拭されたのですか。
　その国の学者、科学者を代表して、社会と政府に対し科学的見地から助言を行い、学術の国際活動に参加し、世界的にも連携して世界の学術と社会の発展に貢献するナショナルアカデミーの役割は、政府からの独立が確保されてこそ発揮されるものです。学術会議が政府から自立した存在であるということが国際的な信用を得ることにもつながっている、他国のアカデミアは、学術会議の意見を日本政府の意向を反映した意見ではなく中立的な意見として聞いてくれる、それを政府が管理してしまったらアカデミアとしての信用は失墜してしまう、この指摘をどう受け止めるのですか。
　学術会議という科学者コミュニティーへの政府の介入は、学問の自由を乱暴に踏みにじるものです。思想、信条、表現の自由などとは異なり、学問の自由は、個々の科学者の研究、発表、教授の自由の保障に加え、科学者の相互批判と検討を可能とする科学者集団の自律的な規律があってこそ保障されます。
　大臣は、本法案が学術会議の会員である者が個人として有している学問の自由に影響を及ぼすものではないと答弁していますが、科学者コミュニティーには学問の自由の保障は及ばないのですか。お答えください。
　会員の選任は、学術会議の自主性、自律性の要です。ところが、法案は、会員以外の科学者から学術会議総会が選任する選定助言委員会を設置し、会員の選定方針に意見を述べるとしています。会員候補者選定委員会の諮問に応じてなら、個別の会員選考に意見を述べることは否定されていません。
　学術的な業績を審査し、優れた科学者を選考することは、その分野に通じた科学者以外には困難です。だから、現会員が次期会員を選任するコオプテーション方式は、世界のアカデミーで採用されている標準的な会員選考方式となっています。五人から七人という少数の選定助言委員会委員の意見が会員選考に反映される仕組みは、コオプテーション方式とは相入れないのではないですか。
　学術を軍事に動員し、目先の経済的利益の獲得に貢献させるため、学術会議を解体する本法案は廃案以外にありません。
　以上を述べ、質問とします。（拍手）
　　　〔国務大臣坂井学君登壇、拍手〕"			121715254X02220250528_023
121715254X02220250528_024	坂井学	自由民主党・無所属の会	国家公安委員会委員長・内閣府特命担当大臣（防災・海洋政策）	"○国務大臣（坂井学君）　井上哲士議員の御質問にお答えいたします。
　黒塗り部分の開示及び法案を提出する資格についてお尋ねがありました。
　御指摘の箇所は、内閣総理大臣による日本学術会議の会員の任命に関する考え方の検討途中の部分であり、情報公開法の不開示事由に該当すると判断したことから不開示としているものです。政府としては、当時の不開示決定は適法なものであると考えているため、控訴したものです。
　法案審議との関係についてお尋ねがありましたが、この法案は、国が設置する法人として必要な規定を整備するものであり、国の機関である現行の学術会議について規定する現行法の解釈と関係はないと承知しております。
　会員の解任についてお尋ねがありました。
　会員の解任については、現行法でも、会員として不適当な行為があった場合、学術会議からの申出に基づいて、任命権者である内閣総理大臣が退職させることができることになっており、この法案により新設するものではありません。
　その上で、この法案では、会員の解任は、会員が学術会議の業務に関し著しく不適当な行為をしたと認める場合に限り、会員候補者選定委員会の求めを受けて、総会の決議により行うこととされています。すなわち、国が会員の解任に関与する仕組みにはなっておりません。
　私が五月九日の衆議院内閣委員会で述べたのは、政治的、社会的勢力や特定の外国勢力から独立して学術的な活動をしていただくというのが望ましいということは言うまでもない、特定のイデオロギーや党派的な主張を繰り返す会員は学術会議が解任できる、どのような場合が解任に該当する事由となるかについては学術会議において適切に判断されるべきであろうということです。
　このため、仮に政治的な中立性を疑われるようなことがあるなら、それが学術会議の業務に関する著しく不適当な行為に当たらないのかどうか、国民や社会にきちんと説明できるように、学術会議において自主的、自律的に適切に判断されるだろうということを申し上げたものです。
　学術会議解体法案ではないかとのお尋ねがありました。
　新法人の設計に当たっての基本的な考え方としては、独立した法人としての学術会議の自主性、自律性に配慮し、独立行政法人等のような人事、業務への国の関与を行わず、評価制度等を通じて業務の改善、活性化に関する法人自身の自律的なサイクルを整えるにとどめています。
　このため、新法人に対する内閣総理大臣の関与は、他の法人の主務大臣の権限に比べて大きく限定しており、国が設立する他の法人のような人事、業務への国の関与はなく、内閣総理大臣は、法人の長の任命、目標の指示や計画の認可は行わないこととしています。したがって、学術会議解体法案という御指摘は当たらないと考えます。
　科学者の総意についてお尋ねがありました。
　七十六年前に科学者の総意の下に設立されたという基本的な在り方及び前文に書かれている設立時の理念は、我が国のナショナルアカデミーの基本理念として、時代の変化に合わせた形で新法、新法人に引き継がれていくものです。
　学術会議においても、四月十五日の総会における声明において、日本学術会議の理念と位置付けは変わらず存続する、これまでの歩みや取組を、世界及び国内の社会課題の解決に寄与しつつ、学術の更なる発展のために自ら行動し、次世代へと引き継いでいくと宣言されているものと承知しています。
　学術会議の同意についてお尋ねがありました。
　繰り返しになりますが、有識者懇談会の最終報告書は、学術会議の会長等にも毎回参加していただき、三十三回の議論を積み重ねて取りまとめたものです。このような報告書の内容を踏まえ、学術会議とコミュニケーションを取りながら、学術会議にふさわしい固有の制度設計を行いました。
　四月十四日の学術会議総会では、学術会議の懸念に対してゼロ回答ではなかった、やり取りを通じて相当の内容を勝ち取ることができた、予算、活動面や会員選考の独立性など一部の懸念については、学術会議側の活動次第で問題にならない可能性もあるなどといった議論もあったと聞いております。
　このように、学術会議には、法人化及び法案自身に反対でないというところまで御理解いただいていると認識しており、引き続き丁寧に説明してまいりたいと考えております。
　学術会議の管理監督の仕組みについてお尋ねがありました。
　まず、国の機関から特殊法人に移行することにより、国から独立して職務を行うことが明らかになり、政府の方針と一致しない見解を含めて政府等に助言を行う機能を果たしやすくするとともに、海外アカデミーから見て、日本は政府組織だが独立性が保たれるのかなどという懸念が生じることがなくなります。学術会議だけで自主的、自律的に会員を選べるようになり、外国人会員を登用し、ダイバーシティーを高めることも可能になります。組織運営の自由度が高まり、海外アカデミーのような柔軟な活動や必要な体制強化が可能になり、外部資金を獲得する努力を通じて、財政基盤の強化や活動の活性化にも資することになります。
　その上で、新法人の設計に当たっての基本的な考え方としては、評価制度等を通じて活動、運営の実施と改善に関する法人自身の自律的なサイクルを整えるにとどめています。
　選定助言委員会は、委員は総会が選任し、意見に法的な拘束力はなく、個別の選考について意見を言わないことから、学術会議が行う会員の選任に直接的な影響力を及ぼすものではありません。
　運営助言委員会は、その意見に拘束力はなく、会長の諮問機関にすぎません。
　監事の所掌事務は、国が設置する他の法人と同じもので、学術的な内容、価値に立ち入るものではありません。監査事項も他の法人と同様のものです。
　また、日本学術会議評価委員会は、自主性、自律性に配慮し、独立行政法人のように業務の評価を内閣総理大臣が直接行う代わりに、学術に関する研究の動向等に広い経験と高い識見を有する委員に専門的な見地から審議していただくために設けるものであります。
　以上のように、この法案は、学術会議の独立性、自律性を抜本的に高めることになる機能強化を目的とするものであり、監事などの国が設立する法人が適正、適切に運営されるための仕組みも必要最小限のものになっております。
　学術会議の表明についてお尋ねがありました。
　有識者懇談会での議論の中で、学術会議から御指摘のような意見の表明があったと承知していますが、四月十四日の学術会議総会では決議の提案者自身が、法案反対だとか法案を撤回せよというのではないと明確に述べており、学術会議には、法人化及び法案自身に反対でないというところまでは御理解いただいていると認識しています。
　いずれにせよ、この法案は、独立性、自律性を抜本的に高めることによる学術会議の機能強化と説明責任の担保を図るものであり、アカデミーとしての自由な活動を阻害するようなものではありません。
　学術会議の懸念に対する具体的対応についてお尋ねがありました。
　監事については、その所掌事務を国が設立する他の法人と同じものとし、法人に対する忠実義務も課すとともに、常勤でなくてもよいこととしました。
　評価委員会については、意見を言う対象を自己点検評価書に記載されている自己点検評価の方法及び結果に限定し、学術会議の活動の学術的な価値を評価するものではないことを明確にしました。
　中期目標や中期的な活動計画については、国による目標の指示や計画の認可は行わず、活動計画も独立行政法人のような細かいものとはしないこととしました。
　会員の選考方法については、選定助言委員会が意見を言う対象を選定方針に限定する、つまり、各会員の個別の選考には意見を言わないこととしました。
　このように、この法案では様々な点で学術会議の意見や懸念を反映しており、学術会議には、法人化及び法案自身に反対でないというところまで御理解いただいていると認識しております。
　アカデミーとしての国際的信用についてお尋ねがありました。
　法人化により、学術会議の独立性が組織面でも明確になり、政府とは別の法人である海外アカデミーと同様の高い独立性を有する組織になるものと考えています。
　先日、学術会議の元会長が述べられていたように、海外アカデミーから見て、日本は政府組織だが独立性が保たれるのかなどという懸念が生じることもなくなります。
　会員の選任についても、内閣総理大臣による任命は行わず、海外アカデミーと同じように、学術会議だけで自律的に選任できるようにして、会員の選任についても自主性、自律性を高めています。
　このように、この法案の目的は、独立性、自律性を抜本的に高めることによる学術会議の機能強化です。学術会議の独立性が組織面でも明確になり、海外アカデミーと同様に、政府とは完全に別な立場で活動できるようになるということを海外アカデミーに対してもきちんと説明していくことは大事なことだと考えています。
　学問の自由についてお尋ねがありました。
　憲法第二十三条に定められた学問の自由については、政府としてこれまで答弁してきたとおりに、広く全ての国民に保障されたものであり、特に大学における学問研究の自由、その成果の発表の自由、教授の自由を保障したものであると承知しています。
　その上で、この法案は、学術会議の会長等にも毎回参加していただいた有識者懇談会の最終報告書を踏まえ、独立性、自律性を抜本的に高めることによる学術会議の機能強化と説明責任の担保を図るものであり、我が国の科学者や学術会議の自由な活動を阻害するようなものではありません。
　選定助言委員会についてお尋ねがありました。
　この法案における選定助言委員会は、委員は総会が選任し、意見に法的な拘束力はなく、個別の選考について意見を言わないことから、学術会議が行う会員の選任に直接な影響力を及ぼすものではありません。
　その上で、有識者懇談会の報告書においては、学術会議の活動が国民から納得感をもって受け入れられるためにも、コオプテーションが適切に機能する前提としても、より良い選考基準や選考手続等の検討のために外部の意見を幅広く聴くこと、会員が仲間内だけで選ばれる組織だと思われないために外部に説明できるような選考の仕組みを整えることを国民との約束として制度的に担保することが必要であると提言されたものです。
　政府としては、報告書に沿って選定助言委員会を設けることとしたところであり、狭い範囲内でのコオプテーションは独善的な結果に陥る可能性があるということは、学術会議自らも指摘しているところと承知しています。
　特定の思想の人たちを排除するような選考が行われてきたという懸念を払拭するためにも、選定の基準や方法を決定するに当たって外部の意見を聴くことを制度的に担保することは、学術会議が国民からの信頼を維持するために不可欠であると考えられます。（拍手）"			121715254X02220250528_024
121715254X02220250528_027	豊田俊郎	自由民主党		"○豊田俊郎君　ただいま議題となりました法案につきまして、政治改革に関する特別委員会における審査の経過と結果を御報告申し上げます。
　本法律案は、最近における物価の変動、選挙等の執行状況等を考慮し、選挙等の円滑な執行を図るため、国会議員の選挙等の執行について国が負担する経費で地方公共団体に交付するものの基準を改定しようとするものであります。
　委員会におきましては、選挙に要する経費の基準を法律により定める意義と必要性、投票立会人等の費用弁償額の妥当性、現行選挙制度における課題とその解消、障害者の投票環境改善等について質疑が行われました。
　質疑を終局し、採決の結果、本法律案は多数をもって原案どおり可決すべきものと決定いたしました。
　以上、御報告申し上げます。（拍手）
　　　　─────────────"			121715254X02220250528_027
121715254X02220250528_032	塩田博昭	公明党		"○塩田博昭君　ただいま議題となりました法律案につきまして、災害対策特別委員会における審査の経過と結果を御報告申し上げます。
　本法律案は、令和六年能登半島地震から得られた教訓を今後に生かし、災害対策の強化を図るため、国による地方公共団体の応援体制の強化、被災者援護協力団体の登録制度の創設、広域一時滞在等における被災住民への情報提供の充実、地方公共団体における物資の備蓄状況の公表の義務化、救助の種類への福祉サービスの提供の追加、災害時における日本下水道事業団の業務の特例の創設、内閣府の防災監の新設等の措置を講じようとするものであります。
　委員会におきましては、参考人から意見を聴取するとともに、登録被災者援護協力団体の欠格事由の在り方、被災者支援の担い手確保に向けた取組、広域避難を行う被災者の実態把握のための方策等について質疑が行われましたが、その詳細は会議録によって御承知願います。
　質疑を終局した後、日本共産党の仁比聡平委員より、登録被災者援護協力団体の欠格事由のうち、役員に、心身の障害により被災者援護協力業務を適正に行うことができない者として内閣府令で定めるものに該当する者のあることを削除すること等を内容とする修正案が提出されました。
　次いで、採決の結果、修正案は賛成少数により否決され、本法律案は全会一致をもって原案どおり可決すべきものと決定いたしました。
　なお、本法律案に対し附帯決議が付されております。
　以上、御報告申し上げます。（拍手）
　　　　─────────────"			121715254X02220250528_032
121715254X02220250528_037	片山さつき	自由民主党		"○片山さつき君　ただいま議題となりました令和五年度予備費関係四件につきまして、決算委員会における審査の経過と結果を御報告申し上げます。
　令和五年度予備費関係四件は、憲法、財政法等の規定に基づき、予備費の使用等について国会の事後承諾を求めるため提出されたものであります。
　これらの主な費目について申し上げますと、まず、一般会計原油価格・物価高騰対策及び賃上げ促進環境整備対応予備費の使用は、地域の実情に応じた低所得者支援及び定額減税を補足する給付に必要な経費であります。
　次いで、一般会計予備費の使用は、道路等災害復旧事業等に必要な経費などであります。
　次いで、特別会計予備費の使用は、給油所等設備災害復旧に必要な経費などであります。
　次いで、特別会計予算総則の規定による経費の増額は、地方譲与税譲与金に必要な経費の増額などであります。
　委員会におきましては、これら四件を一括して議題とし、まず、財務大臣から説明を聴取した後、質疑は決算外二件と一括して行われましたが、その詳細は会議録によって御承知願います。
　質疑を終局し、討論に入りましたところ、立憲民主・社民・無所属を代表して青木理事より、予備費三件については反対し、特別会計予算総則の規定による経費の増額については賛成する旨の意見が述べられました。次いで、日本維新の会を代表して山口理事より、予備費関係四件に反対する旨の意見が述べられました。次いで、日本共産党を代表して大門委員より、一般会計原油価格・物価高騰対策及び賃上げ促進環境整備対応予備費及び特別会計予備費については反対し、その他二件については賛成する旨の御意見が述べられました。
　討論を終局し、採決の結果、令和五年度予備費関係四件はいずれも多数をもって承諾を与えるべきものと議決されました。
　以上、御報告申し上げます。（拍手）
　　　　─────────────"		121715254X02220250528_044	121715254X02220250528_037
121715254X02220250528_044	関口昌一	各派に属しない議員	議長	"○議長（関口昌一君）　次に、日程第六の経費増額総調書について採決をいたします。
　本件を承諾することの賛否について、投票ボタンをお押し願います。
　　　〔投票開始〕"	121715254X02220250528_037		121715254X02220250528_037
121715254X02220250528_048	牧山ひろえ	立憲民主・社民・無所属		"○牧山ひろえ君　ただいま議題となりました脱炭素成長型経済構造への円滑な移行の推進に関する法律及び資源の有効な利用の促進に関する法律の一部を改正する法律案につきまして、経済産業委員会における審査の経過と結果を御報告申し上げます。
　本法律案は、脱炭素成長型の経済構造への円滑な移行に資する投資を促進するため、二酸化炭素の排出に係る排出枠の割当て及び排出枠に係る取引、脱炭素化再生資源の利用を促進するための制度を創設するとともに、化石燃料賦課金の徴収等に関する規定を整備する等の措置を講じようとするものであります。
　委員会におきましては、排出削減に係る政策の在り方、カーボンプライシングの価格水準、中小企業の脱炭素化に向けた取組、循環経済への移行に向けた取組等について質疑が行われましたが、その詳細は会議録によって御承知願います。
　質疑を終局し、討論に入りましたところ、日本共産党を代表して岩渕委員より反対する旨の意見が述べられました。
　次いで、採決の結果、本法律案は多数をもって原案どおり可決すべきものと決定いたしました。
　なお、本法律案に対して附帯決議を行いました。
　以上、御報告申し上げます。（拍手）
　　　　─────────────"			121715254X02220250528_048
121715254X02220250528_053	和田政宗	自由民主党		"○和田政宗君　ただいま議題となりました法律案につきまして、内閣委員会における審査の経過と結果を御報告申し上げます。
　本法律案は、人工知能関連技術の研究開発及び活用の推進に関する施策の総合的かつ計画的な推進を図り、もって国民生活の向上及び国民経済の健全な発展に寄与するため、人工知能関連技術の研究開発及び活用の推進に関する施策について、基本理念及び人工知能基本計画の策定その他の施策の基本となる事項を定めるとともに、人工知能戦略本部を設置しようとするものであります。
　委員会におきましては、参考人から意見を聴取するとともに、我が国におけるＡＩの研究開発の現状と競争力強化に向けた支援策、ＡＩの利活用により生じるリスクへの対応、国際的議論の動向と他国の法令との比較を踏まえたＡＩ規制の在り方、ＡＩ分野における人材育成の必要性、ＡＩリテラシー向上を図るための施策の在り方等について質疑が行われましたが、その詳細は会議録によって御承知願います。
　質疑を終局し、討論に入りましたところ、日本共産党の井上委員より反対、立憲民主・社民・無所属の木戸口理事より賛成、れいわ新選組の大島委員より反対、日本維新の会の片山委員より賛成、国民民主党・新緑風会の竹詰委員より賛成の旨の意見がそれぞれ述べられました。
　次いで、採決の結果、本法律案は多数をもって原案どおり可決すべきものと決定いたしました。
　なお、本法律案に対し附帯決議を行いました。
　以上、御報告申し上げます。（拍手）
　　　　─────────────"			121715254X02220250528_053
121715254X02320250530_002	関口昌一	各派に属しない議員	議長	"○議長（関口昌一君）　御異議ないと認めます。小泉進次郎農林水産大臣。
　　　〔国務大臣小泉進次郎君登壇、拍手〕"		121715254X02320250530_003	121715254X02320250530_002
121715254X02320250530_003	小泉進次郎	自由民主党・無所属の会	農林水産大臣	"○国務大臣（小泉進次郎君）　食品等の流通の合理化及び取引の適正化に関する法律及び卸売市場法の一部を改正する法律案につきまして、その趣旨を御説明申し上げます。
　生産資材・原材料価格の高止まりなどの中で、食品等の持続的な供給を実現するためには、持続的な供給に要する費用を考慮した価格形成を促進するとともに、農林漁業と食品産業との連携強化を始めとする食品産業の持続的な発展に向けた事業活動を促進することが必要であります。
　このため、食品等の持続的な供給を実現するための食品等事業者による事業活動の促進と食品等の取引の適正化のための措置を強化するため、この法律案を提出した次第であります。
　次に、この法律案の主な内容につきまして、御説明申し上げます。
　まず、食品等の流通の合理化及び取引の適正化に関する法律の一部改正であります。
　第一に、法律名を「食品等の持続的な供給を実現するための食品等事業者による事業活動の促進及び食品等の取引の適正化に関する法律」に改めます。
　第二に、食品等事業者が、農林漁業者との連携強化を図る取組などを行おうとする場合には、これらの計画について農林水産大臣の認定を受けられるものとし、認定を受けた食品等事業者には、株式会社日本政策金融公庫による貸付けの特例などの措置を講ずることとしております。
　第三に、農林水産大臣は、取引の相手方から持続的な供給に要する費用等の考慮を求める事由を有して取引条件の協議の申出がされた場合には、誠実に協議に応ずることなどの飲食料品等事業者等の努力義務を定めます。また、これらの措置に関し、判断の基準となるべき事項を定め、当該基準に照らして必要に応じ、指導及び助言、勧告及び公表などの措置を講ずることとしております。また、指定飲食料品等を対象に、農林水産大臣は、その持続的な供給に要する費用に関して参照すべき指標の作成、公表などを行う団体を認定できることとしております。
　次に、卸売市場法の一部改正であります。
　中央卸売市場及び地方卸売市場において、その開設者が、指定飲食料品等の持続的な供給に要する費用に関して参照すべき指標などを公表することとしております。
　以上が、この法律案の趣旨でございます。（拍手）
　　　　─────────────"	121715254X02320250530_002	121715254X02320250530_004	121715254X02320250530_002
121715254X02320250530_004	関口昌一	各派に属しない議員	議長	"○議長（関口昌一君）　ただいまの趣旨説明に対し、質疑の通告がございます。順次発言を許します。横沢高徳君。
　　　〔横沢高徳君登壇、拍手〕"	121715254X02320250530_003	121715254X02320250530_005	121715254X02320250530_002
121715254X02320250530_005	横沢高徳	立憲民主・社民・無所属		"○横沢高徳君　立憲民主・社民・無所属の横沢高徳です。
　ただいま議題となりました食品等の流通の合理化及び取引の適正化に関する法律及び卸売市場法の一部を改正する法律案について、会派を代表して質問いたします。
　食べることは生きること。食料は人間の生命の維持に欠くことのできないものであり、体をつくる栄養とともに心の栄養にもなる、私たちの健康で充実した生活の基盤となる生きる力の源です。全ての国民が将来にわたって良質な食料を合理的な価格で入手できるようにすることは、政治の重要な役割です。
　世界的な人口増加等による食料需要の増大、気候変動による生産減少など、国内外で食料の安定供給が人類の課題となっております。
　我が国日本においては、ここ四半世紀で農業の担い手は二百三十四万人から最新では百十一万人と半分以下に減り、農地面積は四百八十七万ヘクタールから四百三十万ヘクタールと五十七万ヘクタール減少、三重県一県分の面積の農地が消滅、国内生産基盤の弱体化に歯止めが掛かりません。令和の米騒動と言われる今、食料の安定供給に対する国民の不安と関心は更に高まっています。
　まずは、国民の皆様が特にも関心を寄せている政治と米について、小泉農林水産大臣に伺います。
　今、メディアはこぞって備蓄米に注目していますが、そもそも日本の主食であるお米、不作でもないのに備蓄米を無制限で放出しなければならなくなっているこの事実を真摯に受け止めるべきです。これまでの日本の農政の在り方そのものが問われています。
　小泉大臣は、お米の生産量は足りていると考えているのか、備蓄米を無制限で放出した後、国民の皆様へのお米の安定供給可能な生産量が確保できるのか、今後、今回のような騒動は起きないと言えるのか、小泉大臣に伺います。
　家庭では、お米が高くてなかなか手が出ない、育ち盛りの子供におなかいっぱいお米を食べさせたいけど高くてね。飲食店では、お米が値上がりしたからといって価格に転嫁できる状況ではないんだよ。生産者は、米は高いけど米を作っている我々の収入はそこまで上がってない、どこがもうかっているんだかね。これが国民の生活の現場の生の声です。
　そんな中、江藤前大臣は、米は買ったことがない、売るほどあるとの発言で辞任されました。
　五キロ二千円、備蓄米を無制限で放出するという、小泉大臣は公言をされました。
　昨年改正された食料・農業・農村基本法二条五項に「食料システムの関係者によりその持続的な供給に要する合理的な費用が考慮されるようにしなければならない。」とありますが、今回の五キロ二千円は小泉大臣の独断で決まったようなものです。今回のように大臣の独断で価格が決められるのであれば、本法案の審議の前提が崩れているとも言えます。
　小泉大臣の五キロ二千円の独自価格決定と本法律案の合理的な価格形成の整合性について、大臣の分かりやすい答弁を求めます。
　また、小泉大臣は、資材、肥料、燃料、機械代の高騰の中、生産費、流通コストを考慮した合理的なお米の店頭価格は五キロ幾らになると考えているのか、数字で明確にお答えください。
　食料安全保障の確保では、国民への食料の安定的な供給が重要であり、食料の安定的な供給のためには安定した生産が必要、安定した生産のためには生産者の安定した所得の確保が必要です。
　我が国の食料自給率は三八％、先進国では最下位、食料生産の持続可能性を確保することは最重要課題であります。しかしながら、原材料価格の高止まりや円安、あらゆるものが高騰する中、コストが価格に反映されず、生産者を取り巻く状況は厳しさを増しています。
　改正案は、コストの負担を生産者に偏らせることなく食料の安定供給を目指すべきとの声に応えて提出に至ったものと理解をしています。そこで、改めて、改正案提出の背景は何であったのか、確認をさせてください。また、適正な価格形成の実現という目標に対して、食品等流通法の改正により対応するとした理由も併せて小泉大臣に伺います。
　次いで、再生産可能な価格形成について伺います。
　昨年の基本法質疑の際、再生産可能な価格形成について考慮すべきではないかとこの場で質問したところ、当時の坂本農林水産大臣は、再生産可能な価格形成は生産者だけに着目したものであり、食料システム全体の関係者が納得する仕組みづくりが重要との認識を示されました。食料の持続的な生産を確保するため、再生産可能な価格形成の必要性について、小泉大臣の見解を伺います。
　消費者は安心、安全で安価な食料を求めています。生産者は安心、安全な食料生産と高収益を求めています。この相反する望みをかなえることは、今回の法改正により実現可能と考えているのか、併せて小泉大臣に伺います。
　次いで、事業者の努力義務について伺います。
　改正案では、飲食料品等事業者等に対し、二つの努力義務を課すこととしています。
　一つ目は、コストや価格などの取引条件を示して協議の申出があった場合に誠実に協議に応ずるというものです。今回法律に明記することで、協議の拒否や一方的な取引条件の変更などを防ぐとともに、決定過程の透明性向上につながるものと評価いたします。
　ただし、改正案は誠実に協議に応ずることを努力義務としているのであり、あくまでも取引条件は取引当事者間で決定されます。協議の内容によっては、これまでのように立場の弱い生産者側に負担のしわ寄せが行く可能性も考えられます。コスト割れの供給を阻止するための具体策をどのようにするのか、小泉大臣に伺います。
　二つ目の努力義務は、取引の相手側から商慣習の見直しなどの提案があった場合には必要な検討及び協力を行うことです。
　衆議院では、賞味期限の三分の一を経過した商品の納入を受け付けないという、いわゆる三分の一ルールのほか、発注から納入までの時間の緩和、納入負担の削減などが想定されるとの答弁がありました。
　また、リードタイムの問題に関して、製パン業に対し一部の小売店から納品の前日に発注がされることで、見込みでパンを製造することもあり、商品が売れない場合には過剰となるばかりか、丹精込めて作った製品を自らの手で破棄しなければならず、心理的な負担、労力の負担は大きく、また食品ロスにもつながる、こうした商慣習は改める必要があります。
　そこで、商慣習の見直しに係る判断基準を定める際の基本的な方針について確認をさせていただきます。また、農林水産大臣は、ルールを守らない行動に対して指導、助言等を厳格に行うべきと考えますが、大臣の見解を伺います。
　衆議院では、事業者が努力義務を果たしているのか否か、判断基準について議論がありました。
　省令で定める判断基準については、事業者の講じる措置がどのような場合に著しく不十分と認められるのかといったものだけではなく、取引における事業者の望ましい行為も併せて定めることが法律の実効性確保につながるものと考えます。江藤前大臣は衆議院での質疑で、上限と下限を定めた取引の事例をすばらしいと評価されていましたが、どのように判断基準を定めようとしているのか、小泉大臣に丁寧に答弁を求めます。
　改正案では、取引において、持続的な供給に要する費用について認識しにくい飲食料品等を農林水産大臣が省令で指定することとしており、具体的には、米、野菜、牛乳、豆腐・納豆が候補とされています。この指定品目について、農林水産大臣が認定したコスト指標作成団体がコスト指標を作成することとしています。
　そこで、指標作成団体の認定に至る手続とその際の留意事項について、政府の考えを伺います。また、農林水産大臣は指標作成団体に対し必要な指導及び助言を行うものとされていますが、これらの具体的な内容について併せて伺います。
　改正案は、食品等事業者による事業活動の促進のための措置として、四つの事業活動計画の認定制度を設けようとしています。
　一つ目は、産地の近くに一次加工施設等を整備し農林漁業者との安定的な取引を確立する活動、二つ目は、物流施設でパレット上に荷物を自動で積む機械を導入するなど流通の合理化を図る活動、三つ目は、飲食店等に油の酸化防止装置を導入して省エネや油の消費量を減らすなど環境負荷を低減する活動、四つ目は、有機栽培などの取組を表示する電子ＰＯＰモニターを売場に整備し、消費者が選びやすい情報を発信する活動と、衆議院で説明がありました。
　安定取引関係確立事業活動等については、農林漁業者の所得向上につながることが重要と考えますが、どのように推進するのか伺います。また、その成果指標についても、所得の向上につながるように設定すべきと考えますが、併せて小泉大臣に見解を伺います。
　改正案は、いかにして消費者の理解を得て、関係者が納得する形で持続性のある価格形成につなげられるかが最大のポイントと考えます。理解はするけど消費者が購入を戸惑う価格になってしまっては意味がありません。
　改正案は、取引の適正化と食品等事業者の事業活動の促進を図ることを目的としていますが、それらによって再生産可能な価格が実現できるか、農業関係者の多くは期待をするとともに、懐疑的でもあります。
　消費者は安心、安全で安価な食料を入手したい、生産者は安心、安全な食料生産と再生産可能な所得を確保したい、この望みをかなえることが政治に求められています。
　価格は市場で、所得は政策での考えの下、立憲民主党は、食料安全保障の視点から、令和版直接支払制度を創設すること、すなわち国内生産基盤の強化に向けた新たな食料確保・農地維持支払制度を提案しています。
　食料を守ることは国民の命を守ること。日本の農政の在り方について国会で大いに議論されることを期待し、質問を終わります。
　御清聴いただき、ありがとうございました。（拍手）
　　　〔国務大臣小泉進次郎君登壇、拍手〕"	121715254X02320250530_004		121715254X02320250530_002
121715254X02320250530_006	小泉進次郎	自由民主党・無所属の会	農林水産大臣	"○国務大臣（小泉進次郎君）　横沢高徳議員の御質問にお答えいたします。
　米の生産量についてのお尋ねがありました。
　六年産米については、米の生産量が前年よりも十八万トン多くなっています。この生産量や民間在庫の水準、これまで売り渡した備蓄米の量を踏まえれば、全体として米の供給量は足りていますが、流通関係者や消費者の不足感が払拭されていないと考えられます。
　他方、七年産の主食用米は、買入れを当面中止している備蓄米と合わせ、百三十三・四万ヘクタール、例年の水準であれば、昨年から四十万トン増の七百十九万トンが主食用として供給される見込みです。この百三十三・四万ヘクタールは、過去五年間で最大の生産面積となる見込みです。
　今後のことは予断を持って申し上げられませんが、あらゆる事態を想定して必要な対応を行ってまいります。
　次に、米の価格の在り方についてのお尋ねがありました。
　五キロ幾らと考えているのかというお尋ねでありますが、価格は市場で決まるものであり、具体的な水準を申し上げることは困難であります。その上で、現在、昨年の二倍にもなっている米価に対して、迅速に対応しなければ消費者の米離れが進みかねません。このため、まずは今回の随意契約による政府備蓄米の売渡しを行っているところです。
　また、今回の五キロ二千円は、古々米、古古古米としての評価等も反映した売渡価格を基に一般的なマージンなどを加えた試算です。今回、一旦現在の米価が落ち着いたならば、生産者と消費者が双方納得のいく価格が形成されていくことが重要です。
　食料システム法案は、飼料価格等の高止まりの中でも食料を持続的に供給していくため、費用を考慮した価格形成を促すものです。米についても、今回の法案の取組を通じて消費者と生産者の双方の理解を深めてまいります。
　次に、法案提出の背景と理由についてのお尋ねがありました。
　この法案は、円安の進行やウクライナ情勢などにより、輸入に依存している肥料、飼料などの資材価格やエネルギー価格が高騰し、食料の生産、供給に要する費用が上昇する一方、価格転嫁が十分に進まず、食料の持続的な供給に懸念が生じていたことを背景として提出したところです。
　現行の食品流通法は、食品の流通の合理化を図るための計画制度を定めるとともに、食品の流通に関する調査等により取引の適正化を図るものですが、生産から販売に至る食料システム全体での食料の持続的な供給を図るため、計画制度について、流通の合理化だけでなく農林漁業者との取引の拡大、環境負荷の低減などにも拡充するとともに、取引の適正化について、取引実態の調査に加え、費用を考慮した誠実な協議などの努力義務を定め、指導、助言、勧告、公表などの措置を講ずることにより、一層強化することとしたところです。
　次に、再生産可能な価格形成についてのお尋ねがありました。
　生産者にも消費者にも、特定の方にしわ寄せが生じる仕組みでは、食料を持続的に供給していくことはできません。このため、この法案では、生産者の再生産可能な価格形成ばかりを追求するのではなく、食料システム全体で費用を考慮した価格形成を進めていくこととしています。
　今回の取組は非常に難しい課題ですが、食料を持続的に供給していくためには不可欠な取組ですので、危機感と挑戦の決意を持って取り組んでまいります。
　次に、事業者の努力義務についてのお尋ねがありました。
　この法案は、取引当事者間で取引条件を定めることを前提とし、費用などの考慮を求める事由を示して、協議の申出があった場合には誠実に協議に応じることを努力義務としています。その上で、この努力義務について、売手も買手もどのような取組を行う必要があるのかを明確化するため、その行動規範を判断基準として農林水産省令で定めることとしています。
　判断基準の内容は引き続き関係者と協議をして具体化していきますが、公正なものとなるよう丁寧に協議を進めてまいります。
　次に、商慣習の見直しについてのお尋ねがありました。
　商慣習の見直しは、適正な取引を推進する観点からも、食品ロスを削減する観点からも極めて重要と考えています。このため、判断基準を定めるに当たっても、二つの視点を持って検討を進めてまいります。また、商慣習の見直しなどの提案があったにもかかわらず必要な検討、協力が行われない場合には、この法案に即し、指導、助言、勧告、公表などを適切に行ってまいります。
　次に、判断基準についてのお尋ねがありました。
　農林水産省令で定める判断基準の内容については現在関係者と協議を進めているところですが、例えば、売手に対しては、生産、製造に要する費用をきちんと把握し、費用が変動した際にはその水準や要因などを誠実に説明する、買手に対しては、売手からの協議の申出に速やかに応じ、どのように費用を考慮したのか誠実に説明するといった内容も想定されます。
　判断基準の策定に当たっては、生産から消費までの関係者の意見を十分に伺い、現場の実態を反映したものとすると同時に、公正取引委員会に協議し、食料・農業・農村政策審議会の意見も聴き、公正なものとするよう取り組んでまいります。
　次に、コスト指標作成団体についてのお尋ねがありました。
　コスト指標については、生産から販売に至る各段階の関係者の間で納得が得られるものとすることに留意する必要があります。このため、この法案では、コスト指標作成団体に対し、生産、製造、加工、流通、販売のうち、少なくとも複数の段階の事業者や団体が参画することを求めるとともに、その認定に当たっては、生産から販売に至る全ての段階の関係者の意見を聴き、さらに、公正取引委員会にも協議を行うなどの手続を経ることとしています。また、コスト指標作成団体の認定後においても、公正で正確なコスト指標を作成することが求められるため、特定の段階の意見に偏っていないか、正確な情報提供の前提となる秘密保持が厳守されているかなどの業務運営をチェックし、適宜適切な指導、助言を行ってまいります。
　次に、安定取引関係確立事業活動等についてのお尋ねがありました。
　食品産業は農林漁業者と消費者とをつなぐ重要な役割を果たしているため、この法案では、食品事業者が地域の農林漁業者との安定取引を進めるなどの取組を後押しすることとしています。また、その推進に当たっては、食品事業者や農林漁業者ばかりでなく、地方公共団体や商工会、研究機関など地域の関係者が雇用と所得を生み出すために取り組む連携支援計画の取組も後押しすることにより、前向きな取組を誘発することとしています。
　こうした取組により、農業・食料関連産業の国内生産額を拡大することを目指してまいります。（拍手）
　　　　─────────────"			121715254X02320250530_006
121715254X02320250530_008	松野明美	日本維新の会		"○松野明美君　日本維新の会の松野明美です。
　私は、会派を代表し、食品等の流通の合理化及び取引の適正化に関する法律及び卸売市場法の一部を改正する法律案につきまして、小泉農林水産大臣にお伺いいたします。
　初めに米についてです。
　昨年から令和の米騒動と騒がれ、農水省からは新米が出れば価格は落ち着くとの説明でしたが、落ち着くどころか事態は悪化し、今年から備蓄米の放出をしていますが、価格は昨年の約二倍となっています。
　昨年、我が党の代表を務めます大阪府の吉村知事から政府に対して備蓄米放出の要請がありましたが、無視されました。もっと早く備蓄米を放出していれば、ここまで高騰せず、国民に負担を強いることはなかったのではないでしょうか。これまでの対応は全てが遅く、失敗と言われても仕方ありません。
　スーパーの米売場では、米の価格が高く、買おうかどうか悩んでいる人たちがいます。自分は食べなくても、せめて、せめて子供たちにはおなかいっぱい食べてもらいたいと必死に頑張っている家庭もあります。学校では子供たちから給食の量が少ないという声も出ています。
　米の価格が高止まりし、国民が苦しんでいる中、前大臣の、米は買ったことがない、売るほどあるとの発言で多くの国民が怒り、傷つきました。そして、この度、小泉新農林水産大臣が誕生しました。消費者と生産者の双方を守る、非常に難しいかじ取り役だと考えます。
　現在の我が国の農業は明らかに衰退しています。私たち日本維新の会は、昭和のままの農政をぶち壊し、農業を成長産業へと変えていく、まさに今がラストチャンスだと考えています。
　大臣がこれからやろうとしている新しい農政改革、特に米政策や農協改革についてお聞かせください。
　国民が期待しているのは、米全体の価格が下がることです。備蓄米の価格を下げても、ブランド米を含めた米全体の価格を下げるのは容易ではありません。
　現在、備蓄米を販売している店は少なく、しかも、数に限りがあり、朝一番に配付される整理券がないと購入できない場合もあります。六月から放出される備蓄米は、随意契約により、特定の流通ルートによって店頭に並ぶとされています。しかし、安い備蓄米には購入希望者が殺到することが予想されます。もし消費者の間で奪い合いになり、欲しくてもなかなか買えない人が続出するような事態となれば、公平性を欠いた政策運用と言わざるを得ません。
　備蓄米は、国民の税金によって確保されてきた、言わば国民の財産です。本来、備蓄米は全ての国民に公平にその恩恵が届く仕組みであるべきだと考えますが、小泉大臣はいかがお考えですか。また、各家庭に備蓄米を配付するような仕組みがふさわしいと考えましたが、御見解をお伺いいたします。
　備蓄米は消費者へのインターネット販売も検討されています。しかしながら、昨今、インターネット上においては、転売や、販売を装った詐欺被害が後を絶ちません。このような中、国が関与する形で備蓄米のネット販売が行われるとなれば、政府がやっているという信頼感を逆手に取った詐欺サイトの出現など、新たな被害の誘発が懸念されます。
　こうした詐欺被害の可能性に対し、どのようなリスク認識をお持ちなのか、そして、被害防止のためにどのような対策をしていくおつもりか、お聞かせください。
　続きまして、法案について質問いたします。
　食は私たちの生命の維持に欠くことができないもので、良質な食料を適正な価格で入手できなければなりません。そのためには、生産、加工、運送、販売、それぞれの事業者の活躍が欠かせません。
　これまで、農業の生産から販売まで、生産者と消費者とをつなぐ法律、食品流通法がありました。重要な役割を持つ法律、食品流通法をなぜ改正するのでしょうか。何を変え、我が国の食料の供給に何を起こそうとしているのでしょうか。詳しく御説明ください。
　コスト指標について伺います。
　生産者が農産物を作るのに支払ったコストをきちんと回収するためには、そのコストを数字にして、取引条件の交渉が必要です。農業者、加工業者、流通業者、小売業者が、売る立場、買う立場からコストのデータに基づき、納得のある取引が実現できると考えます。
　今回の法律案には、国認定の団体がコストの指標を作成することになっていますが、品目はどうなるのでしょうか。限定するのか、品目は今後どこまで拡大するのでしょうか、伺います。
　これまで、農林水産業者、食品事業者は、長いデフレ経済の中で安売り競争にさらされ、コスト上昇分を販売価格に転嫁できず、経営が悪化してまいりました。これは、我が国の食料自給率が三八％と世界の主要先進国の中でも最低水準だからと考えます。
　日本の食生活は約六〇％を海外からの輸入農産物に頼っており、価格は自由競争の中で決まるため、正確な売値に反映されないのではないかと危惧しています。
　今回盛り込んだコスト指標の提示の実効性について伺います。
　一番難しい課題は、消費者への理解です。国民の八割が食品を購入する際、価格を意識するそうです。また、現在、物価高騰の中で安さ重視が強まっています。高い価格ですが、これが適正価格ですと訴えても、理解を得るのは簡単ではありません。農家の苦労、農産物の価値を消費者に伝えるために、本法案の役割と取組を伺います。
　農林水産物・食品の価格高騰の影響についてです。食卓に与える物価高の影響を可視化したカレーライス物価は、二年前の一食当たり二百九十八円から、現在は四百七円と四割近く上昇しています。食料品の高騰によって国民が思うように食べ物を口にできない状況は、食料安全保障の問題としても非常に重大です。
　大臣は、食料価格の高騰に対してどのような対策をお考えでしょうか。
　我が党は、食料品の消費税率二年間ゼロ％にすることを提案しています。食料品への消費税減税は国民が望んでいる対策ではないかと考えますが、大臣はどのようにお考えでしょうか。
　食料を安定して国民に届けるためには、生産現場から輸送が必要です。近年は、トラックの運転手不足、労働時間の規制で、運ぶ力が不安視されています。しかし、食は国民の命です。輸送を途絶えることは許されません。この食品の物流の安定のために、国の取組はどのようにお考えでしょうか、伺います。
　現在、世界的な地球温暖化による作物への影響、ウクライナ情勢、世界人口の増加などにより、いつでも簡単に我が国が食料を輸入できる状況ではなくなっています。食品産業に原材料を安定して手に入れてもらうことは重要ですが、これまでのように国産が足りなければ輸入すればよいという考えでは成り立たなくなっています。
　これまで以上の農産物の安定的な生産と、食品事業者をしっかりと守っていく体制が必要です。お考えをお聞かせください。
　農は国の基です。持てる力を最大限に生かせる農政こそ持続可能な農政であり、全ては国民のため。米の価格を適正な価格に戻すのは通過点です。その後、新しい農政改革を実現できるかどうかの苦しい勝負どころを迎えます。
　未来を賭けたレースは既に始まっています。沿道の声にしっかり耳を傾けながら、最後まで全力で走り抜いていただきたい。そのことを最後に申し上げ、質問といたします。
　御清聴ありがとうございました。（拍手）
　　　〔国務大臣小泉進次郎君登壇、拍手〕"		121715254X02320250530_009	121715254X02320250530_008
121715254X02320250530_009	小泉進次郎	自由民主党・無所属の会	農林水産大臣	"○国務大臣（小泉進次郎君）　松野明美議員の御質問にお答えいたします。
　今後の農政の方向性についてのお尋ねがありました。
　我が国の農業は、農業者の減少、高齢化など、様々な課題に直面していることから、平時からの食料安全保障を実現するための将来に向けた投資として、農業の構造転換を集中的に推し進めていくことが重要です。
　米価高騰への対応については、随意契約による備蓄米の売渡し等をスピード感ときめ細やかな目配りを持って取り組んでまいります。
　農協については、昨日、ＪＡ全中の山野会長始めＪＡグループの幹部の皆様とお会いし、現在進めている随意契約による備蓄米の売渡しについても、消費者の米離れを防ぐためという点で一致し、御理解をいただくことができました。
　今後は、農産物を高く売れるマーケットの開拓や輸出拡大などにより一層力を入れていただきたいと考えており、これらの課題に連携して取り組んでまいります。
　次に、政府備蓄米を各家庭に配給すべきとの御提案がありました。
　仮に配給をする場合、全国にあまねく分配することとなれば、分配の計画、物流事業者との調整など、実際に国民の皆様の手に届くまでには大幅な時間が掛かる等の課題があり、スピード感を持ってお届けすることは難しいと考えられます。
　次に、政府備蓄米のネット販売における詐欺被害や転売のリスク認識と対策についてのお尋ねがありました。
　米の価格高騰に便乗した詐欺サイトや転売のリスクを多くの方々が心配していることは承知しています。米に限らず、ネット販売の詐欺被害への防止について、警察庁や消費者庁において詐欺サイトの手口やその対策について情報提供や取締り等が行われているところであり、当省においても被害防止に向けた注意喚起を行ってまいります。
　転売に関しては、政府備蓄米の売渡しを行う際には、売渡し相手の事業者に対して転売防止に努めることを契約で定め、転売を防ぐこととしています。また、ネット通販、フリマサイトにおいて転売禁止の対応をされている事業者も確認しております。今後も、転売を防ぐために必要な対応を検討してまいります。
　次に、法改正の理由と狙いについてのお尋ねがありました。
　現行の食品流通法は、食品の流通の合理化を図るための計画制度を定めるとともに、食品の流通に関する調査等により、取引の適正化を図るものです。
　今回、生産から販売に至る食料システム全体での食料の持続的な供給を図るため、計画制度について、流通の合理化だけでなく、農林漁業者との取引の拡大、環境負荷の低減などにも拡充するとともに、取引の適正化について、取引実態の調査に加え、費用を考慮した誠実な協議などの努力義務を定め、指導、助言、勧告、公表などの措置を講ずることにより、一層強化することとしたところです。こうした措置を通じて、食料の持続的な供給を実現し、食料安全保障を強化しようとしています。
　次に、品目の指定についてのお尋ねがありました。
　この法案は、食料全般を対象として持続的な供給を実現しようとしていますが、特に指定する品目については、生産から販売に至る各段階のコストの指標を公表することとしています。
　現在、指定品目の候補として、米、野菜、飲用牛乳、豆腐・納豆の四つの品目を対象に、品目ごとの関係者により、どのようにコスト指標を策定するのかなど協議を進めており、引き続き、食料・農業・農村政策審議会の意見も伺って、丁寧に品目指定に向けて取り組んでまいります。
　また、その他の品目の指定についても様々な要望をいただいていますが、まずは、現在協議中の四品目に関して制度運用の土台をしっかりと固めることに注力してまいります。
　次に、コスト指標の実効性についてのお尋ねがありました。
　この法案では、費用などを示して協議の申出があった場合には誠実に協議するなどの努力義務を定め、必要に応じて指導、助言、勧告、公表などを実施することにより、費用を考慮した取引を促すこととしています。
　多くの関係者が活用できるコスト指標は、指定品目ごとに産地などの実情を反映したものであることが重要です。このため、生産、製造、加工、流通、販売の複数の段階の事業者、事業者団体が参画した指標作成団体の下で公正かつ正確なコスト指標を作成することにより、その実効性を高めてまいります。
　次に、消費者の理解についてのお尋ねがありました。
　費用を考慮した価格形成を実現していく上では、消費者の理解醸成が何よりも重要です。このため、この法案では、国からの情報発信を積極的に行うほか、生産から販売に至るコスト指標を策定し、消費者の手元に届くまでにどれだけのコストが掛かっているのかを明確にします。さらに、直接消費者と接する食品事業者が生産現場などの実情を分かりやすく伝える取組を後押しすることとしており、これらの措置を通じて消費者理解の醸成に取り組んでまいります。
　次に、食料価格の高騰と食料品への消費税減税についてのお尋ねがありました。
　我が国の食品価格は欧米に比べ高い上昇率で推移しており、特に、現在、昨年の二倍にもなっている米価に対して、まずは八月までの緊急的な措置として、今回の随意契約による売渡しを行っています。農林水産省としては、こうした取組を通じてマーケットを落ち着かせるべく努力してまいります。
　また、消費税の在り方については、農林水産省の所管ではありませんので、答弁は差し控えさせていただきます。
　次に、食品の物流の安定についてのお尋ねがありました。
　政府では、これまでも、物流革新に向けた政策パッケージを取りまとめ、官も民も、物流事業者も荷主事業者も協力して、物流の効率化、安定化に努めてきたところです。
　特に、食品については、産地から消費地までの輸送距離が長いなどの特性があるため、鮮度を保ちつつトラックドライバーの負担を軽減できるよう、中継共同物流拠点の整備を進めてきたほか、トラック輸送への集中を分散させるため、船舶、鉄道などへのモーダルシフトを推進してきたところです。
　さらに、この法案では、伝票の電子化などのデジタル化、データ連携を始め、様々な流通の合理化の取組に対し長期低利融資などの支援措置を講ずることとしており、食品の物流の効率化、安定化に一層取り組んでまいります。
　農産物の安定的な生産と食品業者を守る体制の必要性についてのお尋ねがありました。
　農産物の安定的な生産に向けては、人、農地、技術を最大限活用するなど生産基盤の更なる強化を図っていく必要があり、新たな基本計画に基づき、初動五年間で農業の構造転換を集中的に推し進められるよう、施策の充実強化を図ってまいります。
　また、食品事業者については、この法案における農業者と連携して国産原材料の安定調達を図る取組などを支援する計画認定制度などを通じて、その発展に努めてまいります。（拍手）
　　　　─────────────"	121715254X02320250530_008		121715254X02320250530_008
121715254X02320250530_011	舟山康江	国民民主党・新緑風会		"○舟山康江君　国民民主党・新緑風会の舟山康江です。
　ただいま議題となりました両法律案につきまして、会派を代表して、関係各大臣に質問をいたします。
　法案自体の問題点や課題をただす前に、消費者、そして生産者も含めて、国民全員が小泉新大臣の一挙手一投足を注視している米価高騰対策について質問します。
　問題の原因の的確な特定が、有効な対策の実行には不可欠です。三月の予算委員会以降、何度も指摘をしていますが、私は、昨年夏以降の米価高騰の引き金は供給不足だったと考えます。
　これに対して、政府は米価高騰の原因を流通の目詰まりの一言で片付けてきましたが、小泉大臣は、就任前は政府と同じ考えだったのか、また、就任後の現在はどのようなお考えか、まずはお聞かせください。
　二十六日の決算委員会で小泉大臣は、需要があれば、備蓄米の在庫六十万トンを全て放出してもいいと答弁しましたが、供給量さえ増やせば米価高騰は解消するという分析をした、つまりは、原因を供給不足と特定した上で、既に三十一万トン放出した今なお供給不足との認識なのか、併せてお答えください。
　また、小泉大臣が就任後、備蓄米放出の方法を一般競争入札から随意契約へと方針転換した根拠もお聞かせください。
　大臣所信では、米については、消費者に安定した価格で提供することが農林水産省の使命だと表明されていますが、安定した価格とは何を指すのでしょうか。低価格ですか、再生産を考慮した持続可能な価格ですか。小泉大臣、お答えください。
　一般競争入札から随意契約への変更は、備蓄米放出の目的自体も大きく変えました。当初は、流通の円滑化により高騰し過ぎた価格を鎮静化する方針だったはずですが、流通経費まで国が負担し、低価格で直接大手小売に販売する手法は、国による価格介入であり、市場をゆがめないのか。あわせて、需給バランスが崩れ、暴落のおそれはないのか。小泉大臣、お聞かせください。
　この度の随意契約で、受付開始直後から申込みが殺到したのも当然です。六十キロ税込み一万一千五百五十六円の売渡価格は、精米換算で五キロ千七十円ですから、小売価格二千円でも十分過ぎる利益が見込まれ、余りに好条件という印象ですが、小泉大臣、この売渡価格の設定根拠も教えてください。
　本来、不測時の最終手段であるべき備蓄米を全て放出するのは、食料安全保障上も問題です。七年産の備蓄米は当面買入れ禁止との方針も相まって、不測時の備えとして機能しなくなるんじゃないですか。小泉大臣、よもや輸入米を増やせば大丈夫と思っているわけではないですよね。
　供給不足の根本的な原因も考える必要があります。
　ぎりぎりの供給量では、不足の発生や懸念が生じると一気に供給不足となり、市場は混乱します。農業は、自然状況に左右され、工業製品と違い、計画生産は不可能です。加えて、かつては食管制度の下、圧倒的な過剰対策として減反政策が強力に進められてきましたが、稲作はコスト割れの低米価などの厳しい営農環境を背景に急激な担い手減少と高齢化に直面しており、近い将来、米の生産抑制をしなくても需要量が果たして賄えるのかという、私は大いに懸念を持っています。
　今回の低価格誘導策とも言える大臣のメッセージが、米農家の生産意欲減退に拍車を掛ける懸念はありませんか。今回の事態を教訓に、むしろ増産を後押しする政策に転換すべきではないのか。小泉大臣に伺います。
　改めて、基本法がうたう国内生産の増大を基本に食料の安定供給を図るためには、持続可能な仕組み、すなわち生産者側が再生産できる仕組みが必要であり、それには所得の確保が欠かせません。
　財務大臣の諮問機関、財政制度等審議会は、昨年十一月二十九日の令和七年度予算の編成等に関する建議で、輸入可能なものは輸入し、ほかの課題に財政余力を、さらには、食料自給率の向上を目指した国内生産の底上げは大きな国民負担とも述べています。
　世界の食料需給が不安定化する中、何とかして国内生産の増大を図ろうとしている折、加藤大臣も審議会の建議と同じ認識なんでしょうか。国内生産の増大を基本とする基本法の方向性を否定、米も足りなくなれば輸入すればいいとお考えですか。
　かつて、ＦＡＯ、国連食糧農業機関主催の世界の食料安全保障に関するハイレベル会合で、当時の総理自らが、各国が自らの潜在的な資源を最大限活用して農業生産を強化することが重要と表明されています。飢餓人口が最悪のペースで増加する現在、足りなければ輸入すればいいという財政審の発想は、国際社会の一員としても大いに問題で、即刻改めるべきだと考えますが、改めて、加藤大臣の見解をお伺いします。
　米にとどまらず、肥料や資材などの生産コスト上昇の一方で、総じて農畜産物価格への転嫁は進まず、経営圧迫を生んでいます。
　食料・農業・農村政策審議会の答申でも的確に指摘されているように、国内の農産物・食品価格はほとんど上昇しないまま推移し、消費者も低価格な食料を求めるようになる中で安売り競争が常態化し、サプライチェーン全体を通じて食品価格を上げることを敬遠する意識が醸成、固定化している現状を受け止めて、再生産可能な価格の実現を図る今回の法案は重要だと考えます。
　食品の持続的な供給に向け、まずは商慣行や規格の見直しが必要です。例えば、賞味期限のいわゆる三分の一ルールや生鮮品の厳格な規格は、賞味期限前に廃棄されたり、ちょっとした傷や曲がりで流通に乗らなかったりと、無駄を生んでいます。これがコストアップや食品ロス、環境負荷増大につながっている現実を考えると、早急に見直すべきではないでしょうか。小泉大臣の決断を求めます。
　その上で、適正な価格形成の在り方を考える必要があります。
　本法律案では、指定食料品等を対象にコスト指標を作成し、取引価格へのコスト転嫁を通じて持続的な供給を図るものだと理解しています。まずは、米、野菜、飲用牛乳及び豆腐・納豆を想定しているようですが、コスト指標の公平性、客観性が新制度の成否に直結します。地域差や季節的要因、加工方法など、食品特有の諸条件が多岐に混在する中、公平かつ客観的なコスト指標をいかに決定するのか、また、それをどのようなプロセスで適正な価格設定につなげていくのかを、克服すべき課題も含めて、小泉大臣、分かりやすくお聞かせください。
　価格転嫁には課題もあります。海外の競合品よりも割高になれば、消費者が安い輸入品に流れかねません。品質や鮮度の差が現れやすく、すみ分けできる生鮮品などとは異なり、今回対象となっている米のほか、小麦、大豆、ソバなどの土地利用型の農作物や長期保存が可能な生乳以外の乳製品の場合、海外との競合に直面しないでしょうか。小泉大臣にお伺いします。
　そうなれば、価格低下の圧力にさらされ、再生産が脅かされます。課題解決には政策的に所得を支えることが不可欠であり、これが直接支払制度です。
　民主党政権時の戸別所得補償制度は、標準的な生産費と標準的な販売価格の差を補填し、再生産を後押しすることで、まさしく、価格は市場で、所得は政策でとの基本理念の下、価格に反映されない多面的な役割を政策的に下支えするものでした。当時、戸別所得補償で米価が下がると大きな批判を呼びましたが、まさに生産者への直接支払支援は消費者利益にも直結し、このことは経済学の分析でも明らかです。
　再生産可能な所得を確保するには、適正価格に加え、価格には反映されない農業の価値、役割を貨幣で測り、それを直接支援すべきです。
　農業生産以外の多面的機能は、全体で約八兆円、水田及び畑の洪水防止機能で三・五兆円と評価されており、農地を守ることに対する支援を生産振興策と切り離して講じることは理にかなっていると思いますが、いかがでしょうか。小泉大臣の見解を求めます。
　これこそが生産者、消費者双方にメリットがあり、国土を守る政策であることを強く訴え、質問を終わります。
　ありがとうございます。（拍手）
　　　〔国務大臣小泉進次郎君登壇、拍手〕"		121715254X02320250530_012	121715254X02320250530_011
121715254X02320250530_012	小泉進次郎	自由民主党・無所属の会	農林水産大臣	"○国務大臣（小泉進次郎君）　舟山康江議員の御質問にお答えいたします。
　米価高騰の原因についてのお尋ねがありました。
　六年産米については、生産量が前年より十八万トン増加する中で、集荷業者への生産者の出荷量が三十一万トン減少しました。他方、集荷業者以外への出荷量は前年より四十四万トン増加しました。
　この結果、これまで大手集荷業者と取引していた卸、実需者においては、例年とは異なる調達ルートとして、業者間の取引市場からスポット的に高い価格で仕入れることが必要となりました。
　また、米の不足感が継続する中で、生産者に支払われる概算金が前年と比べて高い中、集荷と卸の間の取引価格、相対取引価格も秋以降、継続して上昇してきています。さらに、端境期まで在庫をもたせるため、販売量を抑制する観点から店頭価格を引き上げるという動きがあるとも承知しています。これらにより、スーパーなど小売店での価格が高い水準になっていると考えております。
　次に、米の供給状況についての認識についてのお尋ねがありました。
　これまでの入札で三十一万トン売り渡したものの、流通関係者の間では引き続き強い不足感があり、スーパーでの店頭価格は依然として高止まったままです。
　六年産の生産量や民間在庫の水準、これまで売り渡した備蓄米の量を踏まえれば、全体として米の供給量は足りていますが、流通関係者や消費者の不足感が払拭されなければ価格は下がらないと考えます。現在、昨年の二倍にもなっている米価は引き下げなければなりません。まずは、八月までの緊急的な措置として、今回の随意契約による売渡しを行い、市場を落ち着かせ、消費者の米離れを防ぐことが重要だと考えます。
　次に、備蓄米放出の方法を一般競争から随意契約へと変更したことについてのお尋ねがありました。
　これまで一般競争入札で行ってきましたが、残念ながら、小売、中食・外食事業者まで流通したのは約一割にとどまっており、備蓄米が広く行き渡らない状況です。このため、消費者の皆様に早く安定した価格で米を提供できるよう、随意契約に切り替える判断をしたものです。
　次に、安定した価格とは何を指すかとのお尋ねがありました。
　現在、昨年の二倍にもなっている米価は安定した価格とは言えず、まずは、八月までの緊急的な措置として、今回の随意契約による売渡しを行います。その上で、中長期的には、消費者が納得いく価格水準と、肥料などの生産資材や人件費の上昇を踏まえてもなお農家の営農継続が可能な価格水準、双方を満たすものでなければならないと認識しております。
　次に、政府備蓄米の随意契約の手法についてのお尋ねがありました。
　本来、備蓄は不作時に備え行うものでありますが、米の価格については一年間で昨年の二倍まで上昇しており、迅速に対応しなければ消費者の米離れが進みかねません。このため、今回、安価で安定的な米の供給を図る観点から、八月までの緊急的な措置として、随意契約による政府備蓄米の売渡しを行っているところです。
　また、今回販売する政府備蓄米は、四年産、三年産であり、通常、生産者が販売する新米とは評価が大きく異なるものとなっていることに加え、新米が供給される前の八月までに消費者に提供される分であることから、新米の価格に直接影響があるものとは考えていません。
　次に、売渡価格の設定根拠についてのお尋ねがありました。
　今回販売する備蓄米については、これまで販売していた六年産、五年産三十一万トンとは異なり、通常出回っていない三、四年産であり、備蓄米としての買入れ価格や経年による品質評価等を根拠として今回の価格を設定しております。
　次に、不測時への備えについてのお尋ねがありました。
　食糧法上、本来、政府備蓄米は、大凶作や大規模な災害などによって生産量が大きく減少した際に国民の皆様へ米を安定的に届けるために常備、備蓄しています。
　今回、備蓄米の放出を行っていますが、仮に価格の高止まりが解消され、国が買い戻す環境が整った場合には、備蓄米の放出数量と同数量を買うなど柔軟に対応し、適正備蓄水準を回復していきます。もちろん、輸入米を増やせば大丈夫との考えはありません。
　次に、米の増産についてのお尋ねがありました。
　七年産の主食用米は、買入れを当面中止している備蓄米と合わせ、百三十三・四万ヘクタールとなっており、昨年から四十万トン増の七百十九万トンが主食用として供給される見込みです。
　中長期的には、新たな食料・農業・農村基本計画では、米全体の生産量について、二〇二三年の七百九十一万トンから、二〇三〇年には八百十八万トンまで増産させるＫＰＩを設定しています。前向きに米作りを営める施策を推進してまいります。
　次に、商慣習の見直しについてのお尋ねがありました。
　商慣習の見直しについては、令和三年に、望ましい商慣習の在り方を盛り込んだガイドラインを策定したほか、令和五年から、関係事業者が参画した情報連絡会において見直しを促してきており、適正取引の推進と食品ロスの削減の両面から取り組んできました。
　さらに、この法案では、商慣習の見直しなどの提案があった場合には、必要な検討、協力を行うことを努力義務とし、必要に応じて指導、助言、勧告、公表などを行うことにより、商慣習の見直しを一層促進していく考えです。
　次に、コスト指標についてのお尋ねがありました。
　コスト指標については、生産から販売に至る各段階の関係者の間で納得が得られるものとすることが必要です。
　このため、この法案では、コスト指標を作成する団体に対し、生産、製造、加工、流通、販売のうち、少なくとも複数の段階の事業者や団体が参画し、役職員に対して秘密保持義務を課すことを求めることにより、公正で正確なコスト指標を作成することとしています。こうしたコスト指標を活用して、費用の考慮について誠実な協議が行われることにより、納得の得られる価格形成を目指しますが、そのためには関係者が十分に協議することが必要です。引き続き、関係者間の協議を粘り強く進めてまいります。
　次に、輸入品との競合についてのお尋ねがありました。
　輸入品との競合に打ち勝つためには、価格だけではなく、消費者に認められるだけの価値を備えていくことが不可欠です。このため、政府を挙げて取り組んでいる継続的な賃上げと歩調を合わせながら、この法案の計画制度により、生産性や付加価値の向上の取組を促進してまいります。
　近年、異常気象や地政学的リスクの高まりにより、世界の食料生産、供給は不安定化しています。食料安全保障を確保していくためには、国内生産を増大することが必要であり、食料システム全体で費用を考慮した取引を促進してまいります。
　次に、農地を守ることに対する支援を生産振興策と切り離して講じることについてのお尋ねがありました。
　今後の支援の在り方については、新たな食料・農業・農村基本計画に即して、令和九年度に向けた新たな水田政策の在り方を検討していく中で、与野党の垣根を越えて議論を深めてまいります。（拍手）
　　　〔国務大臣加藤勝信君登壇、拍手〕"	121715254X02320250530_011	121715254X02320250530_013	121715254X02320250530_011
121715254X02320250530_013	加藤勝信	自由民主党・無所属の会	財務大臣・内閣府特命担当大臣（金融）	"○国務大臣（加藤勝信君）　舟山議員より、財政制度等審議会の建議や米などの輸入についての考えについてのお尋ねがございました。
　財政制度等審議会の昨年十一月の建議では、昨年改正された食料・農業・農村基本法において、食料安全保障の確保の手段として国内の農業生産の増大を図ることを基本としつつ、安定的な輸入と備蓄の確保を図るとともに、海外への輸出により食料の供給能力を確保することも明記され、アプローチがより多角的なものとなっている、食料安全保障の確保においては、国内生産の増大を基本とするという新基本法の趣旨を踏まえつつ、各手段を比較較量して進めることが重要などの指摘がなされたところであります。これはあくまで基本法に沿ったものであり、米も足りなくなれば輸入すればいいとの趣旨ではないと認識しております。
　財務省としては、食料安全保障を輸入に依存することは適当でないと考えており、米を含めて、先月閣議決定されました食料・農業・農村基本計画に基づき、国内における生産性の向上などを通じて、将来にわたって安定供給が確保できるよう、所管である農林水産省とよく連携してまいりたいと考えております。（拍手）
　　　　─────────────"	121715254X02320250530_012	121715254X02320250530_015	121715254X02320250530_011
121715254X02320250530_015	紙智子	日本共産党		"○紙智子君　日本共産党の紙智子です。
　会派を代表して、食品等の流通の合理化及び取引の適正化に関する法律等改正案について質問いたします。
　農政の焦点になっている米価の高騰についてお聞きします。
　昨年の春先から、米不足が発生していると町のお米屋さんから訴えられました。私は昨年の六月に農水省に備蓄米の放出を求めましたが、米はあると言って応じませんでした。七月から深刻化しても、新米が出てくれば落ち着くと言い続けました。米価高騰に苦しむ国民の世論に押されて、備蓄米の放出を決めたのは今年に入って一月です。それでもスーパーや米穀店に出たのは三月末で、放出量の僅か一％、米価の高止まりは続いたままです。
　政府に余りにも危機感がなかったと言わざるを得ません。小泉農林水産大臣の認識をお聞きします。
　新たな政府備蓄米の売渡し方式についてお聞きします。
　農林水産大臣は、米価を五キロ二千円に下げると宣言し、競争入札から随意契約に変えて、六月初旬には店頭に並べると発言しました。暮らしが悪化する下で、店頭価格の引下げは国民の願いに応えることであると思います。しかし、米穀店や業者から話を聞くと、疑問や不安が出されました。
　一つは、公平感が保たれるかということです。既に入札で政府備蓄米を買った卸や小売店は自分たちでトラックを確保して配送していますが、随意契約の場合、輸送料は国が負担する、物流を無料にするといいます。不公平をどう克服するのでしょうか。
　二つ目は、備蓄米をいかに消費者にスムーズに届けるのかという問題です。通常の物流に新たに備蓄米を流すための物流が必要になりますので、トラックと運転手を確保する必要があります。米のカビ検査や、玄米を精米するための精米機の確保、新たなパッケージ作りが必要となります。こうした新たな負担が生まれます。競争入札で購入した場合も含めて、これ支援するべきではありませんか。
　三つ目は、随意契約米を二千円で出すことで全体の米価の高騰を抑えることができるのですか。農林水産大臣にお答えいただきたいと思います。
　同時に、今必要なのは、米価の高騰に苦しむ経済的困窮者、子供食堂やフードバンク、さらには病院、高齢者施設、保育園など、社会福祉施設や学校給食に米を確実に届ける支援を求めます。文科大臣、農林水産大臣、お答えください。
　次に、農政の根本問題で農林水産大臣に質問します。
　なぜ米価が高止まりしたのでしょうか。昨年の夏以来、米の業者は、米不足の不安に駆られ、直接農家の庭先に高値で買い付けに行き、集荷競争が起こりました。米価が安定しないのは、流通を自由化した上、米価は市場で決まる、政府は価格に介入しないという考え方に固執したからです。
　農業で生活できない状態に追い込んだことも問題です。生産者の年間所得は一万円、時給十円が続きました。農業で生活できないので、二〇一〇年から二〇二〇年に農家戸数は四十六万戸も減少しました。農地もこの十年間で二十六万ヘクタール減少、米の生産量は十年間で百三十五万トンも減少しました。生産者には減反を押し付けて、供給量の不足を招いたことが米価の高騰につながったのではありませんか。
　政府の需給見通しにも問題があります。生産者には主食用の米が余らないようにぎりぎりの生産を求め、備蓄もぎりぎりの水準です。今の需給計画では、異常気象、温暖化や経済状況などの影響による僅かな需給の変動で米不足や価格高騰が起こる、そのことが今回明らかになりました。
　米をめぐる危機的な状況を打開するには、ぎりぎりの需給計画から、ゆとりある需給計画に変えるべきです。そのためには、米の増産に踏み切るべきです。明言いただきたいと思います。今の備蓄量は一・八か月分、百万トンです。公的備蓄こそ増やすべきではありませんか。
　生産者と消費者が安心できる政策が必要です。生産者をめぐる状況は厳しいままです。資材費が高騰し、米価が上がっても長年の赤字を埋める水準には至っていません。二千円が独り歩きしないか不安の声が上がっています。生産者にとって再生産可能な米価が保障され、消費者にとっても負担が重くならないようにするべきです。安定供給と価格の安定は国の役割だと考えます。そのためにも、農家が安心して増産に励めるように価格保障、所得補償を抜本的に充実すべきです。農業所得に占める補助金の割合は欧米並みに拡充すべきです。農林水産大臣、答弁を求めます。
　トランプ関税について聞きます。
　アメリカは、ミニマムアクセス米の輸入枠の拡大、大豆、トウモロコシなど、輸入拡大を求めていると報道されています。米通商代表部、ＵＳＴＲは、日本に農産物の更なる市場開放を迫っています。日本の農業を犠牲にしてはなりません。江藤拓前農水大臣は、日米貿易協定の交渉が乾いた雑巾を絞るようなものだった、これ以上の輸入自由化はできないと述べました。小泉大臣も同じ認識なのか、お聞きします。
　日本政府は、これまで牛肉・オレンジの輸入自由化や米輸入などの圧力に屈して自由化を進めてきました。安心、安全な食料は日本の大地から。圧力に屈せず食料主権を守ることを求めます。
　法案について、以下、農林水産大臣に質問します。
　生産者は、農作物の価格を自分でコントロールできません。高騰する飼料、資材などの生産コストを販売価格に転嫁することを願っています。しかし、本法案は、農家経営の持続性ではなく、食品等の持続的な供給になりました。これで農家経営の持続性は保たれるのでしょうか。
　政府が参考にしたというフランスの法律には明記されている農民の労働報酬の保護の文言が、本法案にはありません。昨年、岸田文雄首相は、人件費等のコストに配慮をした価格形成の仕組みの法制化をすると答弁をしました。ならば、そう明記すべきではありませんか。
　農作物の買いたたきを防ぐことが必要です。法文の文言は、適正な費用ではなく、合理的な費用となっています。これで買いたたきは防げるのでしょうか。
　生産コストは、品目や時期、地域によって変動します。生産コストはきめ細かく把握することが必要です。その役割を担う人員、特に減らされ続けた公的統計の人員を増やして体制を強化すべきではありませんか。
　一方、加工、流通、販売に係るコストは企業秘密もあって明らかになりません。流通、販売業者は生産側より相対的に力が強いのが実態です。適正な価格形成を目指すには、法案で設置が明記されたコスト指標作成団体の役割が重要です。高い専門性や独立性を持たせる必要があるのではありませんか。コスト指標作成団体の実効性を確保するためには、変動する生産コストを自動的に販売価格に反映させる仕組みが必要ではありませんか。
　以上、お答えください。
　日本共産党は、生産者に自己責任を迫る新自由主義的農政ではなく、人と環境に優しい農政の転換が必要だと考えます。農業を日本の基幹的産業と位置付け、食料自給率を高め、軍事費の拡大ではなく農業予算を増やすように求めて、質問といたします。（拍手）
　　　〔国務大臣小泉進次郎君登壇、拍手〕"	121715254X02320250530_013	121715254X02320250530_016	121715254X02320250530_011
121715254X02320250530_016	小泉進次郎	自由民主党・無所属の会	農林水産大臣	"○国務大臣（小泉進次郎君）　紙智子議員の御質問にお答えいたします。
　米の現状認識についてお尋ねがありました。
　令和六年産米の生産量が前年よりも十八万トン多かった一方、流通の幹となっている集荷業者への出荷数量が三十一万トン減少しました。このため、これまでの入札で三十一万トン売り渡しましたが、残念ながら、流通関係者の間では引き続き強い不足感があり、スーパーでの店頭価格は依然として高止まったままです。
　現在、昨年の二倍にもなっている米価は引き下げなければなりません。まずは八月までの緊急的な措置として、スピード感ときめ細やかな目配りを持って今回の随意契約による売渡しを行い、市場を落ち着かせて、消費者の米離れを防ぐことが重要だと考えています。
　次に、備蓄米について、輸送料、精米や物流への課題、米価の高騰への効果、子供食堂等への支援についてのお尋ねがありました。
　輸送料については、随意契約による政府備蓄米の売渡しにおいては多数の買受け者がいることから、円滑に倉庫からの出庫、輸送等が行えるよう取り組み、国が一元的に対応しているところです。
　また、精米や物流への課題に対しては、今週、国土交通大臣や、精米等の機能を持つ卸売業者の団体の方々に私が直接お会いし、スピーディーな備蓄米の流通について協力の要請を行っており、よく連携して進めていきます。
　さらに、町の米穀店の方々の精米機能も活用いただく観点から、本日から開始の随意契約による売渡しにおいては、町のお米屋さんなどを対象とすることとしています。
　米の価格については、まずは八月までの緊急的な措置として、今回の随意契約による売渡しを行い、市場の価格を落ち着かせ、消費者の米離れを防ぐことが重要であることから、スピード感を持って引き続き対応していきます。
　また、子供食堂等への支援については、農林水産省では、子供食堂等に対し、食育を目的として政府備蓄米の無償交付を行っています。さらに、政府備蓄米の売渡しに当たっては、集荷業者、卸売業者、小売業者の方々にも、病院や学校給食等への備蓄米の円滑な供給に配慮いただくようお願いしてきたところです。
　引き続き、こうした施設等への備蓄米の供給については、よく目配りをしながら対応していきたいと考えております。
　次に、米の増産と公的備蓄の増加についてのお尋ねがありました。
　七年産の主食用米は、買入れを当面中止している備蓄米と合わせ百三十三・四万ヘクタールとなっており、昨年から四十万トン増の七百十九万トンが主食用として供給される見込みです。この百三十三・四万ヘクタールは、過去五年間で最大の生産面積となる見込みです。
　さらに、産地に向けて、主食用米の作付けについて前向きになれるメッセージを発信するとともに、消費者の皆様にもこのような増産の見通しをしっかり伝えていきます。
　また、政府備蓄米の備蓄水準については、十年に一度の不作等の事態があっても不足分を補って国産米で一年間供給できる水準として、百万トン程度としています。その水準については、参議院農林水産委員会の決議において「今後検討される新たな水田政策の下においても、米の生産・流通・備蓄政策全般について必要な検証を行うこと。」とされたことを踏まえ、よく検討してまいります。
　次に、価格保障、所得補償の抜本的充実と、農業所得に占める補助金の割合を欧米並みに拡充すべきとのお尋ねがありました。
　各国で比較可能な最新の二〇二一年のデータにおける農業所得に占める直接支払の割合は、日本五七％、ＥＵ六三％、アメリカ一二％であり、我が国の直接支払の水準が欧米と比べて低いとは考えておりません。
　今後の農業者への支援の在り方やその水準については、新たな食料・農業・農村基本計画に即して、令和九年度に向けた新たな水田政策の在り方を検討していく中で、与野党の垣根を越えて議論を深めてまいります。
　次に、日米協議に対するスタンスについて、江藤前大臣と同じかというお尋ねがありました。
　今後のアメリカとの協議に当たっては、日本の農業、生産者のためにならないものは認められないとの立場で、政府一丸となって取り組んでまいります。その思いは江藤大臣と同じです。
　次に、法案の目的についてのお尋ねがありました。
　生産資材などの価格が高騰する中で、生産、製造、加工、流通、販売、消費の各段階を含め、特定の方にしわ寄せが生じる仕組みでは、食料の持続的な供給、ひいては食料安全保障を確保することはできません。このため、この法案では、農業経営の持続性を目的とするのではなく、食料システム全体で食料の持続的な供給を実現していくこととしています。
　次に、農民の労働報酬の保護についてのお尋ねがありました。
　食料の生産から販売の各段階では、人件費のみならず、肥料、飼料などの資材費、光熱費、輸送費などの様々な費用が掛かっています。このため、この法案では、御指摘の農民の労働報酬を特記するのではなく、食料システム全体を通じて、食料の持続的な供給に要する様々な費用を対象とし、これらを考慮した価格形成を促すこととしています。
　次に、合理的な費用についてのお尋ねがありました。
　この法案では、生産などの段階ごとに着目するのではなく、生産から販売に至る食料システム全体に着目して、食料の持続的な供給を図ることとしています。このため、考慮すべき費用についても、食料システムの関係者が相互に納得する合理的な費用を考慮することとしています。食料の持続的な供給を実現するためには関係者の理解と協調が不可欠であり、誠実な協議を通じて、買いたたきによる一方的な取引を抑止できるものと考えています。
　次に、生産コストを把握する体制の強化についてお尋ねがありました。
　費用を考慮した価格形成を進めるためには、何よりも消費者の理解が重要であり、消費者の手元に届くまでにどれだけのコストが掛かっているかを明確にすることが必要です。このため、コスト指標の作成に当たっては、公的統計だけでなく、業界データなど、生産から販売に至る各段階の関係者が把握し得る様々なコスト把握の充実に努めていくこととしています。
　なお、生産段階のコスト把握などの統計調査を担う農林水産省の統計職員については、行政機関のスリム化の中で定員合理化が進められてきたところでありますが、持続的な統計調査の実施のため、統計職員に加え、統計職員のＯＢや農業者などを専門調査員として確保しており、今後とも、正確な調査結果の提供に努めていく考えです。
　次に、コスト指標作成団体の専門性、独立性についてお尋ねがありました。
　コスト指標は、生産から販売に至る多くの関係者が活用するほか、消費者の理解を得る上で重要なものであるため、公正で正確であることが求められます。このため、この法案では、コスト指標作成団体の公正な運営がなされるよう、生産、製造、加工、流通、販売のうち、少なくとも複数の段階の事業者、事業者団体が参画するほか、正確な情報提供を受けることができるよう、その役職員に対して秘密保持義務を課すこととしています。こうした措置を通じて、コスト指標作成団体の専門性と独立性を確保してまいります。
　次に、生産コストを自動的に販売価格に反映させる仕組みについてのお尋ねがありました。
　農林水産省では、令和五年八月以降、生産、製造、流通、販売、消費などの食料システムの関係者が参画した協議会を開催し、費用を考慮した価格形成について協議してきましたが、関係者からは、価格決定はあくまでも取引当事者間で行うべき、価格が自動的に改定されるような強制的な価格決定方式では需給が考慮されなくなるなどの意見が示されたところです。
　こうした意見も踏まえ、この法案では、取引条件は取引当事者間で決定することとした上で、生産から販売までの各段階で誠実な協議が行われるよう求め、合理的な価格形成を促すこととしています。（拍手）
　　　〔国務大臣あべ俊子君登壇、拍手〕"	121715254X02320250530_015	121715254X02320250530_017	121715254X02320250530_011
121715254X02320250530_017	あべ俊子	自由民主党・無所属の会	文部科学大臣	"○国務大臣（あべ俊子君）　紙智子議員にお答えいたします。
　学校給食に米を届ける支援についてお尋ねがありました。
　文部科学省では、全国学校給食推進連合会を通じて今般の物価高騰などの影響を聞いたところ、主食である米については、各学校設置者において年間使用量を契約していることが多く、基本的には学校給食に必要な量が確保されていると伺っているところです。
　文部科学省としては、現下の食材費の高騰が続く中でも学校給食が安定的に実施されるよう、教育委員会等に対して重点支援地方交付金の積極的な活用を促してきたところであり、引き続き、本交付金の活用を促すなど、学校給食用食材の調達に支障が生じないよう努めてまいります。（拍手）"	121715254X02320250530_016		121715254X02320250530_011
121715254X02320250530_020	若松謙維	公明党		"○若松謙維君　ただいま議題となりました両法律案につきまして、法務委員会における審査の経過と結果を御報告申し上げます。
　まず、譲渡担保契約及び所有権留保契約に関する法律案は、金銭債務を担保するため、動産、債権その他の財産を担保の目的とすることを内容とする契約の利用状況に鑑み、譲渡担保契約及び所有権留保契約に関し、譲渡担保権者及び留保売主等の権利の内容、被担保債権の範囲、権利の順位等について定めるとともに、これらの権利の実行の方法等について定めようとするものであります。
　次に、譲渡担保契約及び所有権留保契約に関する法律の施行に伴う関係法律の整備等に関する法律案は、譲渡担保契約及び所有権留保契約に関する法律の施行に伴い、同法において定める譲渡担保権等の十分な公示を行うための動産及び債権の譲渡の対抗要件に関する民法の特例等に関する法律の規定の整備その他関係法律の整備等を行うとともに、所要の経過措置を定めようとするものであります。
　委員会におきましては、両法律案を一括して議題とし、譲渡担保契約等のルールを法律で明文化することによる効果、譲渡担保権の対抗要件の在り方、企業倒産時における労働債権保護の必要性等について質疑が行われましたが、その詳細は会議録によって御承知願います。
　質疑を終局し、順次採決の結果、両法律案はいずれも全会一致をもって原案どおり可決すべきものと決定いたしました。
　なお、両法律案に対し附帯決議が付されております。
　以上、御報告申し上げます。（拍手）
　　　　─────────────"			121715254X02320250530_020
121715254X02320250530_025	小西洋之	立憲民主・社民・無所属		"○小西洋之君　ただいま議題となりました法律案につきまして、国土交通委員会における審査の経過と結果を御報告いたします。
　本法律案は、最近の航空分野における事故の発生状況、災害時における航空輸送の確保の要請等に鑑み、航空機の航行の安全を確保するため、頻繁に離着陸が行われる空港等において離着陸を行うパイロットに対する技能発揮訓練の義務付け、滑走路への誤進入防止に係る事項の空港等の機能確保基準への追加等の措置を講ずるとともに、地方管理空港に係る滑走路等の応急の災害復旧工事の国土交通大臣による代行制度の創設等の措置を講じようとするものであります。
　委員会におきましては、滑走路誤進入の防止に向けた具体的な取組内容、空港の機能を適切に維持するための方策、我が国のこれからの航空・空港政策の在り方等について質疑が行われましたが、その詳細は会議録によって御承知願います。
　質疑を終局し、採決の結果、本法律案は多数をもって原案どおり可決すべきものと決定いたしました。
　なお、本法律案に対し附帯決議が付されております。
　以上、御報告申し上げます。（拍手）
　　　　─────────────"			121715254X02320250530_025
121715254X02320250530_030	三宅伸吾	自由民主党		"○三宅伸吾君　ただいま議題となりました法律案につきまして、財政金融委員会における審査の経過及び結果を御報告申し上げます。
　本法律案は、保険業に対する信頼性の確保及びその健全な発展を図るため、特定大規模乗合損害保険代理店の業務運営に関する体制整備義務の創設、保険会社等による顧客の利益を保護するために必要な体制整備義務の強化、保険会社等から保険契約者等への過度な便宜供与の禁止等の措置を講じようとするものであります。
　委員会におきましては、特定大規模乗合損害保険代理店に上乗せ義務を追加する意義、損害保険会社と保険代理店との適切な関係の在り方等について質疑が行われましたが、その詳細は会議録によって御承知願います。
　質疑を終局し、採決の結果、本法律案は全会一致をもって原案どおり可決すべきものと決定いたしました。
　なお、本法律案に対し附帯決議が付されております。
　以上、御報告申し上げます。（拍手）
　　　　─────────────"			121715254X02320250530_030
121715254X02420250604_003	福岡資麿	自由民主党	厚生労働大臣	"○国務大臣（福岡資麿君）　ただいま議題となりました社会経済の変化を踏まえた年金制度の機能強化のための国民年金法等の一部を改正する等の法律案につきまして、その趣旨を御説明いたします。
　我が国においては、健康寿命が延伸し、単身世帯や共働き世帯が増加するとともに、高齢者や女性の就業の更なる進展や持続的な賃上げの継続が見込まれます。こうした社会経済の変化を踏まえ、年金制度において、ライフスタイル等の多様化を反映し、働き方に中立的な制度を構築するとともに、高齢者の生活の基盤の強化のための所得保障及び再分配機能の強化を行うため、この法律案を提出しました。
　以下、この法律案の内容につきまして、その概要を御説明いたします。
　第一に、被用者保険の適用範囲を拡大するため、短時間労働者を適用すべき事業所の企業規模要件を段階的に引き下げ、撤廃するとともに、賃金要件についても、最低賃金の動向を見ながら撤廃します。また、既存の事業所に配慮しつつ、常時従業員を五人以上使用する個人事業所に係る非適用業種を解消します。
　第二に、在職老齢年金制度について、支給停止が開始される賃金と老齢厚生年金の合計額の基準を六十二万円に引き上げ、支給停止とならない範囲を拡大します。
　第三に、子のない二十代から五十代までの者に係る遺族厚生年金制度について、受給要件等の男女差を解消し、併せて、所得等に応じた給付の継続等の配慮措置を設けます。
　第四に、厚生年金保険の標準報酬月額の上限について、七十五万円に段階的に引き上げます。
　第五に、個人型確定拠出年金の加入可能年齢を七十歳未満に引き上げます。
　最後に、この法律案の施行期日は、一部の規定を除き、令和八年四月一日としています。
　政府としては、以上を内容とする法律案を提出いたしましたが、衆議院において、次の二つの事項を主な内容とする修正が行われたところであります。
　第一に、政府は、今後の社会経済情勢の変化を見極め、次期財政検証において基礎年金と厚生年金の調整期間の見通しに著しい差異があり、公的年金制度の所得再分配機能の低下により基礎年金の給付水準の低下が見込まれる場合には、基礎年金又は厚生年金の受給権者の将来における基礎年金の給付水準の向上を図るため、基礎年金と厚生年金のマクロ経済スライドによる調整を同時に終了させるために必要な法制上の措置を講ずるものとすること。この場合において、給付と負担の均衡がとれた持続可能な公的年金制度の確立について検討を行うものとすること。
　第二に、当該法制上の措置を講ずる場合において、基礎年金の額及び厚生年金の額の合計額が、当該措置を講じなかった場合に支給されることとなる基礎年金の額及び厚生年金の額の合計額を下回るときは、その影響を緩和するために必要な法制上の措置その他の措置を講ずるものとすること。
　以上が、この法律案の趣旨でございます。（拍手）
　　　　─────────────"		121715254X02420250604_004	121715254X02420250604_003
121715254X02420250604_004	関口昌一	各派に属しない議員	議長	"○議長（関口昌一君）　ただいまの趣旨説明に対し、質疑の通告がございます。順次発言を許します。石田昌宏君。
　　　〔石田昌宏君登壇、拍手〕"	121715254X02420250604_003	121715254X02420250604_005	121715254X02420250604_003
121715254X02420250604_005	石田昌宏	自由民主党		"○石田昌宏君　自由民主党の石田昌宏です。
　会派を代表して、国民年金法等の改正案について質問いたします。
　高齢者は六十五歳からと言われていますが、日本では法律上の明確な定義はありません。一般に六十五歳以上を高齢者と呼ぶのは、一九五〇年代に国連が六十五歳以上の割合が七％を超える社会を高齢化社会とするという基準を設けたことに由来します。ちなみに、この頃の日本人の男女合わせた平均寿命は六十四歳でした。その後、平均寿命は大きく伸びましたが、この六十五歳という基準は変わっていません。
　法律では、六十五歳という年齢は年金の支給開始年齢や介護保険の給付の年齢で使われていますが、これは開始の年齢であり、高齢者を示すものではありません。
　人は年を重ねるほど体力や気力、社会生活、所得など、一人一人の違いは広がっていきます。社会保障政策を議論するに当たり、高齢者とはそもそも誰なのか、改めて考え直すべきだと思います。
　さて、年金は、経験を重ねた人々の生活を支えるために最も長期的に安定が求められる社会保障制度です。そのために、その議論も長期的な変化を見据えたものであるべきで、日本人の大幅な長寿化や人口の減少を正確に反映しなければなりません。
　昭和三十六年に我が国が国民皆年金を実現してから、来年は六十五年になります。この間の寿命と人口の変化がどれくらいの年金制度に反映されてきたのか、福岡厚生大臣にまず確認したいと思います。
　この上で、今回の年金制度の見直しについて質問いたします。
　急速に進行する少子高齢化を見据えて、財源の範囲内で給付費を賄うことができるよう、年金額の価値を自動調整する仕組みであるマクロ経済スライドは二〇〇四年改正により導入されています。そして、今後、デフレ経済が続いた過去三十年と同じような経済状況が続くとすると、スライドの調整が終了するのは、厚生年金の報酬比例部分は二〇二六年度である一方、基礎年金では二〇五七年になることで、基礎年金の所得代替率は現在よりも三割程度低下します。いわゆる年金の一階部分に当たる基礎年金の所得代替率の低下は、年金受給者全体に影響を与えます。
　そこで、衆議院での修正により、二〇二九年の財政検証で経済成長等の想定を見極めた上で、基礎年金の給付水準が大きく下がることがないよう、厚生年金と基礎年金のスライドの調整を同時に終了させ、基礎年金の底上げを図ることができるプログラム規定が盛り込まれました。さらに、スライドの同時終了で一時的に基礎年金と厚生年金を合計した支給額が本来のそれよりも下がる受給者には、その緩和のための措置を講ずることも規定されました。
　とはいえ、まずは基礎年金の給付水準が大きく下がることがないよう、約三十年続いたデフレ経済から完全に脱却し、賃上げを起点とした成長型経済を実現させることこそが石破内閣の最重要課題であると考えますが、その決意を総理にお伺いします。
　その上で、衆議院での修正により、経済が好調に推移しなかった場合の措置が発動されたとしても、一時的に支給額が本来よりも下がる受給者にはその緩和のための措置が加えられたことで、全体として、就職氷河期世代を始めとする将来世代にも足下の受給世代にも配慮し、年金水準の確保を図る内容となったとされていますが、石破総理の受け止めをお聞かせいただきたいと思います。
　今回の改正案では、被用者保険の適用拡大や在職老齢年金制度の見直し、遺族年金の見直し、厚生年金保険等、標準報酬月額の上限の段階的な引上げなども盛り込まれています。
　いずれも、社会経済の変化、働き方やライフスタイル、家族構成等の多様化などを踏まえた年金制度の機能強化や高齢期における生活の安定のために必要な政策だと考えますが、国民の皆様には年金制度は難解と思われており、制度への信頼も高まりません。
　そこで、総理に、政府全体で、あらゆる世代に対して年金制度の丁寧かつ分かりやすい説明をもっともっと講じ、制度に対する国民の理解を深めていただきたい。このことについてお考えをお伺いし、私の質問を終わります。
　ありがとうございました。（拍手）
　　　〔内閣総理大臣石破茂君登壇、拍手〕"	121715254X02420250604_004	121715254X02420250604_006	121715254X02420250604_003
121715254X02420250604_006	石破茂	自由民主党・無所属の会	内閣総理大臣	"○内閣総理大臣（石破茂君）　石田昌宏議員の御質問にお答えをいたします。
　成長型経済についてのお尋ねをいただきました。
　過去三十年間、低物価、低賃金、低成長というデフレの悪循環にありましたが、ようやく、六百兆円超の名目ＧＤＰ、三十三年ぶりの高い水準の賃上げなど、明るい兆しが現れております。
　石田議員御指摘のとおり、賃上げこそが成長戦略の要との認識の下、引き続き、コストカット型経済から高付加価値創出型経済へと移行することで、国民の皆様の所得と経済全体の生産性の向上を図り、成長型経済の実現に取り組んでまいります。
　衆議院における修正についてのお尋ねをいただきました。
　衆議院で盛り込まれました三党の修正案には、仮に経済が好調に推移しない場合には基礎年金のマクロ経済スライドを早期に終了させる措置を講ずるものとするとともに、その場合の影響を緩和するために必要な措置を講ずることも含まれております。
　こうした修正案を含む現在の年金改革法案は、現在の受給者にも配慮しつつ、氷河期世代等以降の将来の幅広い世代の基礎年金の給付水準の確保を可能にする内容になっているものと、このように考えております。
　年金制度に関する周知についてのお尋ねをいただいております。
　年金制度は、長生きや障害、死別といった予測が難しいリスクに対して社会全体で備える仕組みであり、こうしたことを国民の皆様に丁寧に説明をし、納得感を持っていただくことが重要であります。
　これまでも、視覚的に分かりやすい資料やＳＮＳを活用した動画配信、将来受給可能な年金額を簡便に試算できる公的年金シミュレーターなど、多様な広報を実施してまいりました。
　今後とも、制度への信頼感を高めていくために、石田議員の御指摘も踏まえながら、分かりやすく丁寧な広報により一層努めてまいりたいと存じます。
　残余の御質問につきましては、関係大臣から答弁を申し上げます。（拍手）
　　　〔国務大臣福岡資麿君登壇、拍手〕"	121715254X02420250604_005	121715254X02420250604_007	121715254X02420250604_003
121715254X02420250604_007	福岡資麿	自由民主党	厚生労働大臣	"○国務大臣（福岡資麿君）　石田昌宏議員の御質問にお答えいたします。
　寿命や人口の変化の年金制度への反映についてお尋ねがありました。
　我が国の公的年金制度は、これまで、寿命の延びや人口の変化を始めとする社会経済状況に合わせ、五年に一度の財政再計算を踏まえ、保険料や厚生年金の支給開始年齢の段階的な引上げなど、順次、給付と負担のバランスの見直しに取り組んでまいりました。
　さらに、平成十六年の年金制度改正では、将来の現役世代の負担が過重なものとならないよう、保険料の上限を固定した上で、その収入の範囲内で給付を行うマクロ経済スライドの導入により、将来にわたって持続可能な制度とし、現在に至っております。（拍手）
　　　　─────────────"	121715254X02420250604_006	121715254X02420250604_010	121715254X02420250604_003
121715254X02420250604_010	石破茂	自由民主党・無所属の会	内閣総理大臣	"○内閣総理大臣（石破茂君）　森本真治議員の御質問にお答えいたします。
　衆議院における修正についてのお尋ねです。
　衆議院で盛り込まれました三党の修正案には、仮に経済が好調に推移しない場合には、基礎年金のマクロ経済スライドを早期に終了させる措置を講ずるものとするとともに、その場合の影響を緩和するために必要な措置を講ずることも含まれております。
　こうした修正案を含む現在の年金改正法案は、現在の受給者にも配慮しつつ、氷河期世代等以降の将来の幅広い世代の基礎年金の給付水準の確保を可能とする内容になっているものと考えております。
　法案の提出や年金底上げ策をめぐる議論の経緯についてであります。
　基礎年金のマクロ経済スライドを早期に終了させる措置につきましては、全国民共通の基礎年金について、将来にわたって一定の給付水準を確保する重要性がある一方で、保険料、拠出金、積立金の関係が分かりづらいことなどから国民の御理解が得られるのかという、賛成、慎重、両方の御意見があり、社会保障の専門家の間でも意見が分かれておったところでございます。
　年金は国民の生活と密接に関わりますことから、自由民主党では十五回にわたる議論を行うなど、丁寧に議論を進めてきたところでございます。
　このほか、今回の法案の前提として行われた財政検証の結果、年金財政は前回改正時より好転が見込まれる状況にございました。この措置は、今後も経済が好調であれば発動の必要性がないものであるとともに、次の財政検証の結果により、適正に検討し必要な対応を講ずることとなる、必要な対応を講ずることなどから、早期終了措置について、政府提出法案には規定しないこととしたものでございます。
　基礎年金の底上げ措置に関する流用との指摘についてのお尋ねです。
　厚生年金の保険料には基礎年金分も含まれており、従来から、厚生年金の保険料や積立金は、報酬比例部分だけではなく、基礎年金の給付にも充てられております。
　その上で、御指摘の措置は、現行でも行っている厚生年金の積立金の基礎年金への活用を更に行うことで、基礎年金の給付水準を上げることを目的としており、厚生年金の積立金の流用に当たるものとは考えておりません。
　なお、御党も含みます三党合意によって盛り込まれたこの措置につきましては、令和六年財政検証における実質ゼロ成長を見込んだケースでは、厚生年金の積立金と追加的な国庫負担を活用して仮にこれを実施した場合、最終的には九九・九％を超えるほぼ全ての厚生年金受給者の方の給付水準が上昇すると見込まれておるところでございます。
　年金底上げ策を実施した場合の影響緩和策についてのお尋ねです。
　衆議院で盛り込まれました三党の修正案には、仮に経済が好調に推移しない場合には、基礎年金のマクロ経済スライドを早期に終了させる措置を講ずるものとするとともに、その場合の影響を緩和するために必要な措置を講ずることも含まれております。
　このため、今後の社会経済情勢を見極めつつ、仮に基礎年金のマクロ経済スライドの早期終了の措置を講ずる場合には、御指摘の影響緩和に必要な措置について、国会での御指摘等も踏まえて議論を行ってまいります。
　年金制度を議論する超党派の協議体の設置についてのお尋ねです。
　今回の法案により、年金制度をめぐる課題について一定の見直しが進むことになりますが、法案の検討規定にも盛り込んだ基礎年金の拠出期間延長や第三号被保険者制度の在り方につきましては、引き続き議論が必要であると考えております。
　年金制度は、国民全体に関わる大きな仕組みであり、国会におきましても各党から様々な御意見を頂戴いたしております。協議の在り方については、国会において適切に御議論いただくのがよいと考えておりますが、与野党において広範な合意を形成すべく真摯に協議を行うことは重要であると、このように考えておるところでございます。
　残余の御質問につきましては、関係大臣から答弁をさせていただきます。（拍手）
　　　〔国務大臣福岡資麿君登壇、拍手〕"	121715254X02420250604_007	121715254X02420250604_011	121715254X02420250604_003
121715254X02420250604_011	福岡資麿	自由民主党	厚生労働大臣	"○国務大臣（福岡資麿君）　森本真治議員の御質問にお答えします。
　障害年金の認定に係る日本年金機構の幹部の指示についてお尋ねがありました。
　障害年金については、一連の報道も踏まえ、令和六年度における認定状況の実態把握のための調査を行うよう指示をしたところであり、特定の職員が審査を厳しくすべきといった指示等を行ったか否かも含めまして、この調査の中で確認を行ってまいります。
　障害年金の不支給事案に対する見解等についてお尋ねがありました。
　障害年金に関する一連の報道については、年金行政への信頼に関わる問題であり、しっかり対応していく必要があると十分認識をしております。
　実態把握につきましては、個別の事例について適正に審査が行われているかどうかを速やかに確認することが重要であることから、抽出による調査を行っているところです。また、調査の結果については、六月中旬を目途に公表できるよう現在作業を進めており、その結果を踏まえて必要な対応を行ってまいります。
　衆議院における修正についてお尋ねがありました。
　衆議院で盛り込まれた三党提出の修正案は、今後の社会経済情勢を見極めた上で、基礎年金の給付水準の低下が見込まれる場合に基礎年金のマクロ経済スライドを早期に終了させるものであり、将来の幅広い世代の基礎年金の給付水準の確保を可能とするものと承知しております。
　仮に基礎年金の底上げが行われた場合に年金受給額が増加する世代についてお尋ねがありました。
　衆議院で盛り込まれた三党提出の修正案は、仮に経済が好調に推移しない場合には、基礎年金のマクロ経済スライドを早期に終了させる措置を講ずるものとしております。
　その上で、令和六年財政検証における実質ゼロ成長を見込んだケースでは、仮に厚生年金の積立金と追加的な国庫負担を活用してこの措置を実施した場合、将来の幅広い世代の基礎年金の給付水準の上昇が見込まれますが、相対的に若い世代の方ほどその恩恵は大きくなると見込まれています。
　基礎年金の底上げ策が行われた場合の国庫負担への影響についてお尋ねがありました。
　高齢化が進む中で、仮に基礎年金の給付調整を早期に終了させる措置を発動した場合、経済規模に占める基礎年金給付が増加し、これに伴い国庫負担の対ＧＤＰ比も現在より上昇することが見込まれます。
　また、現在の基礎年金水準は、マクロ経済スライドを導入した際に想定したよりも高い給付水準となっていることも踏まえると、経済情勢の変化の中で制度を安定的に運用するためには、制度改正による追加的な国庫負担に対応した安定財源の確保が必要になるものと考えています。
　財政検証の前提についてお尋ねがありました。
　財政検証の前提となるデータについては、これまでの実績を踏まえつつ、専門家による検討を経た上で設定しており、適切なものと考えています。
　その上で、実績と前提の乖離については、出生率や賃金上昇率などのように実績が前提を下回る要素がある一方で、外国人の入国超過数や年金積立金の運用利回りのように実績が前提を上回る要素もあり、引き続き実績を注視し、五年ごとの財政検証において適切な前提を立てることが重要であると考えております。（拍手）
　　　　─────────────"	121715254X02420250604_010	121715254X02420250604_013	121715254X02420250604_003
121715254X02420250604_013	塩田博昭	公明党		"○塩田博昭君　公明党の塩田博昭です。
　ただいま議題となりました社会経済の変化を踏まえた年金制度の機能強化のための国民年金法等の一部を改正する等の法律案について、公明党を代表して質問いたします。
　衆議院での審議に加え、自民、公明、立民による修正合意を経て、年金制度への国民の注目度はこれまでになく高まっております。これまでも、五年に一度行われる公的年金の財政検証を踏まえ、年金制度の改正が行われてまいりましたが、直近の財政検証では、今後、経済が好調に推移しない場合、現行制度のままでは将来三割ほど基礎年金の給付水準が低下する見込みであることが示され、この対応策が喫緊の課題となっております。
　そこで、本法案に盛り込まれた基礎年金の給付水準の低下に対する防止策の具体的な内容と効果について、福岡厚生労働大臣に伺います。
　この基礎年金の給付水準への対応策として、マクロ経済スライドによる給付調整の早期終了、いわゆる基礎年金の底上げ措置に関して、時間を掛けて議論されてきました。様々な事情により現役期に被用者保険に加入できず、非正規雇用で長い期間を過ごされた就職氷河期世代や若い世代の年金の給付水準を確保する上で、この措置を実行する必要性は高いと政府は説明をしてきました。この点、公明党が昨年、福岡厚労大臣に申し入れた次期年金制度改正に向けた提言の中でも、基礎年金の底上げ措置を実施する必要性を指摘したところであります。
　衆議院での修正で検討規定は盛り込まれましたが、本法案では基礎年金の底上げ措置そのものの導入は見送られました。ただ、附則において次期財政検証の翌年度である二〇三〇年度まで厚生年金の給付調整を続けると規定されており、この措置の趣旨は、基礎年金の底上げ措置の導入の是非を次期年金制度改正時に判断するためと理解いたしました。政府は、基礎年金の底上げ措置を将来的に実施する必要についてどうお考えでしょうか。総理の答弁を求めます。
　次に、被用者保険の適用拡大について質問します。
　家族構成やライフスタイルが多様化する中で、労働者の働き方にかかわらず、ふさわしい社会保障を享受できる環境を整えるためにも被用者保険の更なる適用拡大が求められます。
　しかし、本法案による被用者保険の適用拡大に伴い、労使双方にとって新たな保険料負担が生じます。特に、今回新たに適用される事業主は従業員数五十人以下の中小規模の事業主であり、追加での保険料負担は事業の運営を左右しかねません。
　そこで、公明党は十分な施行期間の確保やキャリアアップ助成金の拡充などを求めてまいりましたが、これらの小規模事業主への配慮措置の具体的な内容と意義について、福岡厚労大臣に伺います。
　一連の適用拡大により、多くの方が新たに被用者保険への加入が可能となります。しかし、週の所定労働時間が二十時間未満の方や従業員数が五人未満の事業所で働かれている方への被用者保険の適用は今回の改正では行われません。今後も被用者の働き方に応じたふさわしい保障を実現するためにも被用者保険の適用拡大を進めるべきだと考えますが、今後の総理の意気込みを伺います。
　最後に、今回の年金改正法案の中で、遺族厚生年金の見直しについて伺います。
　最近の報道等で、今もらっている年金額が大幅にカットされるというものや、子育て中や働くのが難しい人の遺族年金が五年で打切りになるなどの指摘が見られ、遺族年金が大幅にカットされると不安に思っている人からの声も届いています。
　遺族年金の見直し対象や配慮が必要な人への給付継続など、具体的な見直しの内容についてきちんと説明していただきたい。総理に答弁を求めます。
　将来にわたり持続可能で安心できる公的年金制度の確立を求めて、私の質問を終わります。
　御清聴ありがとうございました。（拍手）
　　　〔内閣総理大臣石破茂君登壇、拍手〕"	121715254X02420250604_011	121715254X02420250604_014	121715254X02420250604_003
121715254X02420250604_014	石破茂	自由民主党・無所属の会	内閣総理大臣	"○内閣総理大臣（石破茂君）　塩田博昭議員の御質問にお答えいたします。
　将来的な基礎年金の底上げ措置の必要性についてのお尋ねです。
　基礎年金の給付水準を確保することは重要な課題であると認識をしております。他方で、その水準は経済状況によって変わり得るものでもあることから、政府として、まずは賃上げと投資が牽引する成長型経済を目指し、年金の給付水準が将来も維持できるように努めてまいります。
　その上で、衆議院で盛り込まれました三党の修正案は、将来の幅広い世代の基礎年金の給付水準の確保の方向性をより明確にするものと考えております。政府といたしましては、国会での御議論を踏まえ、今後の社会経済情勢の変化を見極めた上で、修正案に規定された法制上の措置等について具体的な内容を検討し、必要な措置を講じてまいります。
　被用者保険の適用拡大についてのお尋ねです。
　今回の法案では、五十人以下の企業に対しましても十年掛けて被用者保険の適用を進めることとしておりますが、週二十時間未満の労働時間の方に適用することや、従業員五人未満の個人事業所に適用することにつきましては、対象企業への影響が大きいことなどから、今回の法案には含めていないところでございます。
　被用者保険の適用拡大は、より手厚い年金を受けられるようにするとの観点から、これまでも累次にわたって進めてきたところであります。今後の在り方につきましては、まずは今回の改正を着実に施行しながら、本法案の検討規定も踏まえ、他制度の在り方などにも留意をして、議論を深めてまいります。
　遺族厚生年金の見直しについてでございます。
　今回の遺族厚生年金の見直しは、女性の就業率の上昇等を踏まえ、制度の男女差を解消する観点から、有期給付となる女性の年齢を拡大しつつ、男女共に受給しやすくする改正を行うものでありますが、施行時点で既に遺族厚生年金を受給しておられる方や六十歳以降に遺族厚生年金の受給権が発生する方、子供が十八歳になる年の年度末までにある方、二〇二八年度に四十歳以上となる女性の方は見直しの対象外であり、現行と給付内容が変わることはございません。
　また、新たに五年間の有期給付となる方につきましては、給付額を約一・三倍に引き上げるとともに、御党からの御提案も踏まえ、障害年金を受けられる方や収入が十分でない方は有期給付終了後も継続して遺族厚生年金を受給できる仕組みとしております。こうした点につきまして、今後ともより丁寧な説明に努めてまいることといたしております。
　残余の御質問につきましては、関係大臣から答弁をさせていただきます。（拍手）
　　　〔国務大臣福岡資麿君登壇、拍手〕"	121715254X02420250604_013	121715254X02420250604_015	121715254X02420250604_003
121715254X02420250604_015	福岡資麿	自由民主党	厚生労働大臣	"○国務大臣（福岡資麿君）　塩田博昭議員の御質問にお答えします。
　基礎年金の給付水準の低下に対する防止策と効果についてお尋ねがありました。
　衆議院で盛り込まれた三党提出の修正案は、今後の社会経済情勢を見極めた上で、基礎年金の給付水準の低下が見込まれる場合に基礎年金のマクロ経済スライドを早期に終了させるものであり、将来の幅広い世代の基礎年金の給付水準の確保の方向性をより明確にするものと承知しています。
　その上で、令和六年財政検証における実質ゼロ成長を見込んだケースで、仮に厚生年金の積立金と追加的な国庫負担を活用してこの措置を実施した場合、相対的に若い世代ほどその恩恵は大きくなると見込まれています。
　被用者保険の適用拡大に伴う小規模事業主への配慮についてお尋ねがありました。
　今回の法案では、これまで以上に小規模の企業で働く方に被用者保険の適用を広げることから、最大十年を掛けて段階的に施行するなど十分な準備期間を設けることとしました。
　加えて、労働者一人当たり最大七十五万円の支援の新設を予定しているキャリアアップ助成金を含め、経営や事務に関する事業者支援も用意することで、被用者保険の適用の円滑な実施につなげてまいります。（拍手）
　　　　─────────────"	121715254X02420250604_014	121715254X02420250604_017	121715254X02420250604_003
121715254X02420250604_017	猪瀬直樹	日本維新の会		"○猪瀬直樹君　日本維新の会の猪瀬直樹です。
　会派を代表して、社会経済の変化を踏まえた年金制度の機能強化のための国民年金法等の一部を改正する等の法律案、いわゆる国民年金法改正案について質問します。
　日本維新の会は、五月二十九日に福岡厚生労働大臣に対し、年金制度改革に対する提言を行いました。本日は、その内容を踏まえ、改正案の問題点について石破総理と福岡厚労大臣にただしていきます。
　政府・与党は、これまで、この年金制度の根本的な課題に向き合うことなく、問題の先送りを繰り返してきました。本改正案の柱の一つである賃金要件と企業規模要件の撤廃による被用者保険の適用拡大も、また中途半端な場当たり的な策と言わざるを得ません。
　我々日本維新の会は、これまで、保険料を払わないのに将来年金を受け取ることができる現行の第三号被保険者の制度は著しく不公平であり、これを廃止し、広く年齢や状況によらず公平な年金制度とすることを主張してきました。
　専業主婦であれば富裕世帯であっても保険料負担を求められず、その分、生活に余裕のない共働き世帯やシングルマザーなどの納付者が負担をしています。さらに、この制度は就業抑制効果を生み、特に女性の労働市場への参加を阻害してきました。これらについて総理の現状認識を伺います。
　この根本的な不平等を放置したままで、この適用範囲を中途半端に拡大すれば、例えば労働時間を制度の適用外となる週十九時間以下に抑えて第三号被保険者にとどまるなどの自衛策が新たな壁となり、結果として短時間労働者の就業促進に逆行する施策になりかねません。それにもかかわらず、なぜこの人手不足が深刻化しているときにあえて短時間労働者への適用拡大を行うのか、福岡厚労大臣にその意図をお尋ねします。
　先日の提言のとおり、日本維新の会は、まず所得の高い世帯の第三号被保険者についてこの制度の適用除外とし、その後、段階的に廃止に向かうことで、全ての年金受給権が保険料の拠出実績に基づく公平な仕組みに一本化すべきと考えますが、この我々の見直し案について総理の見解を求めます。
　年金の支給開始年齢の見直しについても、政府は抜本的な改革から目を背けています。
　日本の基礎年金の所得代替率は先進国の中で最低水準にありますが、諸外国では給付水準を維持する代わりに長寿化に合わせて支給開始年齢を六十代後半から七十代前半に引き上げています。
　老後の安心な暮らしを支える制度の構築を最優先とするなら、給付額を更に減らすことで制度を形だけ持続させるのではなく、長寿化により自然に延びる年金の受給期間を支給開始年齢の引上げによって中立化し、受給額を維持する仕組みを構築することが必要と考えますが、総理の見解を求めます。
　我が国の年金支給額は先進国の中でも最低水準であり、現行の基礎年金は満額でも給付額が月額七万円弱にとどまります。この金額は十万円から十三万円が目安とされる生活保護の扶助額を大きく下回っており、これはすなわち、基礎年金が老後の最低生活の保障として機能していないということを意味しているわけです。
　総理は、この逆転現象を是としているのか、あるいは解消すべきなのか、そのお考え、どちらでしょうか。
　また、現行の国民年金では、免除者や猶予者を含んだ実質的な納付率は五割を下回っています。特に第一号保険者の未納付問題は深刻でありまして、この問題を放置したままでは制度の持続的な可能性は確保できません。
　そこで、基礎年金に老後の生活を安心して支えることができる十分な給付額を確保した最低保障年金を構築し、保険料による拠出を廃止して税方式に移行する方法や、現行の二階部分を積立方式に移行することを含めた抜本的な制度設計を行うべきと考えますが、総理の見解を求めます。
　本改正案について、厚生年金の積立金を流用して基礎年金を底上げするという修正案が衆議院を通過しました。これは、被保険者の不公平を拡大させ、国民の制度全体に対する信頼感を更に損ねるおそれがあります。また、基礎年金は国庫が半分を負担する仕組みであるために、厚生年金の積立金を流用すれば、その流用した額に見合う金額の公費が追加で必要となります。
　ところが、この具体的な財源の議論は全く不十分であると言わざるを得ません。これがまた現役世代の負担増となるなら、ただでさえその社会保険料の高さのために血まみれとなり、結婚して子供を産み育てることすら諦めざるを得ない若い世代に更なる負担を強制することとなります。
　総理、この六十五兆円の財源は、いずれまた増税という形で現役世代に負担を強いることになるんでしょうか。明確な答弁をお願いします。
　ドイツでは二〇〇一年にリースター改革と呼ばれる、超党派の合意の下で抜本的な年金改革が行われました。背景となったのは、高齢化の進展による賦課方式の財政的な限界や国民からの年金制度への不信感などなんです。
　また、イギリスでも近年、政局にとらわれない超党派の専門委員会を設けて年金改革の議論を進め、二階建ての公的年金を一階建てに変え、比例報酬分は私的年金を活用するという抜本改革が行われました。
　ドイツもイギリスも、我が国の状況とよく似ていました。しかし、両国は抜本改革を成し遂げたが、日本は相変わらず場当たり的な継ぎはぎに終始しているという大きな違いがあります。本来は、彼らにできて我が国でできないはずはないんです。これは完全に政治の責任であり、政治の怠慢なのではないでしょうか。
　年金制度改革は、他の構造的な問題と比較して、政争の具とはせずに超党派で本質的な議論が行える可能性がある数少ない分野であると考えます。
　我が党が今国会でも重要なテーマとしている医療費の削減やライドシェアの全面的な解禁と比べれば、日本医師会やハイヤー・タクシー連合会など、国の未来など気にせずにただ自分たちの既得権さえ守れればよい圧力団体の影響を受けることなく、議論が可能なんです。また、野党側においても、医療業界やバス、タクシーの労働組合など、既得権を死守したい人たちの声に潰されることなく、抜本的な改革を議論することができるではありませんか。
　各党には、この年金改革を議員活動の重要なテーマとして長年取り組まれてきた方々が何人もおられます。我が党も含め、是非そういう方々の知見を得ながら、この問題を政争の具とはせず、本当にこの国の将来のためだけを思い、真摯な議論を行うことが立法府の責任ではありませんか。
　我が党は、さきの提言で、社会保障国民会議の設置を提案しました。与野党を超えた国会議員とともに民間の専門家等が参加し、遅くとも今年中に改革方針を取りまとめ、次期通常国会で必要な立法措置を講ずべきと考えています。総理にも是非御賛同いただきたいと思いますが、いかがでしょうか。
　日本維新の会は、年金制度を抜本改革により持続可能なものとし、あわせて、現役世代の社会保険料負担の軽減を目指すことをお約束して、私からの質問とします。
　御清聴ありがとうございました。（拍手）
　　　〔内閣総理大臣石破茂君登壇、拍手〕"	121715254X02420250604_015	121715254X02420250604_018	121715254X02420250604_003
121715254X02420250604_018	石破茂	自由民主党・無所属の会	内閣総理大臣	"○内閣総理大臣（石破茂君）　猪瀬直樹議員の御質問にお答えをいたします。
　第三号被保険者制度の現状認識についてであります。
　第三号被保険者制度は、昭和六十年の改正で創設され、女性の年金権を確立したものですが、ライフスタイルが多様化する中において、第三号被保険者自身が保険料を負担していないことから、年金制度内において不公平感を生んでいるとの指摘や、いわゆる年収の壁として意識され就業調整が行われているとの指摘があるものと承知をいたしております。
　一方で、第三号被保険者の中には、いわゆる専業主婦の方のみならず、病気や育児、介護などの理由で働けない方など、様々な属性の方々がおられることに留意する必要があるものと考えております。
　第三号被保険者の見直しについてでございますが、この制度につきましては、いわゆる専業主婦の方のみならず、病気や育児、介護などの理由で働けない方など、様々な属性の方が混在する中で、今般の年金制度改正では、将来的な見直しの方向性について意見がまとまらなかったところでございます。
　政府といたしましては、引き続き、被用者保険の適用拡大を進めることで第三号被保険者の対象者を縮小していくことを基本とした上で、今後、議員御指摘のような被保険者世帯の所得に関する情報も含め、第三号被保険者の実態も精緻に分析をしながら、制度に関する様々な論点や国会での御指摘も踏まえ、議論を進めてまいります。
　年金の支給開始年齢の引上げについてであります。
　年金の支給開始年齢につきましては、過去の改正で定年年齢の引上げと併せ、六十五歳に引き上げる見直しを行い、これを段階的に進めてまいりました。その後、平成十六年の年金制度改正により、保険料の上限を固定しつつ、その範囲内で給付水準を調整するマクロ経済スライドを導入をいたしました結果、六十五歳の支給開始年齢を維持した場合であっても年金財政の長期的なバランスが取れる仕組みとなっており、今回の年金制度改正では年金の支給開始年齢の引上げを行うべきという議論にはなっていなかったと、このように承知をしておりますが、その上で、長寿化に応じた支給開始年齢の引上げという御提案につきましては、現在の仕組みでも六十歳から七十五歳の間で受給を開始する時期を自由に選べる仕組みとなっておりますことや、健康状態等も含め、高齢期の状況には個人差があることなども念頭に置き検討を進める必要がある課題であると、このように考えておるところでございます。
　基礎年金と生活保護の関係でございます。
　生活保護は、年金を含めた収入や資産、働く能力など、あらゆるものを活用してもなお生活に困窮する方を対象に、全額公費で最低限度の生活を保障する最後のセーフティーネットであります。一方、老齢基礎年金は、現役世代に構築した生活基盤や貯蓄等と合わせて老後に一定水準の生活を可能にすると、このような考え方で設計がなされております。このように、基礎年金と生活保護はそれぞれの役割や仕組みが異なっており、給付水準の単純な比較は適切ではないと考えております。
　政府といたしましては、年金の給付水準が将来も維持できるよう、まずは賃上げと投資が牽引する成長型経済を目指すとともに、今回の法案により、現在及び将来の給付水準の向上に努めつつ、低所得の年金受給者に対する年金生活者支援給付金の支給なども併せて行い、高齢期の所得保障に取り組んでまいります。
　年金制度の抜本的な改革についてであります。
　公的年金制度は、国民生活に広範な影響を及ぼすものでありますとともに、現役から高齢期にまたがる長期保険として機能し、既に受給されておられる方や制度を前提に生活設計をされておられる方も多くいらっしゃることを考えれば、改革には十分な準備と配慮が必要であります。
　御指摘の抜本的な改革案につきましては、税方式に移行して最低保障年金を構築することは、多額の税財源が必要になる問題、これまで保険料を払ってきた方と払ってこなかった方との公平性の問題、積立方式への移行には全世代が自身の積立てに加えて現在の高齢者の給付を賄うこととなる二重の負担の問題など、各種の論点があります中で、果たしてこれが実行可能か、どのようにそれを行うのかという論点も踏まえまして議論をしていく必要があると考えております。
　基礎年金の底上げ措置に係る国庫負担の財源についてのお尋ねです。
　年金の給付水準が将来も維持できますよう、政府といたしましては、まずは賃上げと投資が牽引する成長型経済を目指してまいりますが、その上で、昨年公表した財政検証では、実質ゼロ成長を見込んだケースにおいて、仮に基礎年金のマクロ経済スライドの早期終了を行った場合、追加的な国庫負担は二〇三〇年代後半から徐々に発生する見込みとなっております。
　今後の経済状況により、追加的な国庫負担が必要となるか否かや、その時期、規模は変化するものであることから、現時点で財源の具体的内容について予断を持って申し上げることはできませんが、衆議院で盛り込まれた附則におきまして、基礎年金の給付水準の目減りを防ぐ措置を講ずる場合には、給付と負担の均衡が取れた持続可能な公的年金制度の確立について検討を行うこととされており、この規定に基づき、次期財政検証後の判断に向けて、制度を支える財源の在り方についても適切に検討いたしてまいります。
　年金制度を始めとする社会保障制度の議論の在り方についてでございます。
　年金制度の議論も含めた社会保障全体の議論につきましては、全世代型社会保障構築会議において、引き続き給付と負担のバランスを確保しつつ、若年期から高齢期まで全ての世代で安心できる全世代型社会保障制度の構築に取り組んでまいります。
　また、年金制度につきましては、国民全体に関わる大きな仕組みであり、国会でも各党から様々な御意見をいただいております。協議の在り方につきましては、国会において適切に御議論いただくのがふさわしいと思っておりますが、党派を超えて建設的な御議論を行っていただくことは重要であると考えております。
　残余の御質問につきましては、関係大臣から答弁を申し上げます。（拍手）
　　　〔国務大臣福岡資麿君登壇、拍手〕"	121715254X02420250604_017	121715254X02420250604_019	121715254X02420250604_003
121715254X02420250604_019	福岡資麿	自由民主党	厚生労働大臣	"○国務大臣（福岡資麿君）　猪瀬直樹議員の御質問にお答えします。
　被用者保険の適用拡大についてお尋ねがありました。
　今回の法案における賃金要件の撤廃により、社会保険料の負担を懸念して年収を意識する必要や、賃上げに伴い就業調整を行う必要もなくなり、労働者が希望に応じて働きやすくなるものと考えております。
　加えて、事業主にとっても、厳しい人手不足の状況の中で、労働者への年金給付等が手厚くなることで人材確保や定着につながるといったメリットがあるというふうに考えております。（拍手）
　　　　─────────────"	121715254X02420250604_018	121715254X02420250604_021	121715254X02420250604_003
121715254X02420250604_021	田村まみ	国民民主党・新緑風会		"○田村まみ君　国民民主党・新緑風会の田村まみです。
　ただいま議題となりました法律案に対し、会派を代表して質問いたします。
　今回の年金制度改正の議論では、厚生年金の積立てを活用した基礎年金の底上げ、マクロ経済スライドの調整期間の一致による基礎年金の底上げ措置に注目が集まっていますが、働き方に中立な年金制度の構築に向けた様々な施策や重要な論点が置き去りにされたのが政府の提出法案です。国民民主党は衆議院で修正案を提出しました。
　将来の年金受給世代の給付水準を確保するには、あらゆる側面から見直しの議論を行う必要があるため、与野党を超えた検討、協議の場が必要です。総理、今後の年金制度を始めとする社会保障制度の議論の在り方をどのようにお考えでしょうか。
　基礎年金の底上げ措置、マクロ経済スライド調整終了の実施時期について伺います。
　昨年行われました財政検証では、経済が順調に推移しない限り、基礎年金の給付水準が三割減少するという結果が出ています。就職氷河期世代を始め、適用拡大を十年後に先送りすることで、厚生年金に比べ基礎年金の割合が高く給付される人たちほど大きな影響を受けます。
　政府も、マクロ経済スライドの調整について、次の財政検証で見直すと修正協議前から繰り返し衆議院で答弁していますが、現在の基礎年金受給額では満額でも六万九千三百八円、生活保護受給者の過半数が六十五歳以上の高齢者となっていることを問題とは捉えていないのでしょうか。
　経済動向を見て検討するなどと悠長に構えているのではなく、将来どころか現在の受給水準の課題を直視しているのであれば、今回の改正でマクロ経済スライドの調整をもっと早期に終了の決断をすべきと考えますが、総理の見解を求めます。
　次に、今回の政府提出法案で唯一の年金給付の底上げ措置であると言っても過言ではない短時間労働者に対する被用者保険の適用拡大について伺います。
　適用拡大の企業規模要件は、二〇一二年改正から二〇二四年にかけて、順次企業規模要件が引き下げられてまいりました。今回の改正では、現行の従業員五十人超の要件を段階的に撤廃することとしておりますが、完全撤廃は二〇三五年十月、今から十年後の施行となっています。
　ここから十年後、就職氷河期世代の私は五十九歳。適用拡大を始めて二十三年もの期間を掛けてしまう決断をすることは、総理、一体誰のためなのでしょうか。就職氷河期世代よりも後の世代のための改革ですか。事業主負担を心配する事業者のためですか。十年の経過で事業者は負担の工面が可能となる、そんな見通しが総理にはあるのでしょうか。お答えください。
　二〇二四年に従業員五十一人以上の企業に対して適用拡大が図られた際には、労働者への説明も準備もしていない事業者が散見され、その声に押されるように、慌てて厚労省は年収の壁・支援強化パッケージを用意しました。
　施行まで四年の準備期間があっても結局直前の対応となったのですから、長過ぎる準備期間よりも、実施のための支援を充実し、早急に適用することの方が有用ではないでしょうか。年金制度改正のベースとなる財政検証が少なくとも五年ごとに行われることを踏まえれば、企業規模要件の完全撤廃は五年後に完了とすべきと提案します。総理の決断を求めます。
　昨年六月、女性の職業生活における活躍推進プロジェクトチーム中間取りまとめでは、女性が出産後にパートタイムとして復職した際に、年収の壁を超えて働く場合、扶養対象となる第三号被保険者の範囲で働く場合と比べて、生涯可処分所得が一千二百万円から二千二百万円に増加するとの試算が政府から示されております。企業規模要件の完全撤廃が十年後まで先送りされることによって、このような働く女性の老後資産形成を妨げ、特に高齢期に単身の場合、生活に大きく影響してくることが考えられます。
　こうした具体的な数字、影響を踏まえた上で、適用拡大の対象に女性が多いことも鑑み、早期に企業規模要件の撤廃を完了する必要性について総理の見解を伺います。
　また、被用者保険の適用拡大については、厚生年金だけではなく、健康保険財政にも大きく影響を及ぼすものですが、健康保険を取り扱う社会保障審議会医療保険部会と年金部会との連携は限定的でした。
　厚生労働大臣、本来は、両部会が密に連携をして議論すべきだったのではないでしょうか。
　次に、今回の適用拡大では、企業規模要件の撤廃や百六万円の壁と言われる賃金要件の撤廃が盛り込まれていますが、週の所定労働時間二十時間以上という労働時間要件は手付かずのままです。総理、百六万円の壁、月八・八万の要件がなくなれば就労調整がなくなると本気で考えているのですか。
　雇用保険においては、現在、週二十時間以上となっている労働時間要件を、令和十年十月から週十時間以上に変更することが既に決まっています。社会保険においても雇用保険の要件と合わせて週十時間以上とすることは、これまで複雑で難解な労働者を取り巻く制度を分かりやすくする観点からも望ましいです。年金部会の議事録では、週十時間以上とすべきという意見が多数派で、慎重意見はごく少数でした。労働時間要件を週十時間以上とすることは、政府の掲げる勤労者皆保険の実現にも沿うものであり、働き方に中立な制度の構築に資するものと考えますが、総理の見解を伺います。
　次に、厚生年金の標準報酬月額の上限引上げについて伺います。
　厚生年金の保険料額は、毎月の給与等に応じた基準額である標準報酬月額に保険料率を掛けて算出されます。その上限となる標準報酬月額は六十五万円とされているため、給与等がそれ以上になっても厚生年金の保険料額は変わりませんでした。一方、同じ被用者保険である健康保険の上限の標準報酬月額は百三十九万円。区分は、厚生年金の三十二等級に加え、下に三等級、上に十五等級を加えた五十等級の区分とされています。
　今回の改正では、厚生年金の標準報酬月額を三年かけて三段階、七十五万円まで上限を引き上げ、負担能力に応じた負担を求めることとしています。現場では、せっかく賃金が上がってもまた手取りが減るや、所得再配分を効かせるならば、もはや社会保障ではなく税ではないか等、疑問の声が上がっています。
　総理、今後は年金についてもこれまで以上に所得再配分機能を効かせていくというお考えなのでしょうか。
　今回の標準報酬月額の上限を引き上げる改正では、全被保険者の平均標準報酬月額を基準とする現行のルールから、上限等級の被保険者数の全体に占める割合を基準とすることが盛り込まれています。これは、上限を引き上げやすくして現役世代の負担増だけを議論していると受け止められても仕方がありません。公的年金控除額等の見直しも同時に検討するべきです。
　そもそも厚生年金の標準報酬月額の上限については、上限を高くし過ぎることで将来の給付額の差が大きくならないようにする観点で設定されたものです。
　厚生年金の標準報酬月額の上限設定の趣旨を明確にした上で、新たにルールにおいても拙速な上限引上げが行われることがあってはならないと考えますが、厚生労働大臣の見解を求めます。
　また、今回の改正で適用拡大に関する月額八万八千円の賃金要件の撤廃が行われることも踏まえ、収入の少ない方でも厚生年金に入りやすくするという観点からも、少なくとも、厚生年金の標準月額の下限の下に健康保険と同様の三等級を加えて、下限の標準報酬月額を五万八千円とするべきです。労働時間要件の引下げと併せて前向きに検討いただけないでしょうか。厚生労働大臣の答弁を求めます。
　このほかにも、年金掛金納付期間の四十五年間への延長、保険料の遡及納付、また三号被保険者の在り方、また財政検証の在り方など論点が多く残っている中、将来にわたる年金制度の改正を、重要広範にもかかわらず、二十日にも満たない日程で拙速に行ってしまうことへの疑問を呈しまして、私の質問といたします。
　ありがとうございました。（拍手）
　　　〔内閣総理大臣石破茂君登壇、拍手〕"	121715254X02420250604_019	121715254X02420250604_022	121715254X02420250604_003
121715254X02420250604_022	石破茂	自由民主党・無所属の会	内閣総理大臣	"○内閣総理大臣（石破茂君）　田村まみ議員の御質問にお答えします。
　年金を始めとする社会保障制度の議論の在り方についてでありますが、年金制度の議論も含めた社会保障全体の議論につきましては、全世代型社会保障構築会議において、引き続き給付と負担のバランスを確保しつつ、若年期から高齢期まで全ての世代で安心できる全世代型社会保障制度の構築に取り組んでまいります。
　年金制度につきましては、国民全体に関わる大きな仕組みであり、国会でも各党から様々な御意見を頂戴しております。協議の在り方については国会において適切に御議論いただくのがよろしいと考えておりますが、党派を超えて建設的な議論を行っていただくことは重要であると考えております。
　マクロ経済スライドの早期終了であります。
　基礎年金は、老後生活の全てを賄うものではなく、現役時代に構築した生活基盤や貯蓄等と合わせて老後を過ごすという考え方で設計されており、所得や年金額が低い高齢者につきましては、年金生活者支援給付金のほか、社会保障制度全体により対応しております。
　年金の給付水準及びマクロ経済スライドの調整期間は、今後の経済状況によって変わり得るものです。このため、政府といたしましては、まずは賃上げと投資が牽引する成長型経済を目指し、年金の給付水準が将来も維持できるように努めてまいります。
　この上で、衆議院で盛り込まれました三党の修正案では、仮に経済が好調に推移しない場合には基礎年金のマクロ経済スライドを早期に終了させる措置を講ずることとされており、将来の幅広い世代の基礎年金の給付水準の確保の方向性をより明確にするものと考えております。
　適用拡大の企業規模要件の見直しについてであります。
　被用者保険の適用拡大は、より手厚い年金を受けられるようにするという大きな意義を有するものですが、対象企業には新たに社会保険料を御負担いただくことになることから、これまでも準備期間を十分に確保した上で、段階的に拡大を進めてきたところであります。その際には、人材確保に積極的な企業が前倒しで適用を進められる任意適用の仕組みも活用を促してきております。
　今回の法案では、今まで以上に小規模な企業や個人事業者を対象といたしますため、企業経営に与える影響や事務負担の増加等も踏まえた配慮として、施行までに最長十年の準備期間を設け、段階的に実施することといたしております。
　この上で、キャリアアップ助成金を始めとする経営や事務に関する事業者支援に加え、中小企業の生産性や稼ぐ力を強化していくことで、本改正案の着実な実施につなげてまいります。
　女性の老後の資産形成と企業規模要件の早期の撤廃の必要性についてのお尋ねです。
　御指摘の試算は、出産後、パートタイムとして年収百万円で再就職するケースと、いわゆる年収の壁を超えて年収百五十万、二百万で再就職するケースでの生涯可処分所得を一定の仮定の下で試算しているものと、このように承知をいたしております。
　これは、年収の壁を意識せず働くことで、生涯を通じて、給与所得と年金所得を合わせた可処分所得の増加につながることを示しているものであり、いわゆる百六万円の壁と呼ばれる賃金要件の撤廃など、被用者保険の適用拡大を通じて、御本人の希望に応じた働き方の実現を図ることが重要であるということは認識を共有いたすところでございます。
　他方で、企業規模要件の見直しにつきましては、今まで以上に小規模の企業や個人事業所を対象といたしますことから、企業経営に与える影響なども踏まえ、施行までに最長十年の準備期間を設けることとしております。先ほど申し述べたとおりでございます。
　ただし、人材確保に積極的な企業が任意で前倒しで適用を進めることは可能であり、この任意適用の仕組みの活用も含め、被用者保険が適用される方を増やしてまいります。
　短時間労働者の被用者保険の適用に係る賃金要件と労働時間要件についてでございます。
　今回の法案により賃金要件が撤廃されることにより、社会保険料の負担を懸念して年収を意識する必要や賃上げに伴い就業調整を行う必要もなくなり、働き方に中立的な制度に近づくものと考えております。
　被用者保険に加入した場合には、年金、医療の給付が充実する、このようなメリットがありますほか、今回の法案には、適用拡大に当たって、本人の保険料負担を軽減する措置を盛り込んでおり、こうした点の周知広報にも積極的に取り組んでまいります。
　労働時間要件の週二十時間未満への引下げにつきましては、対象企業への影響が大きいことなどから、今回の法案には含めていないところでございます。今後の在り方につきましては、まずは今回の改正を着実に施行しながら、本法案の検討規定も踏まえ、他制度の在り方などにも留意をして議論を深めてまいります。
　標準報酬月額上限の見直しと年金の所得再分配機能についてでございます。
　今回の標準報酬月額の上限の見直しは、収入に応じた御負担をお願いしつつ、本人の将来の給付増にもつなげるものでございます。収入に応じた負担とすることで世代内の公平性が高まりますほか、年金額の低い方も含む厚生年金全体の給付水準の向上につながるため、所得再分配機能が高まることとなります。
　公的年金制度は、全国民に共通の基礎年金により、所得の多寡にかかわらず一定の年金額を保障することで所得再分配機能を有しております。この機能の在り方につきましては、今後の議論によるところでありますが、所得再分配機能を将来にわたって適切に維持することは極めて重要であり、今後とも適時適切に議論し、必要な見直しを行います。
　残余の質問につきましては、関係大臣から答弁を申し上げます。（拍手）
　　　〔国務大臣福岡資麿君登壇、拍手〕"	121715254X02420250604_021	121715254X02420250604_023	121715254X02420250604_003
121715254X02420250604_023	福岡資麿	自由民主党	厚生労働大臣	"○国務大臣（福岡資麿君）　田村まみ議員の御質問にお答えいたします。
　被用者保険の適用拡大に関する年金部会と医療保険部会の連携についてお尋ねがありました。
　被用者保険の適用拡大に関しては、従来から年金と医療保険の双方の観点から検討を進めており、今回の改正でも、両制度の関連分野の有識者等から構成される懇談会を開催したほか、それぞれの部会において双方の議論の状況を報告するなど、適切に連携しています。
　今後とも、被用者保険の適用拡大の検討を進めていくに当たっては、年金と医療保険双方の観点を踏まえて、丁寧に議論してまいります。
　標準報酬月額の上限の引上げの趣旨や内容についてお尋ねがありました。
　今回の法案では、厚生年金における標準報酬月額について、既に上限に該当し、実際の収入と比べて少ない負担や給付となっている方が多い状況を踏まえ、より収入に応じた給付と負担とする等の観点から、上限引上げルールの見直しを行っています。
　その上で、標準報酬月額の上限については、国会での審議も踏まえつつ、新たなルールにおいても被保険者の収入分布なども踏まえ、適切に検討してまいります。
　厚生年金の標準報酬月額の下限の引下げについてお尋ねがありました。
　厚生年金の標準報酬月額の下限は、短時間労働者への被用者保険の適用に係る月額賃金八万八千円に合わせて設定しているものですが、これは、国民年金第一号被保険者の負担や給付水準とのバランスを図る観点から設定しているものです。
　今回、この賃金要件は、最低賃金の動向を踏まえ撤廃するものですが、仮に労働時間要件の引下げと併せて標準報酬月額を引き下げた場合には、国民年金第一号被保険者より低い負担でより手厚い給付を受けられるといった課題があり、慎重な検討が必要と考えます。（拍手）
　　　　─────────────"	121715254X02420250604_022	121715254X02420250604_025	121715254X02420250604_003
121715254X02420250604_025	倉林明子	日本共産党		"○倉林明子君　日本共産党の倉林明子です。
　会派を代表して、ただいま議題となりました社会経済の変化を踏まえた年金制度の機能強化のための国民年金法等の一部を改正する等の法律案について質問をいたします。
　異常な物価高騰が国民生活を直撃し、とりわけ年金で暮らす人たちの暮らしを追い詰めています。年金額は目減りし続け、節約では追い付かず、食費、光熱費、医療費、被服費など、健康、命に関わるところまで削らざるを得ないという悲鳴が上がっています。
　この間、介護保険料、国保料は値上がりを続け、高齢者の実質的な可処分所得は更に減少しています。障害基礎年金と少ない工賃で暮らす障害者からは、食料品など今まで買えていたものが買えなくなった、グループホームの費用が払えないなど、深刻な声が寄せられています。総理はどう認識されているでしょうか。
　総理は、誰も取り残さない社会の実現、全ての人が幸せを実感できる、人を財産として尊重する人財尊重社会を築いていくと決意を述べられています。
　総理、全ての人の中に、高齢者や障害のある人など、年金で生計を立てる人たちは入っていますか。誰も取り残さないというのであれば、そのための具体的手だてが必要です。苦境に立つ人たちに、今すぐ物価高を超える年金額の引上げを実行すべきではないでしょうか。
　国民年金法第四条には、国民の生活水準に著しい変動が生じた場合、速やかに改定の措置が講ぜられなければならないと規定しております。四十年ぶりの異常な物価高は著しい変動にほかなりません。物価を上回る年金額の再改定を速やかに行うべきです。総理の答弁を求めます。
　法案は衆議院で修正されたものの、年金額の底上げ措置は二九年の財政検証を踏まえて判断すると先送りされています。年金生活者の苦境の元凶となっているマクロ経済スライドは、早期終了の措置を講じたとしても今後十年以上継続し、年金水準の引下げは続くことになります。年金削減の影響は、基礎年金のみ、低年金の方ほど大きくなることは明らかです。
　我が党は、衆議院でマクロ経済スライドを速やかに停止する修正案を提出しました。長引く物価高の中で年金生活者の暮らしを守るとともに、現役世代の大幅減額を避けるために、今こそマクロ経済スライドを直ちに停止すべきではありませんか。
　現在二百九十兆円、給付の五年分もため込んでいる巨額の年金積立金を年金の引上げに今こそ活用すること、現在年収一千万円で頭打ちとなる厚生年金保険料の上限を医療保険並みに年収二千万円まで引き上げること、現役労働者の賃上げ、短時間労働者の更なる適用拡大を進め、保険料収入と加入者を増やす、こうすれば年金の引上げは可能だと考えますが、いかがですか。
　以上、総理の答弁を求めます。
　とりわけ女性の低年金は深刻です。十万円以下が八三％、五万円以下が二三％も占めています。厚労省公表の相対的貧困率は二〇一二年をピークに低下していますが、唯一例外が高齢女性です。貧困率は上昇を続け、高齢男性との差は拡大し、単身高齢女性の貧困率は四四％に上っています。十代から働き続けたが、介護保険料など引かれ、年金五万円は家賃に消えてしまうという女性、夫と死別し年金が激減し生活が行き詰まる、こうした女性の声です。
　子育て、介護、家族ケアを担い、女性差別が公然と行われる職場で、社会で生きてきた多くの女性たちが、公的年金だけでは暮らせず、貧困に陥っています。
　女性の低年金の原因は、男女の雇用・賃金差別、非正規の拡大、無償のケア労働に依存した社会保障、第三号被保険者制度による被用者保険未加入への誘導など、政治が招いた結果です。総理にその認識はありますか。
　高齢女性だけの問題ではありません。現役世代の未婚女性の貧困率が上がっています。就職氷河期世代を含め、現在と将来の低年金・無年金者をなくすために、最低保障年金制度をつくることが必要ではありませんか。お答えください。
　低年金、低所得で暮らす人には社会保障制度全体で必要な支援をしていくとの答弁が繰り返されています。言われるまでもなく、年金だけでは暮らせず、生活保護を利用する高齢者は増加し、生活保護利用者の五割を超えました。
　しかし、最後のとりでである生活保護の実態はどうか。洋服も靴も知人のお下がり、冬でも暖房は付けず、友人との交流も、葬儀にも出られない、食事は一日一食、風呂は週に一回しか入らない、毎日お金のことばかり考えている、生かさず殺さず、それが生きている限り続く。これが、いのちのとりで生活保護裁判の原告の言葉です。これが生存権を保障するにふさわしい支援と言えるでしょうか。
　二〇一三年から三年間、自公政権が強行した生活保護費削減を緊急に復元し、物価高に見合った水準に引き上げるべきです。総理の答弁を求めます。
　法案は、百六万の壁の解消等被用者保険の適用拡大を行いますが、同時に必要なのは中小企業への直接支援です。今、社保倒産に追い込まれる企業が急増し、中小企業の社会保険料を含む税金滞納倒産が過去最多を記録しています。法案による事業所への支援は三年間の時限措置であり、極めて限定的です。
　総理、最低賃金の引上げが求められる中、中小企業の社会保険料の事業者負担の軽減に本格的に踏み出すべきではありませんか。
　以下、厚労大臣に質問します。
　年金事務所による強権的徴収、差押えが横行しています。本来使えるはずの猶予措置も無視して一括納入を迫る、納付協議中に差し押さえるなどの事態がいまだに続いています。社会保険料の取立てにより中小企業を破綻させるなど、あってはなりません。猶予措置を徹底し、厳正な実行を求めます。いかがですか。
　障害年金について、今回も見直しが先送りされ、当事者、関係者からは政府の無策に批判の声が上がっています。障害年金には早急に見直すべき多くの課題があります。
　障害年金の不支給が昨年倍増したと報道されました。恣意的判断で本来受給できる人が排除されたとすれば、重大です。徹底した調査、公表とともに、必要な再判定が実施されるべきです。答弁を求めます。
　障害年金は、障害を持つ人が生きていく上で基盤となる基本的権利であるにもかかわらず、年金を受給できている人は少数です。無年金者が大量に放置されている現状をどう認識されているでしょうか。
　必要な人が年金を受給できない要因は、現状と乖離した認定基準にあります。医学モデルの認定基準が、必要な障害者への支給を制限、排除しています。社会モデル、人権モデルへの転換が必要です。答弁を求めます。
　障害者権利条約の総括所見では、市民の平均所得に比べ、障害年金が著しく低額であると懸念が示されました。障害基礎年金の額は四十年間据え置かれたままです。社会的に自立した生活ができるよう、大幅に引き上げるべきではありませんか。
　大量の無年金、低年金の障害者をつくり出している状況をこれ以上放置することは許されません。制度上、運用上の喫緊の課題を解決し、制度を抜本的に見直すため、当事者、専門家の参加する集中した議論を今すぐ開始すべきではありませんか。
　物価高に負けない年金の引上げは待ったなしです。十年以上年金を引き下げるなど、到底容認できるものではありません。直ちに底上げ、引上げを重ねて強く求めて、質問といたします。（拍手）
　　　〔内閣総理大臣石破茂君登壇、拍手〕"	121715254X02420250604_023	121715254X02420250604_026	121715254X02420250604_003
121715254X02420250604_026	石破茂	自由民主党・無所属の会	内閣総理大臣	"○内閣総理大臣（石破茂君）　倉林明子議員の御質問にお答えいたします。
　物価高騰と年金額の改定についてでございます。
　御指摘の国民年金法の規定は、現行の年金額の改定ルールでは対応できないような国民の生活その他の諸事情の著しい変動が生じた場合に年金額を改定する旨を定めたものですが、既に物価等の変動に応じて年金額を改定する現行の仕組みに基づいて近年も年金額を改定してきており、御指摘のような改定を行う状況にはないと考えております。
　その上で、所得や年金額の低い高齢者の方々には、年金生活者支援給付金制度を設けており、こうした施策等により、高齢者の方々の暮らしが安定するよう、引き続き支援をいたしてまいります。
　マクロ経済スライドの停止と年金水準の引上げについてでございます。
　公的年金制度では、マクロ経済スライドの仕組みにより、現役世代の負担が過重なものとならないよう保険料の上限を固定し、積立金も計画的に活用しつつ、その範囲内で給付を行うことで将来世代の給付水準を確保いたしております。将来世代の年金の給付水準を確保するために、今後とも必要な措置と考えております。
　その上で、年金の給付水準は今後の経済状況によって変わり得るものであり、政府として、賃上げと投資が牽引する成長型経済への移行を目指しつつ、被用者保険の適用拡大など、今回の法案に盛り込んだ事項を着実に実行すること等を通じて、年金給付水準の確保に努めてまいります。
　女性の低年金の原因と最低保障年金制度の創設についてのお尋ねです。
　公的年金制度におきましては、基本的に制度上の給付の男女差はなく、年金額は現役時代の収入に基づく保険料の納付実績に応じて決まるものでございます。
　政府といたしましては、男女雇用機会均等法の遵守徹底や男女間賃金格差の是正を図るほか、希望をされる方の正社員への転換支援などに取り組んできており、今回の法案でも、より手厚い年金が受けられますよう、被用者保険の適用拡大に取り組むことといたしております。
　いわゆる最低保障年金の創設につきましては、多額の税財源が必要となること、これまで保険料を払ってこられた方々と払ってこられなかった方々との間の公平性をどのように確保するのかといった難しい課題があり、低所得の年金受給者に対する年金生活者支援給付金の支給などを通じて、高齢期の所得保障に取り組んでまいります。
　第三号被保険者制度につきましては、今回の附則の検討規定に基づき、その実態も精緻に分析しながら、在り方の議論を進めてまいります。
　生活保護費の水準についてでございます。
　二〇一三年から三年間掛けて実施した生活保護費の改定につきましては、訴訟が提起されており、判決が確定していないなどの事情から、対応についてお答えは差し控えさせていただきますが、生活保護基準につきましては、最低限度の生活を保障するため、一般国民生活における消費水準との比較において設定するという考え方の下、一般低所得世帯の消費動向や社会経済情勢等を総合的に勘案して改定を行っておるものでございます。
　中小企業の社会保険料についてでございます。
　中小企業に対して社会保険料の事業主負担を軽減すべしとの御提案につきましては、社会保険料が医療や年金の給付に充てられ、労働者を支えるための事業主の責任であることなどから、慎重な検討が必要であると考えております。
　また、中小企業に対しましては、非正規雇用労働者を正社員に転換した事業主に対するキャリアアップ助成金などによる支援など、政策目的に応じて助成金による支援を行っております。
　政府といたしましては、賃上げと投資が牽引する成長型経済の実現を目指し、中小企業や、失礼、中小企業に利益を上げていただくための適切な価格転嫁や生産性向上を支援しながら、社会保険につきましては、年齢にかかわらず適切に支え合うことを目指す改革を着実に進めてまいります。
　残余の御質問につきましては、関係大臣から答弁を申し上げます。（拍手）
　　　〔国務大臣福岡資麿君登壇、拍手〕"	121715254X02420250604_025	121715254X02420250604_027	121715254X02420250604_003
121715254X02420250604_027	福岡資麿	自由民主党	厚生労働大臣	"○国務大臣（福岡資麿君）　倉林明子議員の御質問にお答えします。
　社会保険料の徴収についてお尋ねがありました。
　社会保険料の納付が困難な事業所については、日本年金機構に対し、事業所の経営状況や将来の見通しなどを丁寧に伺いながら猶予や分割納付の相談等に応じることや、納付計画どおりに納付がされない場合であっても、直ちに猶予を取り消し、財産を差し押さえるのではなく、やむを得ない理由があると認められる場合には猶予を取り消さないことができることなどの対応を求めています。
　年金事務所において、関係法令等に基づき、事業所の状況に応じた対応が行われるよう、引き続き日本年金機構に対して指導してまいります。
　障害年金の報道についてお尋ねがありました。
　御指摘の報道については、年金行政への信頼に関わる問題であり、しっかり対応していく必要があることを十分認識しております。
　このため、令和六年度における障害年金の認定状況について、その実態把握のための調査をすることとしており、この中で個別の事例について適正に審査されているか等を速やかに確認することとしています。調査の結果については、六月中旬を目途に公表すべく作業を進めており、その結果を踏まえて必要な対応を行ってまいります。
　障害年金の無年金者についてお尋ねがありました。
　障害年金を給付されるべき方に必要な給付が行われることは重要であると考えております。
　障害年金の審査に当たっては、障害認定基準やガイドラインに基づき、診断書等を基に、障害の状況や日常生活への影響等について、障害認定医の意見も踏まえ個別に判断を行っているところです。また、今回の法案においても、障害年金について直近一年間に未納期間がない場合には受給要件を満たすこととする特例を延長することとしており、生活困窮者自立支援制度などと併せ、社会保障全体での総合的な対応に引き続き取り組んでまいります。
　障害年金の認定基準についてお尋ねがありました。
　障害年金については、個人の心身の機能障害に着目する医学モデルか、社会における障壁に着目する社会モデルや人権モデルかという二者択一ではなく、主治医の診断書に加えて、本人や家族が記載する書類により、機能障害のみならず、日常生活の状況等について詳細を把握した上で障害等級の認定を行っています。具体的な障害認定基準については、今後も様々な御意見を伺いながら、不断の見直しを行ってまいります。
　障害年金の引上げについてお尋ねがありました。
　障害年金の給付水準は、通常は加齢に伴って起こる稼得能力の喪失が現役期に障害状態となって早期に到来することに対応するものとして、老齢年金と同水準であることを基本としつつ、障害等級一級の方はその一・二五倍と配慮するなど、適切なものであると考えております。
　その上で、障害をお持ちの方に対しましては、社会保障制度全体で総合的に支援していく観点から、障害年金生活者支援給付金の支給など支援措置を実施しており、引き続きしっかりと取り組んでまいります。
　障害年金制度の会議体の設置についてお尋ねがありました。
　社会保障審議会年金部会では障害年金に関する広範な事項について議論しましたが、いずれの事項も、障害年金の目的や認定基準の在り方、他の障害者施策との関係整理などについて更なる議論が必要とされたところです。このため、まずはどのような論点について議論を深めるべきかを整理した上で、その結果も踏まえ、どのような場で議論するかも含め検討したいと考えております。（拍手）"	121715254X02420250604_026		121715254X02420250604_003
121715254X02420250604_030	塩田博昭	公明党		"○塩田博昭君　ただいま議題となりました法律案につきまして、災害対策特別委員会における審査の経過と結果を御報告申し上げます。
　本法律案は、令和六年能登半島地震災害からの復興に向けた取組を引き続き推進するとともに、頻発する自然災害への対応を強化するため、株式会社地域経済活性化支援機構の業務の期限を延長するとともに、その支援基準に大規模な災害を受けた地域の経済の再建のための当該地域の事業者に対する迅速かつ適切な支援の実施に必要な事項を含める等の規定の整備を行おうとするものであります。
　委員会におきましては、被災地域の経済再建における機構の役割と支援の状況、機構を時限的組織とすることの妥当性、小規模の被災事業者等に対する機構の支援の在り方等について質疑が行われましたが、その詳細は会議録によって御承知願います。
　質疑を終局し、採決の結果、本法律案は全会一致をもって原案どおり可決すべきものと決定いたしました。
　なお、本法律案に対し附帯決議が付されております。
　以上、御報告申し上げます。（拍手）
　　　　─────────────"			121715254X02420250604_030
121715254X02420250604_035	石井章	日本維新の会		"○石井章君　ただいま議題となりました法律案につきまして、消費者問題に関する特別委員会における審査の経過と結果の御報告を申し上げます。
　本法律案は、公益通報者の範囲を拡大するとともに、公益通報をしたことを理由とする不利益取扱いの禁止等の措置を強化するほか、公益通報に適切に対応するために事業者がとるべき措置の充実強化を図るための措置を講じようとするものであります。
　なお、衆議院におきまして、附則の検討規定について、施行後五年とされていた検討の目途を施行後三年とする修正が行われております。
　委員会におきましては、参考人から意見を聴取するとともに、公益通報を理由とする不利益な配置転換等の抑止・救済策、地方公共団体に対する指導の必要性、改正後の法の周知の徹底等について質疑を行いましたが、その詳細は会議録によって御承知願います。
　質疑を終局し、採決の結果、本法律案は全会一致をもって原案どおり可決すべきものと決定いたしました。
　なお、本法律案に対し附帯決議を行いました。
　以上、御報告申し上げます。（拍手）
　　　　─────────────"			121715254X02420250604_035
121715254X02420250604_040	柘植芳文	自由民主党		"○柘植芳文君　ただいま議題となりました法律案につきまして、厚生労働委員会における審査の経過と結果を御報告申し上げます。
　本法律案は、事業主に対して、いわゆるカスタマーハラスメントや求職者等へのセクシュアルハラスメントの防止のための雇用管理上の措置義務及び職場における治療と仕事の両立支援についての努力義務を課すこと、男女間における賃金差異の状況等の情報公表を義務付けること等の措置を講ずるとともに、女性の職業生活における活躍の推進に関する法律の期限を十年間延長しようとするものであります。
　なお、衆議院において、雇用管理上必要な措置の例示としてカスタマーハラスメントの抑止のための措置を追加する等の修正が行われました。
　委員会におきましては、本法律案に加え、石橋通宏君外二名発議の労働安全衛生法及び特定受託事業者に係る取引の適正化等に関する法律の一部を改正する法律案を一括して議題として、審査を行い、ハラスメント対策の強化、ＩＬＯ第百九十号条約の批准に向けた課題、女性活躍推進に係る取組の在り方等について質疑を行うとともに、参考人から意見を聴取いたしましたが、その詳細は会議録によって御承知願います。
　本法律案の質疑を終局し、討論に入りましたところ、日本共産党を代表して倉林明子委員より反対、れいわ新選組を代表して天畠大輔委員より反対の旨の意見がそれぞれ述べられました。
　討論を終局し、採決の結果、本法律案は多数をもって原案どおり可決すべきものと決定をいたしました。
　なお、本法律案に対しまして附帯決議が付されております。
　以上、御報告申し上げます。（拍手）
　　　　─────────────"			121715254X02420250604_040
121715254X02520250606_003	浅尾慶一郎	自由民主党	環境大臣・内閣府特命担当大臣（原子力防災）	"○国務大臣（浅尾慶一郎君）　ただいま議題となりました環境影響評価法の一部を改正する法律案について、その趣旨を御説明申し上げます。
　環境影響評価法については、施行から四半世紀以上が経過し、環境影響評価の適用実績が着実に積み重ねられてきているところでありますが、今般、前回の改正法の施行から十年が経過したことから、同法の附則に定める施行状況の検討を行ったところ、次のような二つの課題が明らかになってきたところであります。
　一点目は、今後、既存の工作物の建替えを行う環境影響評価の対象事業の割合が増加していくことが予想されているところ、現行法には、事業の位置や規模が大きく変わらない建替えに対する規定がなく、新規事業と同様に、事業位置の検討や周辺環境の調査を事業者に課しているところであります。
　二点目は、過去の環境影響評価により得られた情報は、後続事業者による効果的な環境影響評価の実施等に資するものであるところ、現行法では環境影響評価に係る書類の公表がおおむね一か月程度に限られており、これらの情報を十分に活用できていないことであります。
　本法律案は、このような背景を踏まえ、工作物の建替えに関する環境影響評価手続の見直しを図るとともに、環境影響評価手続において作成された書類に含まれる環境情報の活用を進めるものであります。
　次に、本法律案の内容の概要について、主に二点御説明申し上げます。
　第一に、工作物の建替えに関する事業、具体的には、既存の工作物を除却又はその使用を廃止し、同種の工作物を同一又は近接した区域に新設する事業については、配慮書の記載事項のうち事業実施想定区域の選定に係る調査、予測及び評価に関するものに代えて、既存の工作物による環境影響に関する調査結果を踏まえ、環境の保全のための配慮の内容を明らかにするものとします。これにより、適正な環境配慮を維持しつつ、事業の特性を踏まえた効果的・効率的な環境影響評価手続を実施することが可能となります。
　第二に、環境影響評価手続において作成される書類について、現行法の規定による公表の期間後においても、これらの書類を作成した事業者等の同意を得た上で、環境大臣が公開できるものとします。これにより、後続事業者による効果的な環境影響評価の実施や、事業の透明性の向上による地域の理解醸成に貢献します。
　以上が、この法案の趣旨でございます。（拍手）
　　　　─────────────"		121715254X02520250606_004	121715254X02520250606_003
121715254X02520250606_004	関口昌一	各派に属しない議員	議長	"○議長（関口昌一君）　ただいまの趣旨説明に対し、質疑の通告がございます。順次発言を許します。川田龍平君。
　　　〔川田龍平君登壇、拍手〕"	121715254X02520250606_003	121715254X02520250606_006	121715254X02520250606_003
121715254X02520250606_006	浅尾慶一郎	自由民主党	環境大臣・内閣府特命担当大臣（原子力防災）	"○国務大臣（浅尾慶一郎君）　川田龍平議員から、米軍横田飛行場におけるＰＦＯＳ等の漏出事案についてのお尋ねがありました。
　お尋ねの事案については、二〇二三年十一月の報道を受け、防衛省から米側へ事実確認をしたところと承知をしております。
　次に、ＰＦＡＳに係る情報発信についてのお尋ねがありました。
　ＰＦＯＳ等に係る水道水質基準化については、これまで中央環境審議会等で議論を重ねてまいりましたが、これらにおける議論及び会議資料については環境省ホームページで公開されております。また、お尋ねの漏出等の事故の有無にかかわらず、公共用水域や地下水におけるＰＦＯＳ等については、水質汚濁防止法に基づく常時監視の一環として全国の地方自治体においてモニタリングを行っており、その結果を取りまとめて環境省のホームページで公開しております。
　なお、暫定指針値の超過が判明した場合には、地方自治体において、分析結果の公表や住民への飲用摂取防止の周知など適切な対応が取られているものと承知をしております。
　次に、横田飛行場内におけるＰＦＡＳ及びＰＣＢの処理についてお尋ねがありました。
　御指摘の報道については承知をしております。いずれにせよ、環境省としては、米側が関係法令等に基づき適切に対応するよう、関係省庁と連携しながら対応してまいります。
　次に、環境影響評価制度の意義についてお尋ねがありました。
　環境影響評価制度は、事業者自らが事業の実施前に環境への影響評価を実施し、環境の保全の観点から、より良い事業計画を作り上げていくための手続を定めたものであります。一連の手続において、人の健康や生活環境の保全、生物多様性や人と自然との豊かな触れ合いの確保、環境負荷の低減といったそれぞれの観点から、調査、予測、評価を実施するとともに、影響に応じて環境要素間の影響についても検討を行うこととしています。
　また、国や自治体、国民の皆様が環境保全の見地から意見を述べる機会を確保するとともに、免許等の実施権者が環境影響評価の結果を免許等の審査に反映させることを求めており、事業が環境保全に十分配慮して行われることを担保しています。
　このように、環境影響評価制度は、我が国における環境保全を進めていく上で非常に意義のある制度であると考えています。
　次に、本法律案における風力発電事業以外の事業種の取扱いについてお尋ねがありました。
　既存工作物と位置や規模が大きく変わらない工作物を新設しようとする建て替え事業については、審議会でも御議論をいただいた上で、事業種にかかわらず、既存工作物の環境影響に関する調査結果を活用することで、より効果的かつ効率的な環境影響評価を実施することが可能になると考えています。このため、本法律案における手続の適正化は、工作物の建て替えが想定される事業種全てを対象とすることが適当と考えています。
　また、建て替え事業については、風力発電事業以外の事業も含め、事業実施想定区域を選定する際に必要となる周囲の概況などの調査は不要とする一方で、既存事業の環境影響を考慮した環境配慮の内容を配慮書に記載しなければならないこととしています。これにより、適正な環境配慮を維持しつつ、建て替え事業の特性を踏まえた配慮書手続の適正化を図ることができると考えています。
　次に、建て替え事業に係る配慮書に記載する環境配慮の内容についてお尋ねがありました。
　御指摘の環境配慮の内容については、既存事業の環境影響を考慮した内容について記載しなければならないこととしております。
　具体的には、今後、法に基づく下位法令等で定めることとしていますが、例えば、既存の風力発電事業においてバードストライクの発生が確認されているような場合には、鳥類の衝突を回避するため風車の配置等を見直す旨の方針等が示される必要があると考えており、有識者等の御意見を伺いながら検討を進めてまいります。
　次に、既存事業による影響の把握や建て替え事業による影響の評価手法の整理についてお尋ねがありました。
　既存事業の環境影響を把握するための手法や当該影響を踏まえた環境配慮の検討に関する考え方等については、法に基づく下位法令等で定めることとしています。今後、この下位法令等を定めていく際には、建て替え事業に係る適正な環境配慮の確保及び手続の円滑化がなされるよう、有識者等の意見も踏まえながら検討を進めるとともに、その手法や考え方等については、事業者を含めた関係者に対して明確に示すことができるよう努めてまいります。
　次に、過去に環境影響評価を実施していない既存事業の建て替えに係る環境配慮の確保についてお尋ねがありました。
　建て替え事業については、過去に環境影響評価を実施しているか否かにかかわらず、既存事業が現に環境に及ぼしている影響に関する調査結果や情報を活用することで、より効果的、効率的に環境配慮をすることが可能であることから、本法律案による手続の見直しの対象としています。
　仮に、事業者による既存事業の環境影響の把握や、建て替えに係る環境配慮の内容が不十分であると判断される場合には、既存事業の環境影響を把握するための調査、予測の再実施や、事業計画の見直しも含めた環境大臣意見を述べることで、適正な環境配慮を確保してまいります。
　次に、環境影響評価図書の継続公開についてお尋ねがありました。
　環境影響評価図書に含まれる情報は、後続の事業者による効果的なアセスの実施や、累積的な影響の評価への活用、透明性の向上による関係者の理解醸成につながることから、環境影響評価図書を継続的に公開することは環境保全の観点から重要であると考えています。こうした制度の趣旨について丁寧に説明することで、より多くの事業者の方々に継続公開に御協力いただけるよう努めてまいります。
　次に、戦略的環境影響評価制度の導入に向けた検討についてお尋ねがありました。
　戦略的環境影響評価については、早期段階の効果的な環境配慮の確保や、地域における適切なコミュニケーションの推進等を図る観点から、地球温暖化対策推進法に基づく促進区域制度の導入や、計画段階での環境配慮を可能とする再エネ海域利用法に基づく仕組みの導入などの取組を進めています。
　本法律案の検討に際して中央環境審議会からいただいた答申でも、これらの取組は戦略的環境影響評価の趣旨に資するものであるとされており、引き続き、こうした取組に加え、更なる知見の収集等に努めてまいります。
　次に、環境影響評価制度の早期の見直しの必要性についてお尋ねがありました。
　改正法案の規定に基づく施行状況についての検討は、改正事項の効果を検証した上で実施する必要がありますが、一般に環境影響評価手続には五、六年を要し、また、その後の工事期間や工作物の供用開始までの期間などを含めれば更に期間を要します。そのため、五年では改正事項の効果検証に必要な期間を確保することは難しく、本法律案の規定に基づく施行状況についての検討時期は、施行後十年とすることが現実的と考えています。
　他方、中央環境審議会による答申には、本改正事項の一つである環境影響評価図書の継続公開を始め、直ちに制度的な措置を講ずるべき事項から中期的な検討を要する事項まで、様々な性質のものが含まれています。
　答申の内容を踏まえ、今年度以降、順次速やかに検討を進めるとともに、社会状況等の変化を踏まえた新たな課題についても迅速に対応してまいります。
　次に、オーフス条約に対する認識等についてお尋ねがありました。
　欧州地域を中心として結ばれているオーフス条約は、環境政策をより国民の立場に立ったものにしていくという点から、重要な示唆が含まれていると認識しています。
　他方、オーフス条約の批准については、我が国の状況に合った形で反映することが可能かどうか、他国における実施状況なども踏まえながら慎重に検討する必要があると考えています。
　最後に、パブリックコメントへの対応及び多様な市民参画の担保についてお尋ねがありました。
　パブリックコメントについては、意見の数ではなく、その内容に着目するものであるとの制度趣旨を踏まえ、引き続き提出いただいた御意見を十分に考慮してまいります。
　また、市民参画については、個別の法制度等において具体化されるものもあり、例えば環境影響評価法においては、事業者に対し説明会の実施や国民から広く意見を聴取する機会の確保を義務付けています。
　いずれにしても、環境政策の推進に際しては、広く国民の方々の声にしっかりと耳を傾けながら進めていくことができるよう取り組んでまいります。（拍手）
　　　〔国務大臣中谷元君登壇、拍手〕"	121715254X02520250606_004	121715254X02520250606_007	121715254X02520250606_003
121715254X02520250606_007	中谷元	自由民主党・無所属の会	防衛大臣	"○国務大臣（中谷元君）　川田龍平議員にお答えをいたします。
　二〇二三年一月に発生した横田飛行場におけるＰＦＯＳ等が含まれた水の漏出事案についてお尋ねがありました。
　お尋ねの事案につきましては、米側から情報提供がなかったため、二〇二三年十一月の報道を受けまして、防衛省から米側に事実関係の確認を行っているところであります。
　防衛省としましては、できる限り早期に回答が得られるよう米側に働きかけをしてきており、回答が得られ次第、関係自治体に情報提供したいと考えております。（拍手）
　　　〔国務大臣あべ俊子君登壇、拍手〕"	121715254X02520250606_006		121715254X02520250606_003
121715254X02520250606_008	あべ俊子	自由民主党・無所属の会	文部科学大臣	"○国務大臣（あべ俊子君）　川田議員にお答えいたします。
　アセス図書の著作権法上の扱いについてお尋ねがありました。
　著作物に当たるものは、一部の例外を除き、著作権法上、保護を受けます。また、原則として、著作権者の許諾を得れば、著作物の利用が可能です。アセス図書の公開については、こうした考え方も踏まえ、環境省において整理を行い、必要な措置を図っているものと承知しております。（拍手）
　　　〔国務大臣岩屋毅君登壇、拍手〕"			121715254X02520250606_008
121715254X02520250606_009	岩屋毅	自由民主党・無所属の会	外務大臣	"○国務大臣（岩屋毅君）　川田龍平議員にお答えいたします。
　オーフス条約についてのお尋ねがありました。
　同条約は、一九九八年にデンマーク・オーフス市で開催された国連欧州経済委員会で採択をされました。その内容としては、環境に関する情報へのアクセス権、政策決定への参加権、司法へのアクセス権を締約国が自国民に保障するものであり、現在、欧州諸国を中心に四十八か国が締結していると承知しております。
　我が国が仮に同条約を締結する場合、その国内実施のためには国内法制度との関係を検討する必要がございます。
　外務省としては、締約国の条約実施状況や他国の締結状況等を見極めつつ、慎重に検討する必要があると考えているところでございます。（拍手）
　　　　─────────────"		121715254X02520250606_011	121715254X02520250606_009
121715254X02520250606_011	串田誠一	日本維新の会		"○串田誠一君　日本維新の会の串田誠一です。
　ただいま議題となりました環境影響評価法の一部を改正する法律案について、会派を代表し、質問いたします。
　本改正案は建て替えによる環境への影響に主眼を置いていますが、再生エネルギーそのものへの問題も取り組む必要があります。この観点から質問していきます。
　まず、太陽光パネルなどの廃棄物のリサイクル問題について質問いたします。
　日本で使用されている太陽光パネルは九五％が海外製であり、そのうち中国製は八割を占めています。全ての成分が公開されているわけではなく、特に有害物質とされている鉛、セレン、カドミウムなどの含有量が明示されていない場合があります。
　環境委員会で太陽光パネルのリサイクル工場を視察する機会をいただきましたが、廃棄物処理業者は、有害物質の情報がないためにリサイクルが難しく、埋立処分を行っているケースが多いと懸念を示されていました。
　そこで、環境影響評価においては、作動している工作物だけではなく、それを廃棄する際に環境へ及ぼす影響も配慮していくべきであると思いますが、環境大臣にお聞きします。
　次に、製造プロセスについて質問します。
　中国では多結晶シリコンの製造に石炭火力発電が使用されることが多いと言われており、製造過程で放射性物質や大気汚染物質である二酸化硫黄、窒素酸化物、二酸化炭素が発生する可能性が指摘されています。
　そこで、地球温暖化や環境に配慮するために再生エネルギーを高める目的で進められている事業が、逆に環境に悪影響を与えるものになっているのではないでしょうか。環境大臣の考えをお聞きします。
　今年五月、ロイターによると、中国製の太陽光システムのインバーターやバッテリーに、製品の仕様書に記載のない通信機器が過去九か月間に複数の製品から発見されたと報道されました。これらの装置は、遠隔操作を通じて電力網を不安定化させ、大規模な停電を引き起こす可能性があるとされ、関係者は、事実上、送電網を物理的に破壊する方法が組み込まれていたとコメントしていたとされています。米国エネルギー省では専門家がサイバーセキュリティーの脆弱性を調査していると報じられています。
　そこで、我が国はこの問題について認識しているのか、また調査をしているのか、経済産業大臣にお聞きをします。
　森の一面を覆う太陽光パネル、野生動物のすみかを破壊する風力発電、そのいずれも外国製であり、リサイクル困難なものが利用されています。太陽光パネルも、森林ではなく、ビルや住宅地の屋根、あるいはこれまでシリコン型パネルでは利用できなかった場所に対して開発を進める必要があります。
　その弾力性により湾曲した面にも使用可能な太陽光パネルであるフレキシブル太陽光パネル、特にペロブスカイト太陽電池については、日本が技術開発と国産化で先行していると思います。ペロブスカイト太陽電池は、薄くて軽量、柔軟性があることから、従来のシリコン型パネルでは利用できなかった場所にも設置可能な次世代技術であり、日本が世界をリードしています。日本はペロブスカイト太陽電池の主要材料であるヨウ素の世界第二位の生産国であり、供給網の安定性から国産化に有利です。
　せっかくリードしていたのに、世界に追い付かれ、追い越されてきたのが半導体分野ではないでしょうか。再生エネルギー分野は今後も世界的に発展が予想されます。このリードを更に広げて圧倒的なシェアを築き、他国がこの分野から撤退せざるを得ない状態になるまで国力を注ぐべきであると思いますが、環境大臣の見解をお聞きします。
　風力発電について質問します。
　風力発電においても、中国、デンマーク、米国、ドイツ、スペインなどの外国製品が主流です。日本企業でも、かつては三菱重工業や日立製作所が風車を製造していた時期がありましたが、撤退してしまいました。
　太陽光パネルについても言えることですが、日本の基幹産業ともいうべきエネルギー部門を外国製品で賄うということは、エネルギー安全保障上の観点からも問題だと思います。
　そこで、日本の企業が撤退をせざるを得なくなった原因と、そのときに国として何か対策ができたのではないか、なぜ国内製品を用いたエネルギー政策を進めなかったのか、その理由を経済産業大臣にお聞きします。
　送電ロス対策について質問します。
　再生エネルギーの比重を高めることは、例えば風力発電の場合、大量の電力を消費地である都市部に送電することになり、既に北海道から都内への送電が経済産業省によって検討されています。しかし、送電網が長くなることは、送電ロスが増えることを意味します。この点、超電導送電は、液体窒素が冷却することで抵抗をほぼゼロにし、従来の銅、アルミケーブルよりはるかに効率的に送電可能であるとされています。また、高圧直流送電は長距離送電に適していると言われています。
　これらの送電技術に関する国内の研究成果などを経済産業大臣にお聞きします。
　大型の風力発電では、消費地との距離が長くなるため、災害が発生した場合には供給ができなくなるリスクが高くなります。これに対して、国内で開発、製造が期待できる小型風力発電は、ビルなどに設置することも可能であり、発電場所と消費地が隣接していて、送電ロスを極力少なくすることができます。まさに、エネルギーの地産地消です。また、森林を破壊せず、災害時においても、個別の風力発電により電力の発生源が独立しているため、電力網の分断は避けられます。
　そこで、小型風力発電の国内企業への支援を高めて、再生エネルギーを国内で賄える体制づくりを進めるべきであると思いますが、環境大臣の見解をお聞きします。
　次に、風力発電と野生動物との関連について質問します。
　風車の回転ブレードに鳥が衝突して死亡する、いわゆるバードストライクが報告されています。特に、オジロワシやオオタカなどの猛禽類の絶滅危惧種が風力発電所付近で衝突死した事例が北海道などで報告されています。風力発電所の建設により、渡り鳥の飛行ルートや採餌場が分断されることも指摘されています。
　また、風車の回転による低周波音や振動が人へ及ぼす悪影響を考慮し、設置場所としては山林の尾根伝いなどが選定されやすいですが、野生動物への悪影響は考慮されているのでしょうか。
　確かに、近隣住民への影響は少なくなるかもしれませんが、人と動物の共生を実現するためには、野生動物のすみかを確保することが大前提です。しかしながら、人間の生活環境ばかりを重視する余り、野生動物の生活圏にまで侵害することになってしまっているのが現実ではないでしょうか。
　本改正は野生動物を保護する配慮が行われているのか、環境大臣にお聞きします。
　エネルギー政策は、日本の将来にとって極めて重要です。特に、エネルギー安全保障の観点からは、食料における自給率と同様に、海外に過度に依存しない体制づくりが必要になってきます。ペロブスカイト太陽電池や小型風力発電は環境に優しく、国際的な潮流にも合致しています。世界シェアを勝ち取ることが期待できるものであり、日本の一大産業として発展する可能性も秘めています。
　加えて、地熱資源量では世界第三位であり、深層部まで掘削することで立地場所を選ばない、環境にも優しい次世代地熱発電の技術開発が進められています。
　環境影響評価は何のためにあるのでしょうか。これまでの地球環境を持続させることではないでしょうか。そのためにも、人と動物との共生社会の実現が大切です。再生エネルギーも、人間の暮らしやすさだけを基準に考えるのではなく、動物にとっての生活圏を守りながら進めていかなければならないと思っています。
　御清聴ありがとうございました。（拍手）
　　　〔国務大臣浅尾慶一郎君登壇、拍手〕"	121715254X02520250606_009	121715254X02520250606_012	121715254X02520250606_009
121715254X02520250606_012	浅尾慶一郎	自由民主党	環境大臣・内閣府特命担当大臣（原子力防災）	"○国務大臣（浅尾慶一郎君）　串田議員から、工作物の廃棄に関する環境影響評価についてお尋ねがありました。
　環境影響評価法においては、工作物の新設等に伴って発生する廃棄物のほか、当該事業の実施後に工作物の撤去又は廃棄が予定される場合には、これらの撤去又は廃棄に伴って発生する廃棄物についても、事業者により実行可能な範囲内で、環境影響を回避、低減するための措置を検討することを求めています。
　このように、現行法においても、廃棄物の排出抑制やリサイクルを含む環境保全措置に係る検討が事業者によって実施されることを確保しているところであり、引き続き丁寧な制度の運用に努めてまいります。
　次に、再エネ事業による環境への悪影響についてお尋ねがありました。
　再エネ事業については、発電時のみならず、発電設備の製造の段階を含め、環境負荷の低減が図られることが望ましいと考えており、太陽光パネルの製造に際しても、製造拠点のあるそれぞれの国の関係法令に従って環境保全が図られるべきものと認識しております。
　その上で、我が国において再エネ事業を実施するに当たっては、環境に適正に配慮され、円滑な地域の合意形成が図られることが重要です。
　このため、環境省としては、環境影響評価制度の運用を通じた再エネ事業者による適正な環境配慮の確保や、自然公園法を始めとした保護制度の適切な運用等に取り組んでいるところであります。
　今後とも、関係省庁と連携し、環境に適正に配慮され、地域と共生した再エネの最大限導入に取り組んでまいります。
　次に、ペロブスカイト太陽電池についてお尋ねがありました。
　ペロブスカイト太陽電池は、軽量、柔軟という特徴を有しており、従来の太陽電池では設置が困難だった場所への設置が可能となることに加え、主な原材料の一つであるヨウ素は日本が世界第二位の産出量を有し、強靱なエネルギー供給構造の実現につながることが期待されます。その社会実装は、脱炭素、エネルギー安定供給、経済成長の同時実現に向けて重要であり、供給側、需要側双方の取組が必要と考えています。
　環境省としては、昨年十一月に作成された次世代型太陽電池戦略を踏まえ、経済産業省とも連携しながら、需要創出に向けた取組を進めてまいります。具体的には、本年二月に閣議決定した政府実行計画に基づき、政府施設への率先導入を推進するとともに、自治体や民間企業の導入支援を実施し、コスト低減や需要拡大に資する社会実装モデルを創出してまいります。
　こうした需要創出の取組を通じ、ペロブスカイト太陽電池の早期社会実装に向けて、積極的に貢献してまいります。
　次に、小型風力発電についてお尋ねがありました。
　小型風力発電は、需要場所の近くに設置することでエネルギーの地産地消に貢献できると考えております。他方、騒音影響など、地域への適切な配慮も必要と認識しています。
　環境省では、脱炭素社会に資する技術開発、実証を支援しており、この一環として、例えば、静音性に優れた小型風力発電の国内企業による開発に取り組んできました。また、民間事業者や地方自治体による再エネ設備の導入支援において、小型風力発電設備も対象としています。
　引き続き、関係省庁と連携して、小型風力発電を含めた再エネの最大限の導入に取り組んでまいります。
　最後に、改正法案における野生動物への配慮についてお尋ねがありました。
　現行の環境影響評価法においても、事業の実施によって動植物の生息・生育地の喪失や生態系への影響が考えられる場合には、事業者に対して、調査、予測、評価を実施し、それらの影響を回避、低減する措置をとることを求めています。
　これに加えて、本法案では、工作物の建て替え事業については、御指摘の野生動物への影響を含む既存事業による環境影響を踏まえた環境配慮の内容を配慮書に記載しなければならないこととし、環境影響評価図書については、鳥類の渡りへの影響等が懸念されている累積的な影響の評価等に活用できるよう、環境大臣が継続公開できることとするなどの措置を講じることとしています。
　引き続き、環境影響評価制度の適切な運用を通じて、人の健康の保護や生活環境の保全とともに、野生動物を含む生物多様性の確保に努めてまいります。（拍手）
　　　〔国務大臣武藤容治君登壇、拍手〕"	121715254X02520250606_011	121715254X02520250606_013	121715254X02520250606_009
121715254X02520250606_013	武藤容治	自由民主党・無所属の会	経済産業大臣・内閣府特命担当大臣（原子力損害賠償・廃炉等支援機構）	"○国務大臣（武藤容治君）　串田誠一議員の御質問にお答えをします。
　太陽光発電設備のサイバーセキュリティーについてお尋ねがありました。
　報道は承知しており、有志国とも問題意識を共有するとともに、国内の幅広い団体に対して、不審な通信機器が搭載されていないか確認と報告を要請しています。現時点では不審な事案についての報告はありませんけれども、引き続き確認を継続してまいります。
　引き続き、安定供給のため、太陽光発電のサイバーセキュリティー確保に努めます。
　次に、我が国の風力発電産業についてお尋ねがありました。
　現在、大型風車を製造できる日本企業がないのは、世界の洋上風力市場が急拡大をした二〇一〇年代後半に風車の受注や大型化競争で海外企業に後れを取ったことなどが背景だと考えています。また、こうした事業環境の変化への対応が官民共に十分ではなかったとの反省があります。こうした反省も踏まえ、二〇一九年に洋上風力の導入促進に向けて再エネ海域利用法を制定し、二〇二〇年には官民連携の下で、国内調達比率を六〇％とする目標や国内の案件形成目標等を掲げた洋上風力産業ビジョンを策定しました。
　経産省としては、こうした目標の達成に向けて、企業への設備投資支援やコスト低減に向けた技術開発、人材育成などを総合的に実施してまいります。
　次に、送電ロスの低減に向けた送電技術に関する国内の研究成果についてお尋ねがありました。
　御指摘の超電導送電について、平成十九年度から超電導ケーブルの技術開発を行い、送電効率九九・九％以上を達成の見通しが立ち、システム安定性が実証されました。実用化に向けては更なるコスト低減が必要であると認識をしています。
　そして、高圧直流送電につきましては、安全性の向上を図るため、令和二年度から、ケーブルの故障検知や自動での送電停止に関する技術開発を行い、機能が十分確認をされました。その上で、更なる安全性の向上等に向け、ケーブルの防護管の取付け技術の開発が必要であり、現在、支援を行っています。
　経産省として、引き続き、送電ロスの低減に向けた技術開発を進めてまいります。
　以上です。（拍手）
　　　　─────────────"	121715254X02520250606_012	121715254X02520250606_015	121715254X02520250606_009
121715254X02520250606_015	浜野喜史	国民民主党・新緑風会		"○浜野喜史君　国民民主党の浜野喜史です。
　環境影響評価法の一部を改正する法律案について、会派を代表し、質問いたします。
　浅尾環境大臣にお伺いします。
　今回の法改正によって、建替配慮書は、位置が大きく変わらないことから、事業実施想定区域に係る周囲の概況などの調査が不要となります。対象は、陸上風力を中心とした再生可能エネルギーのみならず、安定供給の要として我が国の電力供給を支える火力発電所、原子力発電所の建て替えも含んでいると認識しておりますが、見解をお伺いいたします。
　電力の安定供給や脱炭素化のために、火力発電所の高効率化、ＣＣＳの導入に向けた建て替えや、原子力発電の効率性、安全性を高めた次世代革新炉への建て替えは必要不可欠であります。これまでは、旧来施設と同規模、同敷地での建て替えであっても新設事業と同様の手続が求められ、事業の負担となっておりました。今回の法改正で具体的にどのような合理化が図られると考えているのか、説明願います。
　次に、アセス図書の継続公開に関して伺います。
　従来、アセス図書は一定期間が過ぎると閲覧できなくなり、事業者が事後的に情報へアクセスすることが困難でした。一方、長期間にわたる事業運営においては、アセス図書に記載された予測値の妥当性を後に検証、確認する必要性が増しています。今回の改正でアセス図書のオンラインによる継続的な公開義務が盛り込まれましたが、具体的にどのように公開されるのか、制度設計について伺います。
　不要なプロセスを合理化する今回の法改正は、脱炭素化に向けたＧＸを進めていく上でも有意義なものであります。ＧＸを進めていくためには、合理化できるものは合理化し、無駄のない対応を進めていくと同時に、必要な施策に対する積極的な投資が必要です。従来までの考え方に縛られると、二〇五〇年カーボンニュートラルは到底達成できません。こうした観点から、我が国の経済財政政策について伺います。
　武藤経産大臣に伺います。
　脱炭素化を進めていく上では、電力や石油、化学、紙パルプやセメント産業といった様々な産業において大胆な技術革新が必要です。
　一方、製品、サービスの創出プロセスを脱炭素化しても、製品、サービスの価値自体は基本的には変わらず、事業者にとってはコスト増となり、ＧＸに向けた技術革新を促進していくには政府からの支援が必要不可欠です。
　政府は、ＧＸ経済移行債で二十兆円程度の支援を行うこととしており、その償還財源は化石燃料賦課金制度や有償オークションで賄うこととしております。そのうち、有償オークションについては火力発電事業者に対して導入するということですが、火力発電事業者に限定する理由について説明願います。
　加えて、ＧＸコスト、ＧＸに関するコストは社会で公平に広く負担されるべきものであり、特定の事業者に負担を寄せるべきではないと考えておりますが、見解を伺います。
　次に、加藤財務大臣に伺います。
　ＧＸ経済移行債を発行せず、一般財源でＧＸを推進することも可能ではないかと考えます。なぜＧＸ経済移行債を発行することとしたのか、改めて説明願います。
　ＧＸ経済移行債に関連して、この際、国債について伺います。
　変動相場制の下、自国通貨である円建てで発行されている日本国債が債務不履行となることは考えられるのか、見解を伺います。
　なお、二〇〇二年に財務省が公表した外国格付け会社宛意見書についての説明を求めているわけではありません。また、財政危機があるのかについて質問しているわけでもありません。変動相場制の下、自国通貨である円建てで発行されている日本国債が債務不履行となることは考えられるのかについて質問しておりますので、その点に留意してお答えをください。
　加藤財務大臣は、厳しい財政事情の中、災害、コロナといった予想外の事態に対処する中であっても、財政健全化目標を掲げ、財政健全化に向けた意思を示すことで市場からの信認を維持してきたことから、国債の償還、借換えは安定的に行われていると説明しております。そういうことではなくて、日本国債は債務不履行が考えられない最も安全な金融商品であることから、安定消化できているのが現実ではないでしょうか。見解を伺います。
　同じことを別の表現で問います。
　民間銀行が国債を購入する際に用いる日銀当座預金は、民間銀行が自らの預金の一部を日銀に預け入れているわけではなく、日銀が民間銀行に供給しているものです。また、日銀当座預金はあくまで決済用の預金であるため、基本的に金利がないことから、民間銀行はちゅうちょなく国債を購入できます。こうしたことから、我が国の国債は当然に安定消化されているのが現実ではないかと考えておりますが、見解を伺います。
　加藤財務大臣は、一たび財政の持続可能性に対する信認が失われたという場合には、金利の急上昇、また過度なインフレが生じ、日本経済、社会、そして国民生活に多大な影響を与える可能性は否定できないという、おどろおどろしい説明をしております。
　国債の不履行が考えられない以上、一たび財政の持続可能性に対する信認が失われたという場合があるのか疑問です。仮にあったとしても、金利の急上昇があれば、国債の買いオペなどを通じて日銀が適時適切に対応すればよいのではないかと考えますが、見解を伺います。
　また、過度なインフレが生じるおそれがあるともしております。一方で、石破総理は、賃金が上がり、家計の購買力が上がることで消費が増え、その結果、物価が適度に上昇することを目指すとしております。現状の物価高は、海外からの原料・燃料高、また供給力不足に由来するコストプッシュ型のインフレと見るべきです。こうした中、需要が供給を上回ることによるデマンドプル型の適度なインフレ、物価上昇を目指すという石破総理の方向性は極めて真っ当です。
　その上で、望んでいる需要が引っ張るデマンドプル型の適度なインフレすら見通せない中で、過度なインフレなど今心配すべきことではないと考えますが、見解を伺います。
　加藤財務大臣は、様々な有事に備え財政余力を確保するということは政府の責任であるとしております。しかし、有事に備え確保すべきは、国家安全保障戦略に示されている外交力、防衛力、経済力、技術力、情報力といった総合的な国力ではないでしょうか。経済の状況を見極めつつ、必要な財政支出を的確に行うことにより、国力を維持強化することが日本の未来をつくる王道であると考えますが、見解をお伺いします。
　石破総理は、我が国の財政はギリシャよりもよろしくない状況と説明をされました。ＥＵに加盟し、ユーロを通貨として、金融財政政策を独自に行えないギリシャと、自国通貨である円建てで国債を発行し、金融財政政策を独自に行うことができる日本を比較することが妥当なのか、甚だ疑問です。
　このような誤った考え方に立ち、誤った説明を続ければ、国民の将来不安を助長し、消費は増えず、経済成長も望めません。それどころか、医療、介護、教育、農業、研究開発などの各分野に加え、年金生活者を含めた国民の生活は疲弊を続けます。
　三十年余りの経済停滞が続く今こそ、国の懐より国民の懐を豊かにすべきときです。考え方の転換を求め、質問を終わります。（拍手）
　　　〔国務大臣浅尾慶一郎君登壇、拍手〕"	121715254X02520250606_013	121715254X02520250606_016	121715254X02520250606_009
121715254X02520250606_016	浅尾慶一郎	自由民主党	環境大臣・内閣府特命担当大臣（原子力防災）	"○国務大臣（浅尾慶一郎君）　浜野議員から、改正法案における火力発電所及び原子力発電所の建て替え事業の取扱いについてお尋ねがありました。
　火力発電所及び原子力発電所の建て替え事業については、改正法案で定義する建て替えの要件に該当するもの、具体的には、既存工作物を除却又は廃止するとともに、既存工作物と同一又は近接する区域に同種の工作物を新設する事業であれば対象となります。
　その上で、要件の詳細については、今後、技術的な検討を経た上で政令で定めることとしています。
　次に、改正法案で設置する配慮書手続の見直しに関する具体的な内容についてお尋ねがありました。
　本改正案では、改正法案では、既存工作物と同一又は近接する区域に同種の工作物を新設する事業であることを建て替え事業の要件としていることから、事業実施想定区域を選定する際に必要となる周囲の概況などの調査は不要としますが、その一方で、既存事業の環境影響を考慮した環境配慮の内容を配慮書に記載することとしています。
　これにより、事業の位置や規模が大きく変わらない工作物の建て替え事業について適正な環境配慮を維持しつつ、建て替え事業の特性を踏まえた配慮書手続の適正化を図ることができると考えています。
　次に、いわゆる環境影響評価図書の継続公開の制度設計についてお尋ねがありました。
　環境影響評価図書は、既存の情報システムも活用し、環境省が管理運営するウェブページにおいて一元的に公開するなど、事業者により負担の掛からない形式かつ閲覧者にとって利便性の高い方法で、含まれる環境情報が有用性を持つと考えられる期間等も踏まえ、継続的に公開することを念頭に置いています。
　その上で、今後、制度の施行に向けて、業界団体等の御意見等もしっかり伺いながら、御指摘の事業開始後における検証等にも効果的に活用できるよう運用方法等を検討してまいります。（拍手）
　　　〔国務大臣武藤容治君登壇、拍手〕"	121715254X02520250606_015		121715254X02520250606_009
121715254X02520250606_017	武藤容治	自由民主党・無所属の会	経済産業大臣・内閣府特命担当大臣（原子力損害賠償・廃炉等支援機構）	"○国務大臣（武藤容治君）　浜野喜史議員の御質問にお答えさせていただきます。
　排出枠の有償オークションの導入を火力発電事業者に限定する理由についてお尋ねをいただきました。
　二〇三三年度から導入予定の排出枠の有償オークションについては、代替技術の導入可能性等を踏まえつつ、国民生活や産業への影響を踏まえて制度設計を行うことが重要であります。
　発電部門は、排出量の四割を占め脱炭素の重要性が高く、再エネなどの商用化された代替技術を有しており、諸外国でも先行的に有償割当てを導入しています。このため、我が国でも発電部門を対象にすることが適切と判断しているところであります。
　次に、ＧＸに関するコスト負担の在り方についてお尋ねがありました。
　御指摘のとおり、脱炭素投資を促進するためには、特定の事業者が費用を負担するのではなく、消費者を含めた社会全体で広く分担することが重要であります。
　このため、脱炭素型の製造プロセスによって生み出された製品が消費者から高く評価をされ、適正な対価を得られるよう、環境価値の見える化や企業などによる積極的な調達につなげるための機運醸成を進めてまいります。
　以上であります。（拍手）
　　　〔国務大臣加藤勝信君登壇、拍手〕"		121715254X02520250606_018	121715254X02520250606_017
121715254X02520250606_018	加藤勝信	自由民主党・無所属の会	財務大臣・内閣府特命担当大臣（金融）	"○国務大臣（加藤勝信君）　浜野議員からＧＸ経済移行債を発行する理由についてお尋ねがありました。
　政府としては、ＧＸの移行に向けて長期、複数年度にわたる投資促進策を講じるため、受益と負担の関係を見える化するようにエネルギー特別会計を用いて歳入歳出を管理することとしています。
　その上で、安定した財源を確保してＧＸを推進する観点も踏まえ、カーボンプライシングを導入し、大胆な先行投資支援を実現するために、そのカーボンプライシングの将来財源を裏付けとしてＧＸ経済移行債を発行することとしております。
　次に、自国通貨建てである日本国債に関し、債務不履行となる可能性や安定消化できている理由についてお尋ねがありました。
　諸外国の例について申し上げますと、例えばアルゼンチンでは、変動相場制に移行した二〇〇二年以降にも自国通貨建ての国債の支払延期が行われた例があるものと承知をしています。
　このような例を踏まえれば、一たび財政の持続可能性への信頼が損なわれれば、たとえ変動相場制の下での自国通貨建ての国債であっても、市場からの資金調達が困難となる可能性は否定できないものと考えております。
　これまでのところ、日本国債の安定消化に支障は生じておりません。この背景には、我が国が厳しい財政状況の中にあっても、経済再生をしっかり図りながら、財政健全化目標を掲げて、財政健全化に向けた意思を示し、歳出改革努力を継続するなど、必要な政策対応を行うことで市場からの信認を維持してきたことがあると考えております。
　各投資家の認識は、経済財政の状況や政府の対応などを踏まえて日々変化し得ることを踏まえれば、常に市場の信認の維持に努めていくことが重要であり、引き続き、財政健全化に向けた取組を着実に進めるとともに、国債の安定消化のため、市場の状況や投資家の動向などを注視し、市場参加者との丁寧な対話を行いながら、適切な国債管理政策に努めてまいりたいと考えております。
　なお、金融機関が日銀に保有する当座預金につきましては、日銀に預けることが義務付けられている所要準備を超える金額、超過準備に対し日銀から利息が支払われており、その上で、各金融機関が保有している資金を日銀の当座預金として預けておくか国債等への投資を行うかといった資金の使途については、各金融機関の経営判断に委ねられているものと承知をしております。
　次に、日銀の国債買入れについてお尋ねがありました。
　国債買入れを含む金融政策の具体的な手法は、日銀に委ねられるべきと考えており、政府としてコメントすることは差し控えます。
　その上で、一般論として申し上げると、財政の信認が失われる際に生じる金利急上昇への対応として、仮に中央銀行による大規模な国債買入れが行われたとしても、物価、金融情勢への期待が不安定な中、通貨供給量が過度に増加することによって過度なインフレを招くことで、家計の購買力の大幅な低下や預貯金等の国民が保有する資産の価値の毀損といった国民経済や企業活動に対する深刻な影響が生じる可能性があると考えております。
　日銀による金融政策については、政府・日本銀行の共同声明に沿って政府と緊密に連携を図り、経済、物価、金融情勢を踏まえつつ、二％の物価安定目標の持続的、安定的な実現に向けて適切な金融政策運営が行われることが重要と考えております。
　次に、物価動向についてお尋ねがありました。
　現在の物価上昇の背景には、大きく分けて二つの動きがあると認識をしております。国際的な原材料価格の高騰や円安などを背景とした輸入物価の上昇を起点とした物価上昇、食料品価格の上昇が継続しているという面がある一方で、三十年にも及ぶデフレ下でのコストカット型の行動様式が変わり、賃金上昇が通じた持続的な物価上昇の動きが見え始めている段階にありますが、足下四月の消費者物価指数は総合で前年同月比プラス三・六％となるなど、インフレの状態であると認識をしております。
　今後において、財政運営方針や金融政策運営への信認が損なわれるなど、金融市場の動向等を受けて過度なインフレが生じる可能性は排除できず、そうした点も踏まえた財政政策、金融政策が求められていると考えております。
　最後に、財政支出による国力の維持強化についてお尋ねがありました。
　骨太の方針二〇二四においては、財政健全化の旗を下ろさずこれまでの目標に取り組むことや、財政健全化の取組を後戻りさせないこと、他方で、経済あっての財政であり、現行の目標年度を含めた財政健全化目標により、状況に応じたマクロ経済政策の選択肢がゆがめられてはならないことが明記されており、政府としては、こうした方針に沿って、経済・物価動向等に配慮しながら、これまでの歳出改革努力を継続するとともに、必要な経済対策や税制改正を実施してまいりました。
　今後とも、足下の物価高対策など必要な対策は丁寧に講じる一方で、災害の激甚化や安全保障環境の変化などを踏まえれば、国民の安全と安心を預かる政府としては、様々な有事に備え、財政余力を確保することも重要であると考えております。（拍手）
　　　　─────────────"	121715254X02520250606_017		121715254X02520250606_017
121715254X02520250606_020	山下芳生	日本共産党		"○山下芳生君　日本共産党の山下芳生です。
　私は、会派を代表して、ただいま議題となりました環境影響評価法、以下、アセス法の一部を改正する法律案に対し、関係大臣に質問します。
　日本の環境影響評価制度は一九七〇年代半ばより検討が始まりましたが、発電所の建設が遅れることを危惧する電力業界や通産省が抵抗したことによって、長年にわたり法の制定が実現しませんでした。公害、環境問題が深刻化し、国民の怒りと運動が高まる中で、ようやく九七年にアセス法が成立しましたが、発電所だけは電気事業法の定めるところによるとして適用除外とされました。さらに、計画段階配慮書が新設された二〇一一年の法改正で、発電所にもアセス法が適用されることとなりましたが、経産省と電力業界は最後まで適用除外とするよう執拗に求め、その結果、アセスの最後の段階、報告書における環境保全措置等の結果の公表が発電所だけ適用除外となっています。
　また、放射性物質については、政府は、原子力は公害を発生しないとして、一九六七年に制定された公害対策基本法でも、九三年に制定された環境基本法でも、放射性物質による大気汚染の防止は原子力基本法等で定めるとの適用除外条項が盛り込まれました。東京電力福島第一原発事故後に制定された原子力規制委員会設置法の附則で環境基本法の放射性物質適用除外条項が削除され、二〇一三年にはアセス法においても放射性物質が適用対象となりましたが、供用中の原子力発電所の汚染防止は原子力規制委員会の審査に任されています。
　このように、日本の環境影響評価制度において、発電所、とりわけ原子力発電所はアンタッチャブルとされてきたのです。
　本改正案の策定の経過を見ても、当初、再生可能エネルギーの拡大が急がれる中、風力発電事業について、効果的、効率的に環境アセスメントを行うことのみが検討されていたにもかかわらず、今年三月になって唐突に、工作物の建て替え事業においてアセスの重要な手続を省略できる建替配慮書が提案され、またしても電気事業連合会の強い要請で、風力発電事業だけではなく、原子力発電所や火力発電所まで適用対象としたことは極めて重大であります。
　以上述べた日本の環境影響評価制度の歴史と現状を踏まえて、以下質問します。
　まず、個々の事業よりも上位の計画や政策の意思決定段階で環境配慮を行う戦略的環境影響評価制度の導入についてお聞きします。
　我が国を除いてほとんどの主要先進国で導入が図られていますが、日本では電力業界の抵抗でいまだに戦略的環境影響評価制度が導入されていません。政府は、温暖化対策推進法に基づき環境配慮が確保された再エネの導入や、環境大臣が海洋環境調査を実施する再エネ海域利用法の取組など、戦略的環境影響評価の趣旨に資する取組を推進するといいます。しかし、それは日本版戦略的アセスと言われるもので、欧米の戦略的環境影響評価制度ではありません。
　巨額の公費を投入し、国策事業となっている半導体製造やデータセンターの事業は現在、アセス法の適用対象外ですが、これらの施設は大量の電力、水力を消費し、大量の有機フッ素化合物や温室効果ガスを使用、放出します。こうした個々の事業の上位にある計画や政策の策定を対象とした戦略的環境影響評価制度を今こそ導入すべきではありませんか。環境大臣、お答えください。
　次に、原子力発電所のアセスについて伺います。
　政府は、原子力発電所の安全性は原子力規制委員会において厳密に審査が行われているといいます。しかし、いわゆる新規制基準によって一〇〇％安全が担保され、重大な環境影響が回避されるわけではありません。日本の環境影響評価制度は原子力規制委員会任せの安全神話に陥っていると言わなければなりません。アセス法では放射性物質が評価項目となっています。ほかの発電所アセスと同様に、原子力発電所もアセス法に基づいた評価をすべきではありませんか。
　東京電力福島第一原発事故では、放射性物質の拡散により広大な地域が汚染されました。十四年が経過した今でも二万四千人余りが避難生活を余儀なくされています。原発は、一たび事故を起こせば最悪の環境破壊を招きます。事故は決して起きないという安全神話と決別し、原子力発電所アセスの評価項目に米国の原子力発電所アセスと同様、事故を設定すべきではありませんか。いずれも環境大臣に答弁を求めます。
　建て替え事業においてアセスの重要な手続を省略できる建替配慮書を新設することについて伺います。
　政府による本改正案の提案説明では、現在行っている事業のアセス報告書にある調査結果を踏まえた環境配慮を反映して建替配慮書を作成するものとしています。しかし、さきに述べたとおり、アセス法で規定している報告書の送付及び公表、環境大臣の意見、経産大臣の意見は、電気事業法第四十六条の二十三により、発電所については適用除外となっています。これでは、現在行われている発電事業の環境保全措置の内容、効果及び不確実性の程度などが全く明らかにされません。こうした電気事業法での特例措置は撤廃すべきではありませんか。経産大臣、お答えください。
　横須賀石炭火力発電所では、老朽化などで長期的に計画休止中の発電所をリプレースしました。十年来の休止状態から環境影響が拡大するにもかかわらず、その環境影響の調査、予測、評価を行うことなく、十数年前の高稼働率、高環境負荷の状態と比較して新しい石炭火力発電所が環境影響を低減するとみなされ、アセス手続が簡略化されました。
　このように、リプレースによるアセス簡略化が行われている上に、今回、建替配慮書による簡略化が追加されれば、アセス手続の空洞化が起こることが強く懸念されます。火力発電所の建替配慮書で初動のアセス手続を簡略化し、さらには方法書以降の手続までが簡略化されることがないよう、基本的事項で明確に縛りを掛けるべきではありませんか。環境大臣、お答えください。
　最後に、近接地での複数事業の乱立による累積的影響について伺います。
　政府は、累積的影響に係る技術的な考え方等について検討を進めるといいますが、実際の対策は遅々として進んでいません。北海道北部での風力発電の建設、青森の下北半島、秋田県の男鹿半島など、日本では陸上でも洋上でも風力発電の計画が多く、既設の風車が多々ある地域もあります。このような地域では累積影響評価をしっかりと行う必要があります。本改正案の環境影響評価図書の公開では、累積的影響は回避できません。周辺に複数の案件があれば、事業者に累積的影響評価を義務付けるべきであります。環境大臣の答弁を求めます。
　日本共産党は、アセス法の目的に代替案の検討と住民参加を明確に位置付けること、欧米並みの戦略的環境影響評価制度を実施することとともに、原発ゼロの日本を目指し省エネと再エネの促進を図ることを強く求めて、質問を終わります。（拍手）
　　　〔国務大臣浅尾慶一郎君登壇、拍手〕"		121715254X02520250606_021	121715254X02520250606_020
121715254X02520250606_021	浅尾慶一郎	自由民主党	環境大臣・内閣府特命担当大臣（原子力防災）	"○国務大臣（浅尾慶一郎君）　山下議員から、戦略的環境影響評価制度の導入についてお尋ねがありました。
　現在、複数の国において戦略的環境影響評価に係る法的な規定が導入されていますが、各国で規定の制定形式が異なり、その対象となる計画、プログラムや要求するプロセスも国によって異なると承知しており、我が国においても、我が国の実情に応じた制度の検討が必要であると考えています。
　その上で、地球温暖化対策推進法や再エネ海域利用法の改正法に基づく仕組みは、個別の事業計画の立案よりも前の段階で環境配慮を図るためのものであり、上位の計画や政策立案段階での環境配慮を確保する戦略的環境影響評価制度の趣旨に資するものであると考えています。
　これに加え、我が国における戦略的環境影響評価の在り方や、対象とすべき計画等について検討する場合には、当該計画等に係る国家戦略等の政策や、計画に基づき行われる事業に関連する個別法令の内容などを踏まえ、関係省庁とも連携しつつ、慎重に検討を進めるべきであると考えていますが、引き続き更なる知見の収集に努めてまいります。
　次に、原子力発電所の供用時における環境影響評価についてお尋ねがありました。
　原子力発電所の設置に当たっては、放射性物質の放出における影響等を踏まえ、その安全性については、独立性の高い原子力規制委員会において、科学的、技術的根拠を基に厳格に審査が行われるものと認識しています。
　この認識の下、環境影響評価法では、環境大臣が環境影響評価の項目、手法や環境保全措置等の指針となる基本的事項を定め、各対象事業を所管する主務大臣は、基本的事項に基づき、具体的な項目、手法等を主務省令において定めることとしており、この枠組みにおいて整理がなされるものと考えています。
　次に、原子力発電所の事故時を想定した環境影響評価の必要性についてお尋ねがありました。
　事故の発生防止の観点も含め、原子力発電所の安全性については、独立性の高い原子力規制委員会において、科学的、技術的根拠を基に厳格に審査が行われるものと認識しています。その上で、環境影響評価法においては、発電所の設置に伴う土地の形状変更等が環境に及ぼす影響を評価しなければならないこととしています。
　原子力発電所の設置や稼働に関する環境保全については、このように関係する行政機関がそれぞれの制度を適切に運用していくことが重要であると考えています。
　次に、火力発電所の建て替えにおける環境影響評価手続の合理化についてお尋ねがありました。
　今回の改正は、必ずしも環境影響評価法上の手続を緩和するものではなく、既存事業の環境影響を考慮した環境配慮の内容を配慮書に記載させることにより、建て替え事業の特性を踏まえた手続の適正化を行うものとなります。
　また、効果的、効率的な環境影響評価の実施の観点から、配慮書段階の検討結果を環境影響評価の項目選定や調査、予測等に反映、活用していくことが重要であり、既存事業の稼働中に実施した調査結果を活用すること等により、環境影響が限定的となり得ると判断された場合には、方法書以降の手続において環境影響評価の評価項目の絞り込み等を行うことが適切と考えています。
　建て替え事業に係る環境影響評価手続においても、適正な環境配慮の確保が検討されることは大前提であり、法に基づく基本的事項等において既存事業の環境影響を踏まえた環境配慮の検討に関する考え方等を定めていく際には、有識者等の意見も踏まえながら適切に進めてまいります。
　最後に、累積的影響の評価についてお尋ねがありました。
　近接した区域に複数の事業が集中することにより、累積的な影響が懸念される風力発電事業については、環境大臣意見において、累積的な影響について適切に調査、予測及び評価を行い、その結果を踏まえ、風力発電設備等の配置等を検討することを求めています。
　また、累積的な影響の回避、低減には、累積的な影響評価に係る技術的な検討を進め、予測技術の向上や環境保全措置の具体的な事例の蓄積を図ることも重要であり、環境影響評価図書の継続公開を進めることにより、このための情報収集が可能になると考えています。
　加えて、諸外国における参考事例等も整理の上、累積的な影響が懸念される環境項目の整理を行った上で、その評価の技術的な考え方を検討し、ガイドライン等の策定を進めてまいります。（拍手）
　　　〔国務大臣武藤容治君登壇、拍手〕"	121715254X02520250606_020	121715254X02520250606_022	121715254X02520250606_020
121715254X02520250606_022	武藤容治	自由民主党・無所属の会	経済産業大臣・内閣府特命担当大臣（原子力損害賠償・廃炉等支援機構）	"○国務大臣（武藤容治君）　山下芳生議員の御質問にお答えをさせていただきます。
　電気事業法による環境影響評価法の適用除外について御質問、お尋ねをいただきました。
　電気事業法では、発電所の設置等を行う者に対し工事計画の届出を義務付けていますが、当該計画は環境影響に係る評価書に従っていることが要件とされており、これにより環境影響評価の実施を担保しています。加えて、講じた環境保全措置等を記載した報告書の公表を義務付けています。このため、環境保全措置の内容などが明らかにされていないとの御指摘は当たらないものと考えているところであります。（拍手）"	121715254X02520250606_021		121715254X02520250606_020
121715254X02520250606_025	滝沢求	自由民主党		"○滝沢求君　ただいま議題となりました条約二件につきまして、外交防衛委員会における審査の経過と結果を御報告申し上げます。
　まず、フィリピンとの部隊間協力円滑化協定は、一方の締約国の部隊が他方の締約国を訪問して協力活動を行う際の手続等について定めるものであります。
　次に、イタリアとの物品役務相互提供協定は、自衛隊とイタリア軍隊との間の物品又は役務の相互の提供における決済手続等について定めるものであります。
　委員会におきましては、両件を一括して議題とし、それぞれの協定の意義及び適用対象、各国との安全保障分野における協力の在り方等について質疑が行われましたが、詳細は会議録によって御承知願います。
　質疑を終局し、討論に入りましたところ、日本共産党の山添委員及び沖縄の風の伊波委員より両件に反対する旨の意見がそれぞれ述べられました。
　次いで、順次採決の結果、両件はいずれも多数をもって承認すべきものと決定いたしました。
　以上、報告申し上げます。（拍手）
　　　　─────────────"			121715254X02520250606_025
121715254X02520250606_033	宮崎勝	公明党		"○宮崎勝君　ただいま議題となりました法律案につきまして、総務委員会における審査の経過と結果を御報告申し上げます。
　本法律案は、近時の行政書士制度を取り巻く状況の変化を踏まえ、行政書士の使命及び職責を明らかにする規定を設けるとともに、特定行政書士が行政庁に対する不服申立ての手続について代理し、及びその手続について官公署に提出する書類を作成することができる範囲を拡大するほか、行政書士又は行政書士法人でない者による業務の制限違反等に対して両罰規定を設ける等の改正を行おうとするものであります。
　委員会におきましては、衆議院総務委員長竹内譲君から趣旨説明を聴取した後、特定行政書士の実績や活動実態、行政書士の業務の在り方等について質疑が行われました。
　質疑を終局し、採決の結果、本法律案は全会一致をもって原案どおり可決すべきものと決定いたしました。
　以上、御報告申し上げます。（拍手）
　　　　─────────────"			121715254X02520250606_033
121715254X02520250606_038	三宅伸吾	自由民主党		"○三宅伸吾君　ただいま議題となりました法律案につきまして、財政金融委員会における審査の経過及び結果を御報告申し上げます。
　本法律案は、金融のデジタル化等の進展に対応し、利用者保護を確保しつつ、イノベーションを促進するため、国境をまたぐ収納代行のうち、一定のものに対し、資金移動業の規制を適用するほか、暗号資産交換業者に対する資産の国内保有命令の創設、電子決済手段・暗号資産サービス仲介業の創設等の措置を講じようとするものであります。
　なお、衆議院において、検討規定について、検討の目途を「施行後五年」から「施行後三年」とするとともに、資金移動業の規制を適用する国境をまたぐ収納代行の範囲を検討対象として明記する修正が行われております。
　委員会におきましては、国境をまたぐ収納代行に係る規制の在り方、暗号資産取引における利用者保護に係る課題等について質疑が行われましたが、その詳細は会議録によって御承知願います。
　質疑を終局し、採決の結果、本法律案は全会一致をもって原案どおり可決すべきものと決定いたしました。
　なお、本法律案に対し附帯決議が付されております。
　以上、御報告申し上げます。（拍手）
　　　　─────────────"		121715254X02520250606_041	121715254X02520250606_038
121715254X02520250606_041	関口昌一	各派に属しない議員	議長	"○議長（関口昌一君）　投票の結果を報告いたします。
　　投票総数　　　　　　　　　二百三十一　　
　　賛成　　　　　　　　　　　二百二十七　　
　　反対　　　　　　　　　　　　　　　四　　
　よって、本案は可決されました。（拍手）
　　　　─────────────
　　　〔投票者氏名は本号末尾に掲載〕
　　　　　─────・─────"	121715254X02520250606_038		121715254X02520250606_038
121715254X02520250606_043	牧山ひろえ	立憲民主・社民・無所属		"○牧山ひろえ君　ただいま議題となりました円滑な事業再生を図るための事業者の金融機関等に対する債務の調整の手続等に関する法律案につきまして、経済産業委員会における審査の経過と結果を御報告申し上げます。
　本法律案は、経済的に窮境に陥るおそれのある事業者の早期での事業再生の円滑化を図るため、当該事業者の申出により、経済産業大臣の指定を受けた公正な第三者の関与の下で、金融機関等である債権者の一定割合以上の多数決とその決議に対する裁判所の認可により、当該事業者がその債務に係る権利関係の調整を行うことができる手続等を整備しようとするものであります。
　なお、衆議院において、本法律案の目的について、事業者が事業価値の毀損や技術及び人材の散逸の回避を図ることを明確にするとともに、早期事業再生計画の記載事項に、今後の事業活動への従業員の協力の見込み等が含まれることを明確にすることを内容とする修正が行われております。
　委員会におきましては、指定確認調査機関の役割、金融機関等への影響、労働者保護の必要性等について質疑が行われましたが、その詳細は会議録によって御承知願います。
　質疑を終局し、討論に入りましたところ、日本共産党を代表して岩渕委員より反対する旨の意見が述べられました。
　次いで、採決の結果、本法律案は多数をもって原案どおり可決すべきものと決定いたしました。
　なお、本法律案に対して附帯決議を行いました。
　以上、御報告申し上げます。（拍手）
　　　　─────────────"			121715254X02520250606_043
121715254X02620250611_002	片山さつき	自由民主党		"○片山さつき君　ただいま議題となりました令和五年度決算外二件につきまして、決算委員会における審査の経過と結果を御報告申し上げます。
　令和五年度決算外二件は、昨年十二月二十日の本会議において、財務大臣から概要の報告を聴取いたしておりますので、その内容につきましては、これを省略させていただきます。
　委員会におきましては、国会が議決した予算及び関係法律が適正かつ効率的に執行されたかどうかを精査するとともに、政府施策の全般について国民的視野から実績評価を行い、その結果を将来の予算編成及びその執行に反映させるとの観点に立って審査を行ってまいりました。
　まず、内閣総理大臣を始め全閣僚出席の下での全般質疑を行った後、全六回に及ぶ省庁別の審査など、合計九回の審査を行い、補正予算の執行状況に係る公表の在り方、米国による関税措置への対応策、米の安定供給に向けた取組状況、効果が発現していないＯＤＡ事業を改善する必要性など、行財政全般について熱心な論議が交わされましたが、その詳細は会議録によって御承知願います。
　六月九日、質疑を終局し、委員長より、令和五年度決算について本会議で議決すべき議決案を提出いたしました。
　以下、その内容を申し上げます。
　　　　一、本件決算は、これを是認する。
　　　　二、内閣に対し、次のとおり警告する。
　　　　　　内閣は、適切な措置を講じ、その結果を本院に報告すべきである。
　１　フィリピンに対する政府開発援助（ＯＤＡ）である首都圏鉄道三号線改修事業において、独立行政法人国際協力機構（ＪＩＣＡ）の職員が、調達手続に関する秘密情報を入札前の段階で複数回にわたって国内の特定企業に漏えいしていたことは、遺憾である。
　　　政府は、日本のＯＤＡ全体への不信を招きかねない事態が生じたことを重く受け止め、ＪＩＣＡが設置した検証委員会を通じて、情報漏えいの動機になり得るＪＩＣＡと漏えい先企業との関係性や組織的な関与の有無を含む徹底した調査を行うとともに、ＪＩＣＡの組織改革及び外務省による厳格な指導監督により、再発防止に万全を期すべきである。
　２　独立行政法人中小企業基盤整備機構が実施したＩＴ導入支援事業において、補助金を受給した中小企業者等が悪質なＩＴ導入支援事業者等からの働きかけを契機に資金の還流を受けるなどの不正を行っていたこと、経済産業省及び中小企業庁が適切な指導を行っていなかったことにより、会計検査院に指摘されるまで機構等による立入調査が一度も実施されず、不正の拡大を招く事態となったことは、遺憾である。
　　　政府は、不正を防止するための制度や審査の不備のみならず、不適切な事後対応により大規模な不正を許す事態となったことを重く受け止め、全容解明のための調査及び不正受給を行った事業者に対する補助金の返還請求を厳正に行うとともに、機構等に対して審査の厳格化及び立入調査の強化を確実に履行させるよう指導を徹底し、再発防止に万全を期すべきである。
　３　令和七年一月、埼玉県八潮市において下水道管の破損に起因すると考えられる道路陥没事故が起き、トラック一台が巻き込まれ運転手が亡くなるとともに、約百二十万人に下水道の使用自粛が求められるなど甚大な影響が生じたことは、極めて遺憾である。
　　　政府は、インフラメンテナンスの強化に取り組んできた中、今般の重大事故が発生したことを重く受け止め、下水道事業を担う地方公共団体に対し、職員の負担軽減に資するＤＸ技術の導入に向けた技術的・財政的支援を行うとともに、強靱で持続可能な下水道の構築のため、産官学連携による人材確保の強化に取り組み、再発防止に万全を期すべきである。
　４　海上自衛隊が保有する潜水艦の修理契約において、契約先の川崎重工業株式会社が遅くとも昭和六十年頃から出入業者との間で架空取引を行っていたこと、当該架空取引によって作出した裏金を原資に同社から潜水艦乗組員に対し飲食代金の負担や私的物品の提供といった便宜供与が行われていたことは、遺憾である。
　　　政府は、防衛費増額に伴い国民に新たな負担を求めようとしている中、自衛隊員が自らの懐を肥やす不正を行っていたことを重く受け止め、速やかに本事案の全貌を明らかにした上で、同社がその一部を架空取引の原資としていた超過利益を返納させるとともに、関係者に対して厳正な処分を行い、法令遵守の徹底など再発防止に万全を期すべきである。
　以上が議決案の内容であります。
　また、議決案と併せて、委員長より十項目から成る内閣に対する措置要求決議案を提出いたしました。
　討論を終局し、採決の結果、令和五年度決算は多数をもって是認すべきものと、内閣に対する警告案は全会一致をもって委員長提出案のとおり警告すべきものと議決されました。また、措置要求決議案は全会一致をもって本委員会の決議とすることに決定いたしました。
　次に、令和五年度国有財産増減及び現在額総計算書は多数をもって是認すべきものと決定し、次いで、令和五年度国有財産無償貸付状況総計算書は多数をもって是認すべきものと決定いたしました。
　なお、同日、国会法第百五条の規定に基づき、会計検査院に対し、検査要請を行うことを決定いたしました。
　検査項目は、就職氷河期世代支援施策の実施状況等についてであります。
　以上、御報告申し上げます。（拍手）
　　　　─────────────"		121715254X02620250611_004	121715254X02620250611_002
121715254X02620250611_004	羽田次郎	立憲民主・社民・無所属		"○羽田次郎君　立憲民主・社民・無所属の羽田次郎です。
　私は、会派を代表して、令和五年度決算並びに国有財産増減及び現在額総計算書の是認に反対、国有財産無償貸付状況総計算書の是認及び内閣に対する警告案に賛成の立場から討論を行います。
　その前に、一言申し上げます。
　石破総理は本院予算委員会で、我が国の財政状況はギリシャよりもよろしくないとの発言をされました。減税論議にくぎを刺す意図があったのかもしれませんが、財政健全化が重要とお考えならば、最初にやるべきことがあります。決算審査への真摯な対応です。
　国の予算の執行実績である決算を審査する意義は、審査結果を後の予算編成や政策遂行に反映させることにあります。
　にもかかわらず、今国会の決算審査では、これまで決算委員会で繰り返し決議を行っている案件や、会計検査院が再三指摘している案件が幾つも取り上げられました。さらに、我が会派の青木愛理事が行政事業レビューシートに記載されている執行率に基づいて質問したにもかかわらず、環境省は既に使用されていない計算方法を用いて執行率を答弁し、後日、副大臣が委員会冒頭で陳謝するという異例の事態も発生いたしました。
　財政健全化のため、まずやるべきなのは、決算審査に真摯に向き合い、予算の無駄遣いや不適正な会計経理を即刻正すことです。以上を述べた上で、令和五年度決算等の是認に反対する理由を申し上げます。
　第一の理由は、財政運営の平時化に向けた取組が不十分な点です。
　令和五年度一般会計歳出決算では、翌年度への繰越額は十一・一兆円、不用額は六・九兆円にも上りました。いまだコロナ禍前の水準には戻っておらず、正常な予算執行とは言えません。
　政府はコロナ禍以降、経済対策の財源として毎年度巨額の補正予算を編成していますが、会計検査院によると、令和四年度一般会計補正予算の中で全額が補正予算によって追加された予算科目十・九兆円のうち、その半分以上の五・九兆円が翌年度に繰り越されて年度内に支出されていなかった実態が明らかになりました。
　財政法において、補正予算は特に緊要となった経費の支出を行う場合などに限り作成することができるとされているにもかかわらず、多額の繰越しが生じている実態は、規模ありきで補正予算を編成してきた証左にほかなりません。
　国の決算書では、補正予算や予備費による追加額を特定し、執行状況を把握することが原則としてできず、政府はこれまで、財源別に執行状況を管理することについて、各省庁の執行管理が複雑することにより追加的な事務負担が生じるなど実務上の課題があるとの答弁をしてきました。しかし、実際には、多くの事業で補正予算の執行状況を区分管理していた実態を会計検査院が明らかにしました。なぜ実態と異なる答弁を繰り返してきたのでしょうか。財政の健全化を訴える前に政府は国の財政状況を国民に丁寧に説明する必要がある、そう指摘せざるを得ません。
　加えて、政府は令和五年度を新たな防衛力整備計画の一年目と位置付け、防衛関係費を増大させた結果、前年度の二倍を超える決算額となりました。その財源について、五年度は国有財産である大手町プレイスの政府保有分売却などで捻出しましたが、今後は防衛増税により国民に新たな負担を求めようとしています。そのような中、海上自衛隊の潜水艦修理契約をめぐり、契約先企業から乗組員に対する不正な便宜供与が行われていたことは誠に遺憾です。不正の全容解明とともに、国民理解が得られない状況下での防衛増税の撤回を求めます。
　第二の理由は、冒頭で触れたとおり、会計検査院から同様の指摘を再三にわたって受けているにもかかわらず、実効性のある再発防止策が講じられていない点です。
　令和五年度決算検査報告において、会計検査院が不適切な支出などと指摘した事項は三百四十五件、金額にして六百四十八億円に上りました。
　政府開発援助では、カンボジアの通信基幹ネットワーク整備事業において、固定電話サービスの利用率が目標値六一％に対して令和四年時点で〇・一六％と大きく下回っていた事態や、ガーナの保健センター建設計画では、スタッフ宿舎等は完成したものの、肝腎の保健センターが未完成であった事態など、合わせて五事業、四十一億円で効果が十分に現れていなかったことが指摘されました。
　このほか、環境省所管の循環型社会形成推進交付金が過大に交付されていた事態や、第一の理由で申し上げた補正予算の多額の繰越し実態も、これまで再三にわたり会計検査院から指摘を受けているものです。その都度、政府は再発防止策を講じたとしていますが、これまで何事もなかったかのように翌年度以降も指摘を受け続けていることは看過できません。政府には、会計検査院からの指摘を真摯に受け止めるとともに、形だけの再発防止策ではなく、実効性のある再発防止策を徹底することを強く求めます。
　第三の理由は、公共インフラの老朽化が進行する中、維持管理を担う地方自治体に寄り添った支援が不十分な点です。
　平成二十四年の笹子トンネル天井板落下事故を契機として、政府はインフラメンテナンスの強化に取り組んできました。
　そうした中、今年一月、埼玉県八潮市において、下水道管の老朽化に起因すると見られる道路陥没事故が起こり、トラック一台が巻き込まれ、ドライバーがお亡くなりになるとともに、約百二十万人に下水道の使用自粛が求められるなど、自然災害でいえば激甚災害に相当するような重大事故が発生しました。
　お亡くなりになられたドライバーにお悔やみを申し上げ、いまだ様々な御不便を強いられ、不安を抱えていらっしゃる住民皆様にお見舞いを申し上げます。そして、ドライバーの救出、陥没箇所と管路の修復、復旧、市民の衛生と水環境への影響を最小限とすべく現場作業に奔走されてきた関係者皆様には、心より敬意と感謝を申し上げます。
　この事故を踏まえ、政府は、国土強靱化実施中期計画に老朽化対策を位置付けるなど、強靱で持続可能な上下水道の構築に向け取り組むとしていますが、事故が起きてから腰を上げる政府の対応は遅きに失したと断ぜざるを得ません。
　我が国の社会資本ストックは高度経済成長に集中的に整備され、今後二十年間で建設後五十年以上経過する施設の割合は加速度的に高くなる見込みであり、一斉に老朽化するインフラの戦略的な維持管理、更新が求められています。
　一方で、公共インフラの大部分で維持管理の担い手となる地方自治体においては、全国の下水道事業における職員数が令和五年度で約二万六千六百人と十五年前から二〇％も減少しており、業務従事者不足が懸念されています。そのような中、政府は、ＤＸ技術による業務効率化のカタログを公表する一方、技術を導入するか否かは自主財源に限りのある各自治体の判断に委ねています。
　下水道の維持管理を自治体任せにしていた結果、今般の事故が起きたと考えられます。それでもまだ自治体任せを続けるのでしょうか。そのような姿勢で本当に安心で安全な国民生活を守れるとは到底考えられません。
　物価高で多くの国民にとって苦しい生活が続いている今だからこそ、より一層、国民の皆様から政府の予算、決算に厳しい目が向けられています。予算は適切に使われたのか、無駄な使われ方はなかったのか。決算重視の参議院において、立憲民主・社民・無所属は、これからも行政に対し厳しく意見し、改善を求めていくことを結びに申し上げ、会派を代表しての討論を終わります。
　御清聴ありがとうございました。（拍手）"	121715254X02620250611_002		121715254X02620250611_002
121715254X02620250611_006	山口和之	日本維新の会		"○山口和之君　日本維新の会の山口和之です。
　会派を代表して、令和五年度決算、国有財産増減及び現在額総計算書並びに国有財産無償貸付状況総計算書の是認に反対、そして、内閣に対する警告決議案には賛成の立場で討論をいたします。
　今、日本の政府債務残高はＧＤＰ比で約二五〇％超という異常事態に達しており、国と地方を合わせた借金は千二百兆円もの規模に膨らんでいます。これらの国債発行は、日銀による発行残高の約半分、計五百八十八・五兆円にも及ぶ買入れに支えられてきましたが、この構造も日銀によるテーパリングによって先行きが不透明になっています。
　財務省が先月実施した二十年物国債入札は極めて不調であり、また三十年債や四十年債等の超長期債の利回りも過去最高を更新するなど、財政懸念を背景とした投資家による債券の買い控えが国債の消化不良につながっています。金利が更に上昇すれば、国にとっては利払い費の増加により財政の自由度が低下し、日銀にとっては資産価値の低下を通じて財務リスクを着目され、通貨信認の低下につながり、また我が国経済そのものも景気後退に陥る、まさに八方塞がりの状況に陥る可能性を指摘する声もあります。
　令和七年度予算によると、一般会計歳出総額約百十五兆円のうち、国債費は約二十八兆円に上ります。社会保障関係費の膨張により赤字国債に依存する我が国の財政を考慮すれば、無駄を徹底的に排除し、可能な限り国債の発行量を圧縮することは、我が国財政の信認を確保し、財政を持続可能とするための喫緊の課題です。
　まず、このことを申し上げ、以下に具体的な問題点を指摘します。
　第一に、増え続ける社会保障関係費に対して抜本的な対策がなされていない点です。
　社会保障関係費は国における最大の費目で、令和七年度予算では、一般歳出約六十八兆円のうち社会保障関係費が約三十八兆円を占め、割合は五六％に達しています。医療費全体では毎年一兆円単位で増え続けており、国の財政と国民の懐を急激に圧迫する有様は、膨張がとどまることを知らなかった昭和十六年の軍事費にオーバーラップします。政府は改革工程等に基づき医療費抑制の姿勢は見せていたものの、この間の医療費の伸びを見れば、更に抜本的な改革を速やかに進める必要があったと言わざるを得ません。
　そこで、我が党は、社会保険料を下げる改革と銘打ち、与党に対して、過剰な病床数の適正化、ＯＴＣ類似薬の保険適用除外、応能負担の徹底、医療ＤＸの加速化等の提案を続けてきたところです。与党とは過剰な病床数の適正化で合意し、石破総理にもＯＴＣ類似薬の保険適用除外に前向きな姿勢を見せていただいているものの、変化の激しい世界の中で増え続ける医療費を抑制するためには、矢継ぎ早に打ち手を重ねなければなりません。四兆円の医療費削減は必ず速やかに成し遂げなければならないのです。
　第二に、コロナ禍に端を発する予備費の過大計上と不透明な運用が続いている点です。
　令和五年度の当初予算において、一般予備費五千億円に加え、物価高騰・賃上げ対策予備費四兆円、ウクライナ情勢経済緊急対応予備費一兆円が計上され、予備費総額は五・五兆円に上りました。補正後に一部減額されたとはいえ、三兆円の巨額を擁しており、通常数千億円規模にとどまるべき予備費としては異例の規模と言わざるを得ません。
　とりわけ問題なのは、このような巨額の予備費が、新型コロナウイルス感染症が五類に移行し、国全体が平時に戻りつつあった段階においても継続的に計上されているという点です。
　本来、予備費とは、憲法第八十七条及び財政法第二十四条に基づき、予見し難い予算の不足に備える例外的措置であり、必要最小限にとどめるべきものですが、近年、政府はその趣旨を逸脱して常態的かつ巨額の予備費を計上し、数兆円もの支出が事後承認の枠内で可能となっています。これは、憲法第八十六条に定める予算の事前議決の原則を形骸化させ、国会の予算審議を軽視しているものと批判を免れません。今こそ予備費の目的を見直し、抜本的制度改革を検討しなければなりません。
　第三に、巨額の不用額が発生している点です。
　令和五年度決算では歳出予算のうち約六・九兆円もの不用額が発生しており、うち約一・五兆円、二割程度が予備費の使い残しとなっています。中でも着目すべきは、令和五年度予算でも、前年度に引き続き、ウクライナ情勢経済緊急対応予備費として一兆円が計上され、前年度同様に一円も使用されず、全額が不用額となっている点です。
　予備費は、国民の命と暮らしを守る観点から、予測困難な事態に対して万全の備えを行うために計上するもので、予測し難い性質がある点は理解いたします。しかし、二年連続で巨額の予備費を計上しながら一切執行されなかったという事実は、予算の見積り精度や執行の計画性に疑念を抱かざるを得ません。
　第四に、政策の管理体制に不十分な事例がある点です。
　我が国の危機的な財政状況から、徹底した行財政改革を行う必要があることは当然です。しかし、このようなときに、非常に憂慮すべき事例が会計検査院の検査によって明らかになりました。
　新型コロナウイルス感染症対応地方創生臨時交付金のうち、感染拡大の影響を受けている事業者の支援等に用いる事業者支援交付金による事業では、支援金等が事業者の過誤又は不正により受給されている事態が判明すれば、各都道府県は支援金等の返還命令を発出するなど対応を行う必要があります。しかし、令和五年度調査において、内閣府と総務省は、国庫返還を要する交付金の額や件数、返還が生じた理由等を把握していませんでした。
　支援金が不正に受給されているのであれば、各省各庁は当然、責任を持って国庫返還を求めるべきであり、その額を把握していないのは、都道府県との連携を含めた政策の管理体制に問題があると言わざるを得ません。再発防止のため、執行体制の徹底的な見直しを求めます。
　ここまでるる指摘してきましたが、膨張する社会保障関係費に対する対応不足、予備費の濫用による財政民主主義の空洞化、巨額の不用額に現れた予算編成のずさんさ、管理体制の不備、巨額のコロナ対策の物価高対策への衣替えと、本決算には看過し難い問題が山積しています。いずれも政府の財政運営に対する国民の信頼を損ねる重大な事態であり、是認することはできません。
　少子高齢化が進展しつつ、戦後最も厳しい安全保障環境にある我が国において、未来にわたって財政を守り続けるためには、無駄遣いを徹底的に排除しなければなりません。政府・与党には、これらの課題を真摯に省みることで、今後の予算編成と行政運営に活用することを強く求め、反対討論といたします。
　御清聴ありがとうございました。（拍手）"			121715254X02620250611_006
121715254X02620250611_008	竹詰仁	国民民主党・新緑風会		"○竹詰仁君　国民民主党・新緑風会の竹詰仁です。
　会派を代表して、ただいま議題となりました令和五年度決算案外二件に反対、内閣への警告決議に賛成の立場で討論をいたします。
　まず、我が会派は、令和五年度政府予算案に対し、長期にわたり停滞する経済、止まらない少子化傾向という深刻な問題に直面しているにもかかわらず、給料が上がる経済に資する予算、人づくりに資する子ども・子育て政策関連の予算編成がなされていないことなどを指摘し、反対いたしました。
　実際、令和五年度には何が生じたのか、また決算から見て何が問題だったのかを指摘し、反対の討論をいたします。
　初めに、自民党のいわゆる裏金問題が大きく報道され、大問題となっていったのが令和五年十一月です。その後、国会においても数え切れない議論が行われましたが、今でも裏金問題の全容が明らかになっておりません。
　今国会では衆参両院において政治倫理審査会での審査が行われましたが、審査を受けた自民党議員からの弁明は人により食い違っており、理解、納得ができるものではありませんでした。国民から政治不信を招いた与党・自民党の責任は極めて重いことを指摘しておきます。
　次に、賃金について、令和五年度の実質賃金は前年度比マイナス二・二％と、二〇一四年度のマイナス二・九％以来、九年ぶりにマイナス二％を超える実質賃金の低下幅となりました。また、翌令和六年度の実質賃金もマイナス〇・五％となり、実質賃金の低下を招いた令和五年度決算には到底賛成することはできません。
　こども家庭庁が発足したのが令和五年四月一日です。岸田総理は、令和五年度予算において、異次元の少子化対策という表現を用いて、従来の少子化対策とは異なる規模や内容の施策を進めるとしました。しかし、出生数、合計特殊出生率とも低下をし続け、いまだに少子化の歯止めができておらず、異次元の少子化対策は成果が表れておりません。
　インボイス制度は令和五年十月一日に始まりました。国民民主党のみならず野党会派は反対し、中小規模事業者や個人事業主、フリーランス事業者からも多くの反対があったにもかかわらず、インボイス制度を導入いたしました。インボイス制度は負担が大きく、今でもその廃止を求められており、制度の廃止を求めます。
　コロナにおける燃料油価格激変緩和対策事業として、ガソリン、軽油、灯油、重油価格の補助が始まったのは令和四年一月でした。令和五年度においてもこの補助金は継続されました。国民民主党は、補助金よりも減税の方が無駄が少なく、賃上げの後押しにつながるため、トリガー条項凍結解除を申し入れましたが、政府は受け入れませんでした。
　令和五年度補正予算案に国民民主党は賛成いたしました。これは、岸田総理がトリガー条項凍結解除の検討を行うことを明言したからです。党内では補正予算案に賛成についてけんけんがくがくの議論がありましたが、トリガーに期待して賛成しました。しかし、その期待は裏切られました。そうした決算を承認できるはずがありません。先月から燃料油価格定額引下げ措置が開始されましたが、国民民主党はガソリン暫定税率の廃止を強く求めるものであります。
　電気代、ガス代の補助金制度は令和五年一月から開始されました。令和五年度中も補助が続きました。この際、国民民主党は、電気代の負担軽減は、負担が増え続けてきた再エネ賦課金の一時徴収停止を求め、議員立法も提出いたしました。今年度の再エネ賦課金の単価は一キロワットアワーにつき三・九八円です。標準的な電気の使用家庭で、再エネ賦課金だけで年間二万円の負担です。今の仕組みではますます再エネ賦課金は上昇します。電気代補助ではなく、再エネ賦課金を一旦徴収停止し、制度の見直しを強く求めます。
　新型コロナウイルス感染症は令和五年五月八日に二類から五類感染症へ移行しました。これにより季節性インフルエンザと同じ扱いとなりました。新型コロナ発症のときの初期対応やその後の感染対応、保健所・医療体制、国及び自治体による支援、そして財政的な措置及びその使用など網羅的に総括してこそ、新たなウイルス、感染症対策が講じられます。その総括ができておりません。政府には、網羅的かつ明瞭な総括をし、国民にもしっかり伝えることを求めます。
　政府は、令和四年十二月に策定した防衛力整備計画において、令和五年から九年度の五年間における防衛力整備の水準額を四十三兆円程度といたしました。財源確保については、五年間の歳出追加需要十四・六兆円に対し、一、歳出改革により三兆円強、二、決算剰余金の活用により三・五兆円程度、三、防衛財源確保法に基づく防衛力強化資金により四・六から五兆円強、四、残りを防衛特別法人税やたばこ税の見直しにより確保するとしておりました。
　しかし、防衛財源に充当する決算剰余金は、令和四年度の一・三兆円に対し、令和五年度は〇・四兆円と大幅に減少し、果たして防衛力整備の財源確保策は妥当であるのか疑問が生じるとともに、防衛力整備計画自体にも影響が生じかねないことを指摘しておきます。
　人づくりこそ国づくり、その指標の一つが科学技術予算です。科学技術の発展は、天然資源に乏しい我が国の成長の重要な要素です。一例として、我が国の大学の研究開発費については、二〇〇〇年と比べると増えるどころか若干減少しています。一方、ＯＥＣＤ購買力平均換算で、米国は二〇〇〇年と直近と比較して約二倍、中国では約十二倍です。こうした差が我が国の経済が低迷してきた一因でもあります。科学技術への予算増とともに、研究者の増加は喫緊かつ重要な課題として政府に対応を求めます。
　官民ファンドは非常に問題です。令和五年度末時点で官民ファンドは十四ファンドあり、政府出資は二兆一千百三十七億円に上るのに対し、純粋な民間出資は六百六十億円です。九七％が政府出資、僅か三％が民間出資です。しかも、政府出資比率が高いファンドの累積赤字が巨額であり、今後の損失解消の見通しも不明で、損失に対する責任も不明確です。こうした決算は、国民の納得が得られるものではありません。
　本年一月、埼玉県八潮市において下水道管の破損に起因すると考えられる陥没が起き、トラック一台が巻き込まれるとともに、約百二十万人に下水道の使用自粛が求められるなど、大きな影響が生じました。この箇所は、埼玉県が令和三年に独自に行っていた検査では、直ちに工事は必要ないと判断されていました。一方で、令和四年度には、全国で下水道管の老朽化等に起因する道路陥没事故は二千六百七件発生していたにもかかわらず、令和五年度以降においても適切な対応は行われなかったと言わざるを得ません。
　地方公共団体における下水道施設の老朽化対策や維持更新の計画的な実施について、政府主導での対策を切に求めます。
　就職氷河期世代への支援については、政府の施策が十分な効果を発揮できていないことを指摘せざるを得ません。政府の対策が雇用対策に偏り過ぎていた上に、当事者のニーズを的確に捉えていないのではないでしょうか。
　我が党から、本決算審査に当たり、会計検査院に対し、就職氷河期世代支援について検査要請を行いました。検査が実施されることを評価するとともに、より有効な施策につなげていくことを求めます。
　最後に、会計検査院の令和五年度決算検査報告では、指摘事項が三百三十八件、指摘金額は六百四十八億円超ありました。前年から五件増え、指摘金額も約六十八億円増えました。指摘件数多数、指摘金額は巨額であり、こうした決算は納税者からの理解、納得を得られるものではありません。
　以上、令和五年度決算に対する反対の理由を述べましたが、決算の参議院、出口の参議院と言われるように、我々は、決算を厳正にチェックし、次なる予算、政策にしっかりとつなげていく重要な役割があります。政府・与党にはいま一度、何が問題かということを真摯に、謙虚にしっかりと受け止めていただきたいと思います。
　国民民主党は、給料を上げる経済の実現、自分の国は自分で守る、人づくりこそ国づくり、正直な政治を貫く、四本柱の政策をつくり、訴え、そして、国民の手取りを増やすことを実現するため全力を尽くすことをお約束し、令和五年度決算の反対討論といたします。
　御清聴ありがとうございました。（拍手）"			121715254X02620250611_008
121715254X02620250611_010	紙智子	日本共産党		"○紙智子君　日本共産党を代表して、二〇二三年度決算、二〇二三年度国有財産増減及び現在額総計算書の是認に反対、二〇二三年度国有財産無償貸付状況総計算書の是認に賛成、内閣に対する警告決議に賛成の立場から討論を行います。
　二〇二三年度予算は、安保三文書に基づいて敵基地攻撃能力を保有し、五年間で四十三兆円にも上る大軍拡計画をスタートをさせた予算です。戦争国家づくり元年予算というべきものです。
　この軍拡のあおりも受けて、国民の暮らしを守る予算は圧縮されました。急激に進行した物価高騰に無為無策であるばかりか、消費税減税に背を向けた上に、インボイス導入まで強行しました。農林水産分野でいえば、予算は削減され、深刻な危機に直面した酪農に対し、まともな救済策は講じられませんでした。
　一方で、期待した効果は上がらなかったと認めながら、研究開発減税など大企業優遇税制を続け、一億円の壁の是正など、目玉政策は看板倒れとなりました。ＧＸの名で原発回帰、特定の半導体企業支援などを含め、大企業、富裕層優先の政治が温存されたのです。
　以上の点から、この予算執行の結果である二〇二三年度決算を是認することは到底できません。
　決算審議は、過去の経験、教訓を今後の政治に生かすために行われるものと思います。その点で、私の二十四年間の議員生活において経験した痛切な思いを語ることも無駄ではないと考えます。
　私が初めて参議院に議席を得たのは、二〇〇一年の七月でした。この年、我が国で初めて牛海綿状脳症、ＢＳＥにかかった牛が発見されました。農林水産委員会に所属した私は、まず、太田豊秋農林水産委員長に連絡を取り、閉会中審査を求めました。委員長は、新人議員の私の声を受け止めて、実現に動いてくれました。国会というところは、新人の議員の言うことであっても、国民にとって切実なことはこういう形で受け止めて動いていくのかと、改めてその役割の重みを実感いたしました。
　私にとって最後となる今国会でも、大事な経験をしました。二〇二五年度予算に盛り込まれていた高額療養費の負担額の引上げをやめる予算修正を参議院が議決したのです。衆議院から送られてきた予算を参議院が修正し、衆議院も同意して成立すること自体、憲政史上初めてのことですが、それを可能にしたのは、患者さんなど関係者の切実な声を参議院が真摯に受け止めた結果だと思います。国民の声で政治を動かす、国会がそうした役割を果たすことを心から願うものです。
　もう一つ強く記憶に残っているのは、二〇一一年三月十一日の東日本大震災、東京電力福島第一原発の事故です。
　新しくなったばかりの議員会館がぎしぎしと音を立てて揺れ、テレビで大きな津波が太平洋岸に押し寄せ、のみ込んでいく状況に目を奪われました。
　翌朝早く、車で福島県のいわき市に向かいました。小名浜海岸の商店街はシャッターがめくれ上がり、惨たんたる状況でした。そこから内陸部に移動する途中、ラジオで福島第一原発が水素爆発を起こしたというニュースを耳にして、恐怖を感じました。
　この深刻な被害と事故を目の当たりにして、多くの方の考え方が大きく変わった瞬間だったのではないかと思います。とりわけ、原発事故は安全神話が崩れ去った瞬間でした。これからは、自分の目で見て、自分の頭で考えて判断し、行動しようと、官邸前に原発再稼働反対の運動が始まり、何万人という規模に広がりました。
　私は、政治は何をすべきなのか、日々考えながら行動しました。政治を動かすのは国民だということも実感いたしました。この流れが底流となって、安保法制反対、戦争する国づくりは許さない行動に発展したのではないでしょうか。
　冒頭、二〇二三年度予算は戦争国家づくり元年予算と指摘しました。
　安倍内閣は、歴代政権が憲法上許されないと言ってきた集団的自衛権の行使を容認し、安保法制が強行されました。まさに、アメリカの戦争に自衛隊が自動的に参戦する仕組みです。
　このとき思い出したのは、父から聞いた戦争体験です。父は二十歳のときに召集令状を受け取り、五年間戦地に赴きました。航空隊の整備士として任務に就いて、いよいよ戦況が激しくなってきたとき、日本から特攻隊の若い兵士が次々とやってきたと言います。みんな二十歳前後、そして前の日の夜に水杯を交わし、翌朝にはどの青年もにっこり笑って敬礼をして飛び立っていく姿を見送った。けれど、誰一人帰ることはなかった。父は、痛ましいことをした、あの若者たちが死なずにいたら、その後の日本にどれだけ役に立っていたかしれない、もう二度とあんな戦争をやってはいけないと思うと繰り返し話していました。
　父は亡くなりましたが、こうした思いが、憲法九条を守れ、安保法制反対の運動につながったんです。四十三兆円もの戦争準備の計画はやめ、平和を準備する外交こそが必要です。憲法九条を生かした平和の外交を強く求めるものです。
　私は、国会に来てから、希望して農林水産委員会に所属してきました。この二十四年間、規制緩和と自由化から日本の食と農を守る闘いの連続でした。
　今、米不足、米価高騰が国民生活を揺るがしている令和の米騒動は、その背景に規制緩和があります。
　二〇〇四年の改正食糧法によって、米の流通が自由化されました。新たに商社や大手小売業が流通業者に参入し、生産者から米を買いたたく状況が生まれました。そのため、店頭から米が消えても、政府は有効な対策が打てませんでした。しかも、改正食糧法は、「米穀の再生産を確保する」との規定を削除し、生産者の経営を安定させる対策もなくしたんです。市場任せから国が責任を持って安定供給を進める農政への大転換が必要です。
　自由化も農政の大きな焦点でした。
　一九八四年、日米諮問委員会は、アメリカから農産物を買うように圧力を掛け、日本の食料安全保障政策は、構造調整を妨げ、真の食料安全保障をも阻害していると報告書を出しました。政府は国際化を掲げ、牛肉・オレンジの自由化を受け入れ、ＷＴＯ協定を批准し、自由化に突き進みました。
　二〇一〇年代半ばに入ると、安倍政権はＴＰＰやメガＦＴＡ協定を締結し、歯止めのない自由化路線を進めました。今も政府の財政審議会は自給率の向上には疑問だと言い、国際分業、国際貿易のメリットを無視していると農政への圧力を掛けています。
　この規制緩和と自由化で日本の農業はどうなったでしょうか。基幹的農業従事者は二〇〇〇年の二百四十万人から今や約百十一万人に半減し、耕地面積は五十六万ヘクタールも減少し、生産基盤の弱体化が進んでいます。農業で生活できない、後継者がいない、コミュニティーが維持できない、これは各地で共通した思いです。農業、農村を軽んじる国に未来はありません。
　私は、生産者に自己責任を迫る新自由主義的農政から脱却をして、人と環境に優しい農政に転換すべきだと思います。
　私は今期で参議院議員を引退します。
　志高清遠という言葉があります。志を高く、清い心で遠大な理想を持って生きよという意味です。これは、北海道のえりも町で漁業を営む漁師から教わりました。希望を語り、地域の営みが輝く未来をつくるために、皆さんとともにこれからも歩み続けていきたいと思います。
　決意を述べて、最後の討論といたします。
　ありがとうございました。（拍手）"		121715254X02620250611_024	121715254X02620250611_010
121715254X02620250611_024	関口昌一	各派に属しない議員	議長	"○議長（関口昌一君）　先ほど議決されました内閣に対する警告に関し、内閣総理大臣から発言を求められました。石破茂内閣総理大臣。
　　　〔内閣総理大臣石破茂君登壇、拍手〕"	121715254X02620250611_010	121715254X02620250611_025	121715254X02620250611_010
121715254X02620250611_025	石破茂	自由民主党・無所属の会	内閣総理大臣	"○内閣総理大臣（石破茂君）　ただいまの御決議に対しまして所信を申し述べます。
　政府としては、従来から国の諸施策の推進に当たって、適正かつ効率的に執行するよう最善の努力を行っているところでありますが、今般、四項目にわたる御指摘を受けましたことは、いずれも政府として重く受け止めるべきものと考えております。
　御決議の趣旨を十分に踏まえ、今後このような御指摘を受けることのないよう改善、指導をいたしてまいります。（拍手）
　　　　　─────・─────"	121715254X02620250611_024	121715254X02620250611_027	121715254X02620250611_010
121715254X02620250611_027	堂故茂	自由民主党		"○堂故茂君　ただいま議題となりました法律案につきまして、文教科学委員会における審査の経過と結果を御報告申し上げます。
　本法律案は、教員に優れた人材を確保する必要性に鑑み、公立の義務教育諸学校等における働き方改革の一層の推進、組織的な学校運営及び指導の促進並びに教員の処遇の改善を図るため、教育委員会に対する業務量管理・健康確保措置実施計画の策定及び公表等の義務付け、主務教諭の職の新設、教職調整額の基準となる額の引上げ、義務教育等教員特別手当の内容に関する規定の整備等の措置を講じようとするものであります。
　なお、衆議院において、教員の一か月の時間外在校等時間について、令和十一年度までに平均三十時間程度に削減することを目標とし、所要の措置を講ずること等を内容とする修正が行われております。
　委員会におきましては、参考人から意見を聴取するとともに、教職員定数を改善する必要性、教員の勤務実態を正確に把握する調査の在り方、給特法を抜本的に見直す必要性等について、石破内閣総理大臣にも出席を求め、質疑が行われましたが、その詳細は会議録によって御承知願いたいと存じます。
　質疑を終局し、討論に入りましたところ、日本共産党の吉良委員より反対、立憲民主・社民・無所属の斎藤委員より賛成、各派に属しない議員の宮口委員より反対の意見が述べられました。
　討論を終局し、採決の結果、本法律案は多数をもって原案どおり可決すべきものと決定いたしました。
　なお、本法律案に対しまして附帯決議が付されております。
　以上、御報告を申し上げます。（拍手）
　　　　─────────────"	121715254X02620250611_025	121715254X02620250611_028	121715254X02620250611_010
121715254X02620250611_028	関口昌一	各派に属しない議員	議長	"○議長（関口昌一君）　本案に対し、討論の通告がございます。順次発言を許します。吉良よし子君。
　　　〔吉良よし子君登壇、拍手〕"	121715254X02620250611_027	121715254X02620250611_029	121715254X02620250611_010
121715254X02620250611_029	吉良よし子	日本共産党		"○吉良よし子君　私は、日本共産党を代表して、公立の義務教育諸学校等の教育職員の給与等に関する特別措置法等の一部を改正する法律案に反対の討論を行います。
　一九七一年、自民党政府がこの給特法を制定し、公立学校の教員に対し残業代支給を適用除外とした当時、日本共産党を含めた全ての野党がこれでは労働時間が無定量になってしまうと反対しました。事実、給特法が制定されて以降、政府はコスト意識がゼロになり、教員を増やさないまま業務だけは次々と増やし、労働時間が無定量となってしまいました。
　現在、小中学校の教員は平均で毎日十一時間半働き、休憩の時間どころか、トイレに行く時間もほとんどなく、土日の出勤、持ち帰り残業もやっています。ＳＮＳには毎日のように、もう限界、もう辞めたいと、教員の皆さんからの悲鳴が上がっています。
　ところが、本法案では、給特法の残業代不支給には手を付けず、教職調整額を現行の四％から一〇％に引き上げるだけといいます。しかし、参考人質疑で本田由紀参考人が、二〇二二年度の教員勤務実態調査を基に調整額を計算したところ、一月当たりの時間外在校等時間の推計が約四十一時間の小学校の場合は二〇・五％、約五十八時間の中学校の場合、二九％の調整額となる計算だと指摘をされました。これに照らせば、調整額一〇％の引上げが今の教員の労働実態に全く見合わないものであることは明らかです。しかも、一年間で僅か一％ずつ六年掛けて引き上げるというやり方も含め、これが適正な処遇改善などとは到底言えません。
　さらに、この教職調整額の財源確保のためとして、他の義務教育特別手当などの手当の見直し、削減をすることは問題です。とりわけ、特別支援教育に携わる教員に対し給料の調整額を引き下げた上、今回新設される学級担任手当も支給しないとする対応は余りに理不尽です。これに反対する署名は、二か月足らずで二万二千筆を超えました。
　文科大臣は特別支援教育の重要性が低下しているわけではないと言いますが、調整額の引下げという行為は、まさに特別支援教育の軽視そのものです。多種多様な障害に応じて様々な専門知識を身に付けるため自腹を切って研修を受け、その子に合わせた教材を作成し、一人一人の子供たちに向き合っている特別支援教育に携わる教員の皆さんの業務の特殊性や重要性を理解しているとは思えない差別的な対応は、今すぐに撤回すべきです。
　本法案では新たな職として主務教諭が新設されますが、本田参考人が、何の益もなく、むしろその弊害の方が大きいと述べられたように、教員の間に階層化と分断を生み、業務負担の増大も懸念されます。
　文科省は、主務教諭について、授業時数を軽減したり制限したりすることは考えていないと答弁しましたが、授業負担の軽減もなく職責と業務を増やすことは許されません。
　実際、主務教諭のモデルとなった主任教諭を導入している東京都の現場では、主任教諭になって仕事が増えたという声が上がっている上、主任教諭になっていないのにやるのは損という思いが出てきましたと、対等な立場で助け合い、支え合う教員の同僚性が壊されている実態が明らかになっています。
　また、主務教諭になるためには選考を経なければなりませんが、選考による試験や論文、面接の準備についても新たな負担になってしまいます。東京の主任教諭の選考を受け続けている教員からは、今年は受かったって周囲にも何回も言われるストレスがあるとか、教員一覧の名簿に主任教諭か教諭か記載されたときの劣等感、もう嫌な思い出しかないとか、一緒に受験していた同僚は結局受からないまま退職しましたという声も届いています。頑張る教員を評価するどころか、階層化と分断で劣等感を生み、この教員不足の中、教員が教職を去る原因にもなってしまうような主務教諭の導入は到底容認できません。
　さらに、本法案では、教育委員会に教員の業務量の管理と健康確保のための計画を立てさせ、時間外在校等時間の上限、目標の達成に向け、目に見える成果を教育委員会、学校に求めています。目に見える成果を求めることで、教育委員会の間や学校の間での見える部分だけの時短競争が激化し、これまで以上に見えない残業、時短ハラスメントや持ち帰り残業を増長させるおそれもあります。
　しかし、文科省は、持ち帰り残業は原則やらないものだから、教育委員会にはその実態を把握することを求めないといいます。その上、これまで国が行ってきた勤務実態調査の継続も拒否し続けていますが、これでは国が教員の労働実態を把握することも、その時間を管理し、縮減することもできません。
　何より、持ち帰り残業をしなければ終わらないほど業務が多過ぎることが問題です。広田照幸参考人は、授業以外の業務を仮に半減していったとしても、今の教員の労働時間は法定労働時間をあふれてしまう、だから結局のところ、長時間勤務の抜本的な解決のためには、教員の定数をしっかり増やすことで教員一人一人の持ちこま数を削減することしかないと指摘をされました。
　かつて文科省が教員一人一日四こまを基準に乗ずる数を設定し、基礎定数を算定していたことは文科省も認めた事実です。それなのに、文科大臣は、教員一人に一日五こまから六こまが押し付けられている今の現状を追認し、乗ずる数の見直し、基礎定数の改善について、必要に応じて検討するとしか言いません。その上、文科大臣は、時間外在校等時間について必ずしもゼロにはならないと繰り返し、総理も、教員の時間外勤務は労働時間には当たらないと答弁をいたしました。時間外在校等時間には自主的な残業が含まれるからなどといいますが、教員が勝手に残業しているわけではありません。最高裁で確定した判決でも、教員の時間外労働について、授業準備、教材研究は当然に包括的、黙示的な職務命令が及んでいると、教員の時間外の勤務は労働時間であると認められています。
　現場の教員からは、大臣からこんなにも労働ではないと言われたら現場の教員としてむなしくなる、何のために頑張っているのかとつらくなる、授業準備をし、成績処理に追われ、保護者が仕事で電話に出られないと言うから学校で待機し面談対応、生徒のトラブル対応も全部全部労働ではないと、好きで在校していると思いますか、みんな帰りたいよ、これは国家ぐるみの違法労働隠しじゃないかと、失望と怒りの声を上げています。
　子供たちのために使命感を持って働いている教員の皆さんの思いを踏みにじり、時間外勤務を労働時間と認めない政府に、教員の長時間労働はなくせません。誰が何と言おうと教師はすばらしい仕事だと思っている、だから、この働き方を変えたいと真剣に訴えている教員の皆さんの思いに応えるためには、働かせ放題を温存する本法案を通すわけにはいきません。断固反対することを申し上げ、討論といたします。（拍手）"	121715254X02620250611_028	121715254X02620250611_031	121715254X02620250611_010
121715254X02620250611_031	古賀千景	立憲民主・社民・無所属		"○古賀千景君　立憲民主・社民・無所属の古賀千景です。
　私は、会派を代表して、ただいま議題となりました公立の義務教育諸学校等の教育職員の給与等に関する特別措置法等の一部を改正する法律案について、賛成の立場から討論いたします。
　人のためにと思って就いた職業、憧れた仕事、自分が向いていなくても、必死で勉強しても、自分の性格が変わらなかった、子供に迷惑を掛けてしまう、大好きな子供なのに、こんなことなら生きていても仕方がない、今までの謝罪や罪滅ぼしになればと思う、さようなら。
　これは、初任者になって五か月で自死を選んだ教員の遺書です。この教員の方は、自分が小学校のときの担任の先生との出会いがきっかけで、小学校の先生になりたくて教職に進みました。しかし、時間外在校等時間は、五月中旬から六月中旬までに百四十八時間、六月中旬から七月中旬まで百二十九時間と、過労死ラインとされる月八十時間を大きく超えていました。
　息子が子供の頃から憧れていた職業が小学校の先生でした、教員採用試験に合格したときは子供のように喜んで満面の笑みでうれしそうにしていたその顔を生涯忘れることはできません。これが自死された教員の保護者の言葉です。
　彼は本当に教員に向いていなかったのか、なぜ百四十八時間という時間外在校等時間まで働かなければならなかったのか。自死の理由は様々あるでしょう。しかし、この給特法も彼の死に大きく影響していると思います。
　半世紀前に制定された給特法では、残業代も出ず、超勤四項目以外には教員に時間外勤務を命ずることができないとなっています。教員が五時以降にやっている業務は、全て自主的、自発的行為とみなされ、業務とは位置付けられません。誰一人取りこぼさないと文科省は言われますが、教育現場がこのような状況で子供たちを大切にできる授業ができるとお考えですか。
　多くの教職員は疲弊し、教職員の精神疾患による病気休業、休職者は二〇二三年度には過去最多の七千百十九人、そして、病気休職者の代替教員は慢性的に不足しており、担任のいない学級が全国で急増しました。
　給特法廃止又は抜本的見直しを目指している立憲民主党としては、とても賛成できる内容ではありませんでした。
　しかし、今一番大事なことは、教職員の命と健康を守ること、そして学校に欠員なく十分な教職員がいること、何より学校で子供たちが安心して学べること。そう考え、立憲民主党は、提出された閣法に修正を入れるべきだという方針を決めました。そして、立憲民主党を中心として修正に向けた議論が行われ、結果として、与野党の多くの御賛同を得て、衆議院で修正案が提出され、可決しました。
　時間外在校等時間に関する目標を達成するために政府が措置を講ずるものとするとの文言も盛り込まれ、政府が学校における働き方改革の実現に対する責任を有することが法的拘束力のある附則に明記されたのです。多くの措置を盛り込むことで、学校における働き方改革を着実に推進する確かなレールも敷かれることとなりました。御賛同いただいた与野党の皆様には心より感謝申し上げます。
　衆議院における修正では、学校における働き方改革は、政府、地方公共団体、教育委員会、学校を始め、関係者が一体となって取り組まなければなりません。政府において、衆議院における修正の経緯を踏まえ、教育委員会や現場に働き方改革の取組を丸投げするのではなく、強い責任感を持って修正に盛り込まれた措置を確実に講じていかなければなりません。
　以下、衆議院において修正された事項を中心に、政府が今後取り組むべき方向性について六点お示しいたします。
　第一に、教員一人当たりの持ち授業時数の削減についてです。
　多くの教員は、子供たちの学びを充実させるために、夜遅くまで学校に残って次の日の授業の準備をしています。給特法の枠組みの下で残業代が支給されないにもかかわらずです。教職員の善意と献身に依存した現状はもはや限界であり、速やかに改めなければなりません。教員一人当たりの持ち授業時数を一日当たり四こま、週二十こま辺りにまで着実に減らし、教員が勤務時間内に授業準備を確実に終えることができるような環境を整備するよう政府に強く求めます。
　第二に、教育課程の編成の在り方を検討することについてです。
　学習指導要領の記載内容が分厚くなり、標準授業時数も増加しています。学校現場は、膨れ上がった学習指導要領の内容を教えることで手いっぱいとなっています。子供たちも、膨大な学習内容を消化するのに必死で、学びを喜ぶ、喜びを感じる余裕がありません。現在、学習指導要領の改訂に向けた検討が進められておりますが、標準授業時数を削減して子供たちがゆとりを持って学べるようにするなど、子供たちを中心に据えた議論をしていただきますよう強く求めます。
　第三に、教職員定数の標準の改定についてです。
　教職員定数は、学級数に乗ずる数と呼ばれる一定の係数を掛けて算定されています。法案審議において、あべ文科大臣は、必要に応じて乗ずる数も含めた今後の義務標準法の在り方についても検討していくという答弁してくださいました。今こそ義務標準法の在り方について見直すべきです。
　第四に、教職員以外の支援人材の増員や、保護者との意見の相違等への対応についての支援、部活動の地域展開のための財政援助についてです。
　政府は、目標期限となる令和十一年度にかけてどのような財政措置をどの程度の規模で実施する予定なのか、その全体像を具体的に示す必要があります。
　第五に、令和八年度からの公立中学校の三十五人学級の実現についてです。
　各教育委員会が中学校教員を確実に確保し、令和八年度からの中学校三十五人学級を円滑に実施できるよう、義務標準法改正案の早期提出を求めます。その上で、高等学校の三十五人学級の実現も必要です。このことも御検討いただきたい。
　第六に、教職員の勤務状況の調査についてです。
　法案審議では、教育委員会が把握するデータと文科省が行った教員勤務実態調査との間には大きなずれがあるとの指摘や、教育委員会が把握するデータは休憩時間、持ち帰り業務の時間、土日の勤務実態が正確に把握されていない等の指摘がなされました。勤務実態を正しく把握できなければ、適切な対応を考え、実行していくことはできません。教職員勤務実態調査の実施を強く求めます。
　以上、政府が今後取り組むべき方向性をお示しいたしました。衆議院における修正を経て、学校における働き方改革を推進する着実な一歩を踏み出せたのは重要な成果だと考えています。ただし、これで学校における働き方改革は解決しません。
　だからこそ、今回の法改正で歩みを止めてはならないのです。時間外在校等時間を令和十一年度までに月平均三十時間程度に削減する目標がありますが、これは本来ゼロにすべきです。更なる削減に向けた取組を進めていく必要があります。
　また、代替者が来ないという今の現実は、臨時採用教職員の処遇が余りにも厳しいからです。臨時採用教職員の処遇改善も政府に強く要求します。
　そして、今回の改正案は主に教員中心に考えられています。政府はよくチーム学校という言葉を使われますが、学校には教員以外の様々な職種、例えば養護教員、事務職員、学校司書、栄養教職員、実習教員、寄宿舎指導員、現業職員などもいらっしゃいます。この教職員たちの働き方改革についても政府は考えていく必要があります。
　今回の法改正はようやくスタートラインに立ったというだけです。最終的には給特法の廃止又は抜本的見直しに向け、立憲民主党はこれからも取り組んでいく強い決意を申し上げ、私の討論を終わります。（拍手）"	121715254X02620250611_029		121715254X02620250611_010
121715254X02620250611_033	金子道仁	日本維新の会		"○金子道仁君　よろしくお願いいたします。
　日本維新の会、金子道仁です。
　会派を代表し、ただいま議題となっております公立義務教育諸学校等の教育職員の給与等に関する特別措置法等の一部を改正する法律案について、賛成の立場から討論を行います。
　ちょうど一週間前、厚生労働省が発表した人口動態統計では、年間出生者数が六十八万六千人となり、統計のある一八九九年、明治三十二年以来、初めて七十万人を割りました。急速な人口減少社会の到来が間近に迫っている中で、我が国の教育環境をどのように整えていくのか、そのビジョンを明確に示す必要性がますます高まってきています。
　まず、どのような子供たちを育てていくのかというビジョンです。
　増大する高齢者を減少する現役世代が支える構造的なアンバランスが拡大する社会保障制度の維持、改革、労働人口の減少に対応するための労働生産性の向上、縮小する国内市場に依存せず、海外市場を獲得するための国際競争力のある産業の育成など、山積する社会課題の中で生きていかなければならない次世代をどのように育成していくのか、教育の果たすべき役割はますます重要になってきています。
　次に、公立義務教育諸学校においてどのような職場環境をつくるのかというビジョンです。
　今回のいわゆる給特法の改正は、教育の質を高めるため、公教育を支える公立学校の教師が時間的にも精神的にもゆとりを持って児童生徒と向き合うことができる、そのような働き方を実現するための改正であり、教員の働き方改革の推進と処遇の改善を両輪として進めることを目指しています。
　委員会の中では様々な懸念事項が指摘されました。政府にはこうした指摘をしっかりと対応していただきたい、そのことを求めるとともに、今後はいかにしてこの法案が目指す働き方改革の実効性を高めるのか、言い換えれば、この法案にどのようにして魂を入れていくのか、これが大切だと考えます。
　そのためには、まず、この改正案が成立した後の作業が重要です。具体的には、法案で新たに設けられた業務量管理・健康確保措置実施計画を全国の教育委員会が策定する際の指針、ガイドラインの作成、そしてこの実施計画に関連する人事評価制度の改革等のガイドラインをしっかりと作成することです。
　次に、実施計画の実施状況の公表を行う中で、しっかりとＰＤＣＡサイクルを回していくことです。形式的に実施計画を作成し、おざなりな運用に終始して教員の働き方改革が実際に進まないという事態を回避するためには、働き方改革に関わる全ての関係者が主体的にこの問題に関わり、自らの意見を適切に表明し、それが改善につながっていく仕組みづくりが重要です。
　日本維新の会は、他の会派の皆様と協力の下、今回の改正案に附則の修正を提案しました。修正附則第五条は、学校全体の教育職員の仕事と生活の調和を実現するため、業務管理の実効性の向上のための措置について検討を行い、必要な措置を講ずるとしています。
　これは、分かりやすく説明すれば、先生方のワーク・ライフ・バランスの実現のために、人事評価制度の中にワーク・ライフ・バランスの要素をしっかり盛り込むこと、具体的には、各教育委員会が策定する人事評価表の中にワーク・ライフ・バランス欄を設けることを提案するものです。
　これまでの教員の人事評価表は、学習指導や生活指導の目標や進捗、成果など、非常に定性的な内容が多く、管理職の方々はここからボーナスや昇給を客観的に判断することに大変苦慮しておられます。定性的な項目の大切さは維持しつつも、そこにワーク・ライフ・バランス欄を設け、休んだ先生の代わりに入った授業の回数や休日出勤に対する代休の取得率、持ち帰り残業の時間、年次休暇や育休の取得率等、定量的な項目を追加することで、教員の多様な業務状況を詳細に把握するとともに、働き方に応じた処遇の改善、言い換えれば、頑張った先生の業績が適正に評価され、ボーナスや昇給に適切に反映されることが可能になります。
　人事評価表は、その組織がどのような人材育成を目指しているのかを示すメルクマールです。ですから、もう一度申し上げますが、教員の人事評価表は、国としてどのような教師像を理想としているのかというビジョンを示すものであるべきです。そして、人事評価表にどのような項目を追加するか、これは今回の法改正で具体的にどのような働き方改革を国として目指しているのかを教師の方々にしっかり示すメッセージです。同時に、教師の方々が自分の目指す働き方の目標を自ら表明し、主体的に働き方改革に関わっていく手段となります。
　制度の魂は細部に宿る。本改正で現場の先生方が働き方改革の進展を実感できるように、教師が実際に手にして自ら記載する人事評価表が具体的に改正され、先生方の業務の詳細がしっかりと把握されるとともに、頑張った先生方はその働き方に応じたボーナスが支給される、このようなめり張りのある処遇の実現を目指すことが附則五条に込められた我々の思いです。
　附則等に盛り込むことができなかった教師の働き方改革の具体的な提案は、委員会質疑や附帯決議にて言及しました。部活動の地域移行と並行した副業規定の見直しと教師のワークエンゲージメントの向上、教員の定数改善と空きこま保障制度の創設、保護者対応支援チームの創設とスクールロイヤーの制度の活用、多様な経験のある人材が教育に関わるための教員免許制度の柔軟化や採用試験の二期制等々です。今後も様々な改革提案を行い、教員の働き方にゆとりが増え、子供たちと向き合う時間が増加する、そのような職場環境の実現を目指して尽力してまいります。
　最後に、教育が私たちの国の未来を明るくすることを申し上げたいと思います。
　苗半作。これは、定年退職し、小さな畑で熱心に農作業をしている私の父がよく語る言葉です。豊かな収穫のためには、茎が太く、根のよく張った苗を育てることが大切であり、良い苗を育てることは農作業の半分程度の重要性があるという意味です。これは、教育にも当てはまる言葉です。しっかりとした自分の軸を持ち、自ら学びを選択し吸収する学習意欲のある子供たちが育てば、私たちの国の未来は明るくなります。
　子供一人一人の特性や関心に応じた学びを実現し、自己選択、自己決定できる自立した子供たちを育てていく。そのために、この国の教育現場を支える教員の働き方改革の実効性を高める。教育無償化により、経済格差による教育格差を解消する。無償化の先にある多様で質の高い教育機会を実現し、子供たちが自ら学びを選択できる教育環境を実現する。少子化が進展する中でも、全国どこでも学びの場が確保されるようにグランドデザインをつくる。不登校等で教育機会を失う子供が一人もいなくなるよう、学びへのアクセス一〇〇％を実現する。
　全ては次世代のために。我々日本維新の会は、子供たちの立場に立った教育改革をこれからも愚直に進めていく決意を改めて表明し、討論を終わります。
　御清聴ありがとうございました。（拍手）"			121715254X02620250611_033
121715254X02620250611_035	伊藤孝恵	国民民主党・新緑風会		"○伊藤孝恵君　国民民主党・新緑風会の伊藤孝恵です。
　私は、会派を代表し、給特法等の一部を改正する法律案について、賛成の立場から討論を行います。
　このような法律を国が定めるということは恥であり罪である。参考人から発せられた鋭角な言葉に憤慨して席を立ち、議事録修正を求めた議員がいました。分からないでもありません。立法府は、衆議院における修正を経て、一定の前進をさせたはずです。させたはずですが、まだまだ足りないということです。
　以下、本法案の審議を通じて浮き彫りになった課題について申し述べます。
　まず、政府の対話姿勢について指摘します。
　法案審議では、将来的な給特法の廃止を含む抜本的な見直しについての質問が相次ぎました。しかしながら、政府は検討する可能性すらついぞ認めませんでした。
　また、教員の正確な勤務実態の把握なしに適切な対策を講じることは不可能ですが、多くの質疑者がこれまで実施してきた教員勤務実態調査を継続すべき理由を幾ら挙げても、かたくなに否定をしました。まるで、そこには越えてはいけない一線があるかのようでした。
　対話は、議論を通じて自らの意見を変える可能性のある者の間でしか成立しません。本法案は重要広範議案であり、数字の上での審議時間は積み上がりましたが、言論の府における対話についてはむなしいものだったと言わざるを得ません。
　では、一体何について対話を深めるべきだったのか。
　一つは、公立学校の教員に国立、私立学校の教員と同様の労働基準法を全面適用すべきなのか、それとも、給特法を維持し、教職調整額を支給する代わりに残業代は支払わないとする現状の仕組みを維持するべきなのか、どちらが良質な教育者を学校現場に迎え入れ、働き続けてもらえるのかという根本的な問いです。
　参考人質疑では興味深いやり取りがありました。本法案の基となる中教審の答申をまとめた中核メンバーの一人が、給特法に表現された教員像には専門職、聖職者、労働者という三つの側面があるものの、現状を直視すれば聖職者の部分を早急に削除するべきだと述べられました。聖職者性を削ったら、残るは専門職と労働者という二面です。一般の労働者と何ら変わりません。
　国立、私立学校の教員には労働基準法が全面適用されているにもかかわらず、公立学校の教員だけなぜ給特法なのか。この問いに対する参考人の答えは、放課後に先生が子供たちと遊んでくれるといった部分の聖職者性は大事にしたいというもので、到底腑に落ちるものではありませんでした。
　中教審の議論は一年以上にわたって行われ、その後、法案提出に向けた文部科学省内での検討も半年近く行われましたが、公立学校の教員にも労働基準法を全面適用すべきか否かを議論した形跡はありません。もとより、これらについては論者によって大きく立場が異なり、神学論争になりがちです。しかし、この問いを回避して、教職調整額を数年掛けて一〇％に引き上げたとしても、結局、学校現場に内在する課題を先送りしたにすぎません。
　学習指導要領の記載内容は肥大化し、過去二十年で教科書のページ数は、小学校で三倍近く、中学校は二倍近くに膨れ上がっています。教員や学校に対して義務を課した法律は過去十年で二十本を数え、教員にはこれらの法律への対応も求められています。
　給特法制定時には前提となっていた、教員が自発性、創造性を発揮できるような職場とは程遠い環境になってしまったことが誰の目にも明らかであるのに、半世紀以上前の法律を維持し続ける合理的理由はあるのか。もはや合理性はないとするならば、どのように変えていくべきなのか。熟議が必要なのはまさにこの点です。
　給特法を維持すべき、すなわち教員に残業代を支給すべきでない理由として頻繁に挙げられる政府答弁に、教師は高度専門職だからという口上があります。確かに、高度専門職と言われる研究者や大学教員、弁護士などは、高い裁量性が確保されており、残業代が支給されない場合もあります。
　他方、学校現場はどうでしょうか。給特法制定時と大きく様変わりした教室内の景色や課題、保護者の言い分。きゅうきゅうとした学校現場において、研究者や大学教員、弁護士などと同等の裁量労働環境が公立学校の教員に確保されているとは到底思えません。高度専門職の五文字は、残業代回避の五文字に置き換わっています。
　本法案では、施行後二年を目途とした検討条項が置かれていますが、危機的な学校現場の現状を鑑みれば、今すぐにでも給特法の在り方について対話を開始すべきです。それこそが、令和元年の給特法改正の際に、当時の萩生田文部科学大臣が約束し、本法案でも積み残された宿題、すなわち抜本的な見直しを果たす唯一の方法です。
　最後に、子供に関わる予算の総額を抜本的に拡充する必要性について指摘します。
　石破総理は六月五日の文教科学委員会で、教員の処遇改善のためにほかの文部科学省予算を削るというような連関関係にはないと明言されました。連関関係にはないのだから、教員の処遇改善のための予算は純増ということです。大変心強い答弁です。この際、毎年度五兆円前後で停滞する文部科学省予算も増加させていくとともに、例えば、こども未来戦略に基づいて今年度から対象が拡充された高等教育の修学支援金制度のように、予算はこども家庭庁計上、執行は文部科学省といったスキーム例も増やしていく必要があります。
　質疑の中で、教職員の働き方改革のトップランナーとして福岡県古賀市の事例を紹介しました。六時間授業の見直しや夏休み等の短縮、水泳授業の民間委託など、教員の負担軽減策を次々と実行している古賀市では、精神疾患による休職者は大きく減り、採用試験を受ける学生も増えたといいます。
　六時間目をやめることは、先生、子供たち双方に時間的、体力的、精神的に余裕を生みますが、ここで忘れてはいけないのがアフタースクールの存在です。
　ここには、こども家庭庁管轄の学童、いわゆる放課後児童クラブと、文科省管轄の放課後子ども教室のように、こども家庭庁と文科省の省庁縦割り問題が残っています。これらを解消し、学校施設を活用した統合アフタースクールを実施できれば、教員の負担軽減や学校運営にもメリットをもたらす事例が確認をされています。
　学校に常駐する大人を増やすことが必要です。チーム学校の掛け声の下、政府は教員以外のスタッフを増やすとしておりますが、週に数回、決められた時間だけに学校に来る雇用形態では、教員にとっても子供たちにとってもゲストの域を出ません。
　もとい、子供には、親でもない、先生でもない大人にだからこそ話せることがあるそうです。学校を子供と教員だけの閉じた場にせず、多様な専門スタッフ、地域クラブ活動の担い手、アフタースクールの職員、地域住民など、多くの大人が常駐する開かれた場にしていく必要があります。
　恥も罪ものみ込んで、私たちは、子供たち、そして子供たちの学びや育ちに伴走する教職員を支えねばなりません。こども家庭庁と文部科学省が協力し、子供に関わる予算の総額を最大化する知恵を絞る、血眼になって探す。学校現場同様、省庁もまた自組織に閉じない努力の必要性を指摘して、私の討論を終わります。
　御清聴ありがとうございました。（拍手）"		121715254X02620250611_039	121715254X02620250611_035
121715254X02620250611_039	関口昌一	各派に属しない議員	議長	"○議長（関口昌一君）　投票の結果を報告いたします。
　　投票総数　　　　　　　　　二百三十五　　
　　賛成　　　　　　　　　　　　二百十九　　
　　反対　　　　　　　　　　　　　　十六　　
　よって、本案は可決されました。（拍手）
　　　　─────────────
　　　〔投票者氏名は本号末尾に掲載〕
　　　　　─────・─────"	121715254X02620250611_035	121715254X02620250611_041	121715254X02620250611_035
121715254X02620250611_041	和田政宗	自由民主党		"○和田政宗君　ただいま議題となりました法律案につきまして、内閣委員会における審査の経過と結果を御報告申し上げます。
　本法律案は、学術の向上発達を図るとともに、学術に関する知見を活用して社会の課題の解決に寄与することを目的とする法人として、日本学術会議を設立することとし、学術に関する重要事項に係る審議、学術関係者間の連携の確保及び強化など、その業務の範囲に関する事項等を定めようとするものであります。
　委員会におきましては、参考人から意見を聴取するとともに、日本学術会議の改革の経緯と特殊法人化の必要性、ナショナルアカデミーとして期待される役割、本法律案に対する日本学術会議の見解、新たな会員選定方法や、監事、日本学術会議評価委員会の権限等の妥当性、財政基盤の多様化に向けた取組と政府による財政支援の在り方、現行法における内閣総理大臣による会員任命に関する法解釈の整理等について質疑が行われました。
　本法律案に対しては、立憲民主・社民・無所属を代表して木戸口理事より、目的規定及び日本学術会議の業務に係る規定において、日本学術会議が独立して業務を行う旨を明記すること等を内容とする修正案が提出され、原案及び修正案に対する質疑が行われました。
　委員会における質疑の詳細は会議録によって御承知願います。
　質疑を終局し、討論に入りましたところ、立憲民主・社民・無所属の石垣委員より原案に反対、修正案に賛成、日本維新の会の柴田委員より原案に賛成、修正案に反対、国民民主党・新緑風会の竹詰委員より原案に反対、修正案に賛成、日本共産党の井上委員より原案及び修正案に反対、れいわ新選組の大島委員より原案及び修正案に反対の旨の意見がそれぞれ述べられました。
　次いで、順次採決の結果、修正案は賛成少数をもって否決され、本法律案は多数をもって原案どおり可決すべきものと決定いたしました。
　なお、本法律案に対し附帯決議を行いました。
　以上、御報告申し上げます。（拍手）
　　　　─────────────"	121715254X02620250611_039	121715254X02620250611_043	121715254X02620250611_035
121715254X02620250611_043	石垣のりこ	立憲民主・社民・無所属		"○石垣のりこ君　立憲民主・社民・無所属会派の石垣のりこです。
　会派を代表して、政府提出の日本学術会議法案に反対の立場から討論をいたします。
　本法案が衆議院で可決された三日後の五月十六日、日本学術会議の会員任命の在り方の法解釈に関する行政文書について、東京地方裁判所は、政府に文書を全面開示するよう命じる判決を言い渡しました。
　政府は、本法案、新しい学術会議法案と現行の学術会議法の法解釈をめぐる問題は関係がないと主張していますが、詭弁を弄するにも程がありましょう。日本学術会議が今後政府による干渉を受けずに独立した組織として運営される上で、政府がどのような考えの下で六名の会員の選別を行い任命拒否に至ったのかを明らかにせずに、特殊法人という独立した組織形態になるから政府が干渉することはないなどというのは、片腹痛いへ理屈であります。
　公文書管理法において公文書を保存する目的は、国及び独立行政法人等の有する諸活動を現在及び将来の国民に説明する責務が全うされるようにすることです。
　公文書管理法第四条において、当該行政機関における経緯も含めた意思決定に至る過程並びに当該行政機関の事務及び事業の実績を合理的に跡付け、又は検証することができるよう、文書の作成を義務付けてもいます。つまり、意思決定に至る過程を検証するためにも、未成熟な記載も含めて公開することが公文書管理法の目的にかなうのではないでしょうか。
　東京地裁の判決でも、学術会議の会員の任命権に関わる法解釈の変更について、検討の過程を公にすることで得られる公益性は極めて大きいと指摘されています。しかしながら、政府は情報公開法第五条第五号の規定を持ち出して、未成熟な記載があり、開示すると誤解や混乱を招くおそれがあるという、裁判所に一蹴された主張を繰り返すばかりでした。
　記載された内容が情報公開法の不開示事由に当たり、不当に国民の間に混乱を生じさせるおそれがあると主張するのは、公開されると政府にとって不都合な真実が明らかになることを恐れているからではありませんか。
　仮に政府の御主張どおり、不当に国民の間に混乱を生じさせる可能性があるとしても、それでもなお、国権の最高機関であり、三権分立によって行政監視の責務を負う国会、とりわけ国民の代表である国会議員に対しては、黒塗り部分を開示する義務が政府にはあるはずです。
　ゆえに、我が会派から、委員会を非公開にすることと併せて、黒塗り部分を開示した文書を内閣委員会所属議員に提出し、審議せよと求めましたが、政府・与党は一顧だにしませんでした。国民主権、議会制民主主義が余りにも軽んじられていることに危機感を覚えます。
　政府はまた、当該訴訟について控訴し、係争中であることも開示を拒否する理由としていますが、そうであるならば、裁判結果が出るまで審議を中断し、裁判結果が出てから判決を踏まえて審議を再開すべきであり、採決を行うなどもってのほかであります。
　六名の会員任命拒否の理由説明並びに黒塗り文書を全面開示しないまま、政府から新たな学術会議法の提出など、厚顔無恥も甚だしいと言わざるを得ません。その上、採決を行ったことに強く抗議し、以下、法案の問題点を申し述べます。
　日本学術会議が我が国の科学者の内外に対する代表機関であるためには、当然ながら、学問の自由が保障されていること、自主性、独立性が必要不可欠であることは言うまでもありません。
　政府はこれまで、法人化により学術会議の独立性が高まると説明するのみでありました。法案に独立性を明記しないのも、当たり前のことだから記載する必要がないとしてきました。しかしながら、特殊法人として政府から組織を独立させることと、運営面で政府から独立して意思決定を行うこととは似て非なるものであります。確かに会計上お財布は独立することになりますが、運営面において独立するとは言えず、むしろ年度ごとに政府からの補助金を確保する必要が出ることから、かえって政府の意向を忖度せざるを得なくなり、むしろ独立性が低下してしまうのではないかと懸念をしております。
　私たち立憲会派は、日本学術会議が確保を求めていたナショナルアカデミーとして満たすべき五要件のうち、政府提出法案では充足していなかった国家財政支出による安定した財政基盤、活動面での政府からの独立、会員選考における自主性、独立性の三要件も充足するよう、政府提出法案に記載されていなかった独立性を明記し、選定助言委員会の規定を削除するなどの修正案を提出しましたが、残念ながら、賛成少数で否決されてしまいました。
　また、この法案の重大な問題として、学術会議の会員の意向が無視されているということが挙げられます。
　法案提出に至るまでのプロセスについて、政府は学術会議に丁寧に説明してきたと言っています。しかし、実態は、日本学術会議の在り方に関する有識者懇談会においては、日本学術会議の光石衛会長は正規のメンバーではない陪席者としての参加であり、光石会長も衆議院の審議で対等な関係ではなかったと答弁しています。
　この答弁については不可解なことに、参議院内閣委員会で私が質問した際には、自由に発言はできたと変わっており、政府による干渉や、干渉がないまでも政府への忖度があったのではないかと考えざるを得ず、審議の過程でもこのようなことが起こるようでは、この法案が成立した後、学術会議の独立性が保てるのか、疑問を抱かざるを得ません。
　有識者懇談会での対応を考えても、学術会議と十分にコミュニケーションを取って、学術会議側の懸念事項を一つ一つ解消していこうという姿勢ははなからなく、結論ありきで物事が進められてきたことがうかがわれます。
　坂井大臣は、学術会議は本案に反対ではないとの答弁を繰り返していますが、日本学術会議は四月十五日の総会において、法案の修正を求める決議を百二名の賛成多数で可決しています。日本学術会議が、総意として提出された法案の修正を求めるという異常事態の中で法案の審議が始まったのです。この事実だけでも学術会議の意見をないがしろにしていることは明らかですが、その後の対応は輪を掛けてひどいものでした。
　坂井大臣は六月五日の我が党石川大我委員の質問に対して、学術会議から会いたいという意向がなかったこともあったので行きませんでしたが、意向があるということであれば、お伺いをしてお話を伺いたいと答弁しました。この答弁を受けて、学術会議の会員有志が賛同者を募り、会員四十五名の連名による意見交換を求める要望書をお渡ししましたが、坂井大臣は学術会議の正式な意向ではないなどと答弁し、日程調整をするまでもなく、その日のうちに採決が行われたのであります。学術会議の会員の声を無視し、会員の皆様のこれまでの貢献に対して一切敬意を払わない姿勢に強く憤りを覚えます。
　さらには、衆参の審議の過程で坂井大臣から驚くべき見解が示されました。特定のイデオロギーや党派的な主張を繰り返す会員は学術会議が解任できると答弁したのです。これは、思想、信条の自由や学問の自由を脅かし、政治的介入の余地をつくるものであり、この答弁自体が政治的介入そのものと考えます。坂井大臣は仕組みを説明したものなどと強弁しましたが、特定のイデオロギーや党派的な主張を理由の一つとして解任できるとなったら、憲法が保障する思想、信条の自由を大きく損なうことになるのは明らかです。憲法遵守義務を負う国務大臣の発言として許されるものではなく、坂井大臣には猛省を促し、改めて発言の撤回を求めます。
　ここで、議場の皆様におかれましては、一九四九年の日本学術会議の第一回総会で述べられた言葉を思い起こしていただきたいと思います。「われわれは、これまでわが国の科学者がとりきたつた態度について強く反省し、今後は、科学が文化国家ないし平和国家の基礎であるという確信の下に、わが国の平和的復興と人類の福祉増進のために貢献せんことを誓うものである。」とうたった日本学術会議の発足に当たっての科学者としての決意表明であります。
　我が国の平和的発展と人類社会の福祉に貢献し、世界の学界と連携し、学術の進歩に寄与する組織として日本学術会議が継続するためには、本法案を成立させてはなりません。熟議の府、良識の府であるこの参議院の議場に集う議員各位におかれましては、賢明なる御判断をいただきますようお願いを申し上げ、日本学術会議法案に断固反対の討論といたします。（拍手）"	121715254X02620250611_041		121715254X02620250611_035
121715254X02620250611_045	柴田巧	日本維新の会		"○柴田巧君　日本維新の会の柴田巧です。
　私は、会派を代表して、日本学術会議法案に賛成の立場から討論をいたします。
　設立から七十六年を経た今、学術会議の役割は国民から見えなくなっており、それゆえ、ナショナルアカデミーとしての学術会議の抜本的改革は待ったなしです。
　本来であれば、全面的に国の補助金で運営するのではなく、学術会議の独立性を担保するためにも、資金面で自立していくことが求められます。国からの独立を掲げながら、年間十二億円にも及ぶ税金投入が続くことは問題です。学問の自由を追求し、真の独立を勝ち取るためには、財政面でも独立して民営化の道を進むことが本来の姿であり、それが国民からの支持や期待に真に応えていくことでしょう。
　そういった意味では今回の法案はまだまだ不十分であり、全面的に賛成とは言い難いところがあります。しかし、もし廃案になってしまえば現行の学術会議がそのまま存続することになり、それでは必要な改革を先送りすることにしかなりません。ゆえに、本法案をまさに第一歩として、民営化に向けた取組を進めていくべきです。このことを強調をしておきます。
　その上で、今後更にどのような改革が求められるか申し述べます。
　まずは、学術会議の活動内容の改善です。
　四月の総会の際、学術会議が発表した声明では、設立以来の七十六年の歴史的成果として南極地域観測と初期の原子力開発を挙げていますが、新型コロナウイルスによるパンデミックや東日本大震災に伴う放射線及び放射性物質の問題などに対して学術会議がどのように役立ったのかを示すことはありませんでした。ということは、学術会議の成果は南極地域観測や初期の原子力開発までであり、既にその役割を終えているということではないでしょうか。
　一方、学術会議は、設立以来、かたくなに軍事目的の研究に反対する立場を続けてきました。しかし、そのことが科学技術一般の進歩の妨げになってきたのは間違いありません。令和四年になって、ようやく学術会議は、軍民共用、いわゆるデュアルユースとそうでないものとに単純に二分することは困難との新たな見解を示しましたが、その後、大学から防衛省へのデュアルユース研究の応募が増えたことからも、学術会議が大学の研究を実質的に阻害してきたことは明らかであり、それまでの研究の遅れを思うと大変遺憾であります。今後は大いに防衛技術の研究に貢献し、我が国の安全保障、平和の維持のために科学の力を発揮すべきだと強く求めておきます。
　次に、会長選考の在り方についてです。
　現行日本学術会議法第八条に基づく会長互選の仕組みはまさにブラックボックス状態であり、選任理由について説明するような資料も見当たりません。有識者懇談会の最終報告書では、例えば学術会議の内部に会長選考委員会（仮称）を置くなどして、会長候補者の資質や業績を整理し、会員間で会長候補についての十分な情報を事前に共有することも考えられると記載されていましたが、本法案では会長選考の具体的な仕組みについては一切規定されていません。これは、学術会議の独立性、自律性、自主性に配慮して条文上規定を置かず、内部規則に委ねることにしたからですが、新たな学術会議において、これまでのようなブラックボックス状態の仕組みが継続されるようなことがあってはならないと考えます。
　したがって、会長選考は、学術会議の運営全体に多大な影響をもたらす極めて重要なものであることに鑑みて制度設計の検討を行うべきだと指摘をしておきます。
　続いて、運営費用についてです。
　本法案では、学術会議の業務の財源に充てるため、政府が必要と認める金額を補助することができるとしていますが、できるだけ早い時期に税金依存の体質を改めていく必要があります。新しい法人が国民に対して透明性のある財務運営を実行することは、寄附を始めとした多様な自主財源を確保し、真に独立した自主的な組織として発展していくためにも不可欠だと考えます。
　科学的助言が社会から一定の重みを持って受け取られるのは、国の機関だからでは決してなくて、そのクオリティーが高いからこそ、国民から求められている機能、役割を果たし、理解、信頼されているからにほかなりません。そのような価値あるものについてはおのずと注目も集まります。したがって、国の機関として行政を通した間接的な影響力ではなく、独立した一組織として国民にダイレクトに働きかけることができれば寄附も集まることでしょう。
　また、政府は、寄附に対する国民の機運を醸成し、学術に関する国民の関心を高めることを目的に、国民が学術会議に寄附をした際には寄附金控除の制度を設けるなどの税制措置をすることなども早急に検討すべきだと要望をしておきます。
　さらに、法人化後は、予算措置の明確な根拠が必要です。特殊法人への移行後も当面は国からの財政的支援が継続されることが見込まれ、学術会議が策定する年度計画を踏まえ、活動に必要な予算額が査定されることになります。
　現在の学術会議においては、翌年度の活動内容を示すような年度計画は策定されておらず、どのようにして必要な予算額が査定されているのか分かりづらいところがありました。しかし、法人化後は、慣例により前年度と同程度の予算措置が続けられているかのような疑念を持たれないようにするためにも、予算措置の明確な根拠が求められます。国民の貴重な血税を使うのですから、これは当然のことだと指摘しておきます。
　また、研究インテグリティーや研究セキュリティー対策の強化も必要です。学術会議の法人化のメリットとして、会員が国家公務員でなくなることから、外国人を会員として選任できるようになることが挙げられています。海外の知見を活用する観点から、外国人会員の重要性は否定しないものの、昨今の国際情勢に鑑みると、研究インテグリティーや研究セキュリティーの観点についても十二分に考慮する必要があります。
　学術会議が具体的にどのような取組、手だてを講じるのか明らかにすべきであるとともに、政府としても強い関心を持つべきであるということを申し上げておきます。
　最後に申し上げます。本法案はあくまでも最初の一歩にすぎず、これで終わりではなく、抜本的改革を実現するまでには手を緩めるわけにはいきません。本法案の附則第二十七条の検討規定については、施行後六年としていますが、それにこだわらず、不断に見直しを行い、廃止又は民営化を含めた抜本的改革に向けた議論を続けていくべきです。
　以上、提案をいたしまして、賛成討論といたします。
　ありがとうございました。（拍手）"			121715254X02620250611_045
121715254X02620250611_047	竹詰仁	国民民主党・新緑風会		"○竹詰仁君　国民民主党・新緑風会の竹詰仁です。
　会派を代表し、ただいま議題となりました日本学術会議法案について、反対の立場から討論いたします。
　まず、今回の法案提出に至るプロセスについては、政府は学術会議と丁寧なコミュニケーションを取ってきたと主張しておりますが、内閣委員会での坂井大臣及び政府参考人への質疑、参考人の意見陳述及び質疑を通じて、政府答弁に納得性は見出せませんでした。
　坂井大臣は、有識者懇談会の最終報告書で提言された法人像の基本的な考え方は、国が設立する他の法人のような人事、業務へ国の関与はなく、学術会議だけで会員を選べるようにして会員選考の自律性を高め、法人の適法、適正な運営を担保するための仕組みも必要最小限のものとするなど、学術会議の意見を踏まえたものになっていると答弁されました。また、個別の論点についても、議論の過程でお互いの理解が進んだものもあり、学術会議の懸念や意見を受け止めて、会員の選考方法、評価、監事の仕組みなどに反映した部分もあったと答弁されました。そして、学術会議の幹事会で内容的にはほぼ法案と言えるような詳細な資料で説明するなど、学術会議とコミュニケーションを取りながら作成したと述べられ、結果として、学術会議には法人化及び法案自身に反対ではないというところまでは御理解いただいたと答弁されました。
　しかし、内閣委員会の質疑では、学術会議の光石会長から大臣と同じ認識であるとはお聞きしませんでした。また、参考人質疑においても、学術会議の現第一部の会員である川嶋四郎参考人からは、十分なコミュニケーションがあったとは言えず、法案修正を求めたにもかかわらず、受け入れないまま法案が提出されたとの意見がありました。
　当事者である日本学術会議が理解、納得しないままに進めても、いずれうまくいかなくなると思われ、日本学術会議の機能を強化できなければ本末転倒という結果を招きかねません。
　全国の学会、例えば日本物理学会、日本心理学会、日本社会学会、日本法社会学会など主要な学会などが本法案には反対の声明を出しています。政府対学術会議、政府対学会のような構図は避けるべきです。
　学術会議自身、法人化そのものには反対しておらず、我が国のナショナルアカデミーとして、より良い役割発揮ができる組織へと変革する必要性については一致するところだと思います。真摯な協議を粘り強く積み重ねることで、政府と学術会議の双方が納得する解を見出せるのではないでしょうか。このまま突き進むのは大きなリスクとなる気がして仕方ありません。
　ナショナルアカデミーたる五要件があります。その五要件とは、一、学術的に国を代表する機関としての地位、二、そのための公的資格の付与、三、国家財政支出による安定した財政基盤、四、活動面での政府からの独立、五、会員選考における自主性、独立性の五要件とされています。
　この五要件については、川嶋四郎参考人、吉村忍参考人からは、現行法では五要件が満たされているが、政府案では満たされていないという意見がありました。すなわち、政府案では五要件のうち、三の安定した財政基盤、四つ目、活動面での政府からの独立、五つ目、会員選考における自主性、独立性が満たされていないという指摘でした。
　また、政府案では、現行法にはない監事、評価委員会、選定助言委員会、運営助言委員会、分野別業績審査委員会等を設置するなどしています。非常に複雑かつ多岐にわたり、学術会議の活動を縛るものになりかねず、果たして政府からの独立性、自律性が担保されるのか疑義があり、内閣委員会での坂井大臣、政府参考人からの答弁ではそうした疑義は払拭できませんでした。
　学術会議からの意見にあるように、監事及び評価委員については、学術会議の役割や業務にある程度精通している者が適当であり、任命に当たっては学術会議の意見を尊重すべきです。また、選定助言委員会、運営助言委員会、分野別業績審査委員会などはボランティアベースで運営している中で、現実として担える人がいるのか、委員会の業務を遂行できるのかも甚だ疑問であり、それらは規定から削除すべきと考えます。
　学術会員の選定に当たっては、コオプテーション方式が確実に機能する仕組みでなければなりません。また、学術会議の財源については、学問の自由の保障及びナショナルアカデミーの位置付けから、安定した財源基盤の確保につながる規定があるべきと考えます。こうしたことから、我が会派は、立憲民主・社民・無所属会派が提出した修正案に賛成いたしました。
　最後に、令和二年十月の任命拒否問題について、政府には改めて誠実な説明を行うよう求めます。
　黒塗り部分、黒塗り問題は一体誰が納得しているのでしょうか。政府にとっても、隠している、やましいに違いないと追及され続けており、内閣委員会で政府参考人として答弁に立った日本学術会議事務局長の答弁も苦しく、お気の毒にさえ思えました。当然、学術会議側も納得しておりませんし、国権の最高機関である国会に情報開示されないままでの学術会議の在り方を変えようとする政府案の審議は、一番大事なことが抜け落ちた審議をさせられてしまったと思えて仕方ありません。この問題の解明がないまま新たな日本学術会議をスタートさせても、政府と学術会議との信頼関係が再構築できず、ずっと不信感が続いたままとなり、双方にとって良い結果が得られないのではないかと思います。
　任命拒否問題の情報開示をし、説明をし、学術会議と政府との信頼関係を再構築した上で、本法案はやり直すべきことを改めて指摘し、反対討論といたします。（拍手）"			121715254X02620250611_047
121715254X02620250611_049	井上哲士	日本共産党		"○井上哲士君　日本共産党を代表し、日本学術会議法案に断固反対の討論を行います。
　そもそも、内閣総理大臣による日本学術会議会員の任命が形式的なものであるという確定された法解釈を政府内部で一方的に変更し、それを根拠に六人の会員の任命を拒否したことは、明白な違法行為にほかなりません。法解釈変更の検討過程の行政文書の黒塗りを開示し、任命拒否の理由と経過を明らかにして政府自ら違法行為を是正することは、本法案審議の最低限の前提です。それもないまま本法案を成立させるなど、到底許されません。
　政府は、会員任命拒否に対する厳しい世論の批判の矛先を学術会議の在り方の問題にすり替えて本法案を提出いたしました。しかし、その狙いが日本学術会議を解体し、政府の言いなりになる組織にすることであることは、特定なイデオロギーや党派的な主張を繰り返す会員は今度の法案の中で解任できるという坂井大臣の答弁で浮き彫りになりました。この発言には、思想で会員を排除するのかとの怒りの声が湧き上がり、質疑の中でも答弁の撤回要求が相次ぎました。
　ところが、坂井大臣は、自らの答弁を正当化するために、特定なイデオロギーや党派的な主張を繰り返すということが望ましくないというのは衆議院からの審議の中でもコンセンサスが取れていると答弁をいたしました。許し難いねじ曲げです。一体どこにコンセンサスがあるというんですか。政府の気に入らない質問には聞く耳を持たない、存在すら認めないというものにほかなりません。まさに法案の本質を明らかにしているではありませんか。
　大臣は、学術会議が法案にも法人化にも反対していないと繰り返し答弁しました。しかし、学術会議の川嶋参考人は、大臣答弁は虚偽とさえ言えると厳しく批判し、ナショナルアカデミーの五要件を具備した法人化には反対しないが、五要件を満たしていない法案に反対しているからこそ総会で決議を可決したと明確に述べました。政府のごまかしの破綻は明らかです。
　一九四三年、科学研究は大東亜戦争の遂行を唯一絶対の目標としてこれを推進するとの閣議決定がされました。政府により学問研究の自由が奪われ、科学研究の目的は戦争遂行とされたのです。
　現行の日本学術会議法は、前文には、学術が政治に従属させられ、また、学術の側も戦争遂行に加担する役割を果たしたことの痛苦の反省が込められ、学問の自由を保障する日本国憲法に立脚した使命が書かれています。
　一九四九年の日本学術会議の発会式の祝辞で当時の吉田茂首相は、戦争を永遠に放棄し、平和的文化国家として新しい日本を建設することを決意し、科学の振興を通じて、世界の平和と人類社会の福祉に貢献するという国家的要請に応えて設立されたと述べています。そのために、時々の政治的便宜のための制肘を受けることのないよう高度の自主性が与えられている、こう吉田総理が述べているんです。
　二〇一五年の有識者懇談会の報告も、現在の制度は、日本学術会議に期待される機能に照らしてふさわしいものであり、これを変える積極的な理由は見出しにくいと結論付けています。学術会議の使命と、国の機関でありながら独立して職務を行うという組織形態には矛盾はありません。
　では、何が矛盾しているのか。
　政府は、二〇一五年、安保関連法を強行し、その年に防衛装備庁を設置し、安全保障技術研究推進制度を創設しました。その中で、学術会議への介入が強まり、二〇二〇年の任命拒否が起きました。さらに、二〇二三年には安保三文書を閣議決定し、敵基地攻撃能力の保有と一体で防衛産業を成長産業とすることが推進をされています。
　政府が本法案を提出したことは、科学を軍事に従属させ、目先の経済的利益追求に貢献させようという政府の立場が、科学者の総意の下に、科学を平和と人類社会の福祉に貢献させるという日本学術会議の憲法に基づく理念と矛盾しているからにほかなりません。
　そのことは、法案が現行法の前文を削除したことに示されています。政府は、前文の理念は法案の目的に置き換えられたとし、前文の平和的復興という言葉は法案の経済の健全な発展という目的に含まれているという驚くべき答弁をしました。まさに平和の理念を投げ捨てるものです。
　法案の運営助言委員会、日本学術会議評価委員会、総理大臣任命の監事、選定助言委員会等が学術会議の自律性、自主性を奪うための具体的な仕組みであることが審議を通じて明白となりました。
　会員選考に際し、会員で構成する会員候補者選定委員会が作成する選定方針案に、会員外の者で構成する選定助言委員会が意見を述べる、会員候補者選定委員会の諮問に応じて意見を述べるとしていることは重大です。
　政府は、選定助言委員会を設置する理由について、会員選考の客観性、透明性の確保などを挙げます。しかし、現に学術会議は、自ら会員選考の改革を進めてきました。外部の意見も取り入れ、会員候補者に求められる資質、専門分野の構成、候補者の多様性の確保のために、ジェンダーバランス、地域分布、活動領域や年齢構成等の観点を選考方法として定め、公表しています。
　どのような基準や方法で会員を選考するかは、そもそも学術会議自身が定めるべきものです。にもかかわらず、選定助言委員会を設置することは、政府による介入の仕組みをつくる狙いにほかなりません。会員候補者選定委員会が選定助言委員会に諮問しなければ、総理任命の監事から監査の対象にされるという答弁からも、そのことは明らかです。
　さらに、新法人設立時は、外部の有識者との協議を経て選ばれる外部有識者を含む候補者選考委員会が会員を選考し、その同じメンバーが三年後の改選時にも会員選考を行うという特別な会員選考の仕組みが設けられます。これにより、次期会員の選考に現在の学術会議会員が関与できる機会が極端に狭められます。
　これは、現行のコオプテーション方式による学術会議の自主的、自律的な会員選考の継続性を分断することにほかなりません。どれほど政府が説明しようと、独立性、自主性、自律性を根こそぎ奪い、学術会議を解体する法案の本質は覆い隠せません。だからこそ、学術会議は一貫して懸念は払拭できないと表明しているのです。
　この法案に反対し、学問の自由を守れという学協会や学会を始め、多くの科学者、それに連帯する市民の声は今なお広がり、今も会館前で行動が行われています。これは何をもってしても押さえ込むことはできません。
　運動の中で学問の終わりの始まりにするなというスローガンが掲げられましたが、昨日の委員会採決後には、あくまでも廃案を求めつつ、政府の介入を監視し、学問の自由を守り発展させる新しい運動の始まりと決意が述べられました。
　四月十五日の日本学術会議の総会決議は、「日本学術会議の理念と位置付けは変わらず存続し、そして、その先も、学術の振興を通じて文化を育み、平和で豊かな社会を作り、国民の安心して生き甲斐があり、健康で文化的な生活の維持増進に貢献していく。」と述べています。これは、日本学術会議のあるべき姿を宣言したものです。
　日本共産党は、日本学術会議のこの宣言を支持するとともに、学問の自由を守り、戦争する国づくりに反対する多くの科学者、市民と力を合わせ、これからも全力で闘い抜く決意を述べ、反対討論とします。（拍手）"			121715254X02620250611_049
121715254X02620250611_055	舞立昇治	自由民主党		"○舞立昇治君　ただいま議題となりました法律案につきまして、農林水産委員会における審査の経過と結果を御報告申し上げます。
　本法律案は、食品等の持続的な供給を実現するため、食品等事業者による事業活動の促進と食品等の取引の適正化のための措置を強化しようとするものであります。
　委員会におきましては、参考人を招致してその意見を聴取するとともに、持続的な食料供給の実現と消費者理解の醸成、商慣習の見直しの重要性、適切なコスト指標の在り方等について質疑が行われました。
　質疑を終局し、採決の結果、本法律案は全会一致をもって原案どおり可決すべきものと決定いたしました。
　なお、附帯決議が付されております。
　以上、御報告申し上げます。（拍手）
　　　　─────────────"			121715254X02620250611_055
121715254X02720250613_002	堂故茂	自由民主党		"○堂故茂君　ただいま議題となりました法律案につきまして、文教科学委員会における審査の経過と結果を御報告申し上げます。
　本法律案は、衆議院文部科学委員長の提出によるものであり、スポーツを取り巻く環境の変化に対応するため、スポーツ基本法について、前文及び基本理念の見直し、地方スポーツ推進計画に係る規定の整備、基本的施策の拡充等の措置を講ずるとともに、スポーツにおけるドーピングの防止活動の推進に関する法律について、国等が連携を図る関係者として一般社団法人日本スポーツフェアネス推進機構を明記しようとするものであります。
　委員会におきましては、国のスポーツ予算の拡充の必要性等について質疑が行われましたが、その詳細は会議録によって御承知願いたいと存じます。
　質疑を終局し、採決の結果、本法律案は全会一致をもって原案どおり可決すべきものと決定いたしました。
　以上、御報告申し上げます。（拍手）
　　　　─────────────"		121715254X02720250613_005	121715254X02720250613_002
121715254X02720250613_005	関口昌一	各派に属しない議員	議長	"○議長（関口昌一君）　投票の結果を報告いたします。
　　投票総数　　　　　　　　　二百三十八　　
　　賛成　　　　　　　　　　　二百三十五　　
　　反対　　　　　　　　　　　　　　　三　　
　よって、本案は可決されました。（拍手）
　　　　─────────────
　　　〔投票者氏名は本号末尾に掲載〕
　　　　　─────・─────"	121715254X02720250613_002		121715254X02720250613_002
121715254X02720250613_006	関口昌一	各派に属しない議員	議長	"○議長（関口昌一君）　日程第二　外国為替及び外国貿易法第十条第二項の規定に基づき、北朝鮮を仕向地とする貨物の輸出及び北朝鮮を原産地又は船積地域とする貨物の輸入につき承認義務を課する等の措置を講じたことについて承認を求めるの件（衆議院送付）を議題といたします。
　まず、委員長の報告を求めます。経済産業委員長牧山ひろえ君。
　　　　─────────────
　　　〔審査報告書及び議案は本号末尾に掲載〕
　　　　─────────────
　　　〔牧山ひろえ君登壇、拍手〕"		121715254X02720250613_007	121715254X02720250613_006
121715254X02720250613_007	牧山ひろえ	立憲民主・社民・無所属		"○牧山ひろえ君　ただいま議題となりました外国為替及び外国貿易法第十条第二項の規定に基づき、北朝鮮を仕向地とする貨物の輸出及び北朝鮮を原産地又は船積地域とする貨物の輸入につき承認義務を課する等の措置を講じたことについて承認を求めるの件につきまして、経済産業委員会における審査の経過と結果を御報告申し上げます。
　本件は、北朝鮮への全ての貨物の輸出及び北朝鮮からの全ての貨物の輸入につき、令和七年四月十四日から令和九年四月十三日までの間、引き続き、経済産業大臣の承認を受ける義務を課する等の措置を講じたことについて、外国為替及び外国貿易法第十条第二項の規定に基づいて国会の承認を求めるものであります。
　委員会におきましては、北朝鮮に対する制裁の効果、対北朝鮮政策に関する政府の姿勢等について質疑が行われましたが、その詳細は会議録によって御承知願います。
　質疑を終局し、採決の結果、本件は全会一致をもって承認すべきものと決定いたしました。
　以上、御報告申し上げます。（拍手）
　　　　─────────────"	121715254X02720250613_006		121715254X02720250613_006
121715254X02720250613_012	三宅伸吾	自由民主党		"○三宅伸吾君　ただいま議題となりました法律案につきまして、財政金融委員会における審査の経過及び結果を御報告申し上げます。
　本法律案は、公益信託に関する法律により公益信託に係る行政庁による認可制度及び受託者規制等が設けられることを踏まえ、公益信託の引受け又は公益信託に係る信託契約の締結の代理若しくは媒介について、信託業の免許又は信託契約代理業の登録等に係る信託業法の規定の適用を除外しようとするものであります。
　委員会におきましては、公益信託に対する監督体制の在り方、公益信託の受託者の要件等について質疑が行われましたが、その詳細は会議録によって御承知願います。
　質疑を終局し、討論に入りましたところ、立憲民主・社民・無所属を代表して勝部賢志委員、各派に属しない議員の梅村みずほ委員より、それぞれ反対する旨の意見が述べられました。
　討論を終局し、採決の結果、本法律案は多数をもって原案どおり可決すべきものと決定いたしました。
　以上、御報告申し上げます。（拍手）
　　　　─────────────"			121715254X02720250613_012
121715254X02720250613_017	和田政宗	自由民主党		"○和田政宗君　ただいま議題となりました両法律案のうち、まず、盗難特定金属製物品の処分の防止等に関する法律案につきまして、内閣委員会における審査の経過と結果を御報告申し上げます。
　本法律案は、近年増加する金属製物品の窃取を防止するには窃取された物品の処分の防止が重要であることに鑑み、一定の金属くずの買受けを行う営業について都道府県公安委員会への届出、相手方への本人確認等を義務付けるとともに、犯行に使用されるおそれが大きい一定の金属切断工具を隠して携帯する行為を禁止する等の措置を講じようとするものであります。
　委員会におきましては、金属盗の実態及び急増の背景、金属くず買受け業者に対する規制の在り方、本人確認や犯行用具規制の運用における配慮の必要性、警察による盗難防止に資する情報の周知、いわゆる金属くず条例の運用と本法律案との関係等について質疑が行われましたが、その詳細は会議録によって御承知願います。
　質疑を終局し、討論に入りましたところ、れいわ新選組の大島委員より反対の旨の意見が述べられました。
　次いで、採決の結果、本法律案は多数をもって原案どおり可決すべきものと決定いたしました。
　なお、本法律案に対し附帯決議を行いました。
　次に、手話に関する施策の推進に関する法律案につきまして、内閣委員会を代表いたしまして、提案の趣旨及び主な内容を御説明申し上げます。
　近年、地方公共団体において手話の普及や理解の増進等を目的とする条例を制定する動きが全国に広がり、国においても手話に関する施策の総合的推進が求められております。
　また、デフリンピックが本年十一月に我が国で初めて開催されるのを前に、手話に関する国民の関心が高まってきております。
　本法律案は、手話に関する施策を総合的に推進するため、基本理念を定め、国及び地方公共団体の責務を明らかにするとともに、手話に関する施策の基本となる事項を定めようとするもので、その主な内容は次のとおりであります。
　第一に、基本理念として、手話の習得及び使用に関する施策を講ずるに当たっては、手話を必要とする者及び手話を使用する者の意思が尊重されること、第二に、国及び地方公共団体は手話に関する施策を総合的に策定し、実施する責務を有すること、第三に、手話に関する基本的施策として、手話を必要とするこどもの手話の習得の支援、学校における手話による教育等について規定しております。
　以上が本法律案の提案の趣旨及び主な内容であります。
　なお、本法律案は、内閣委員会におきまして全会一致をもって委員会提出の法律案とすることに決定したものであります。
　何とぞ速やかに御賛同くださいますようお願い申し上げます。（拍手）
　　　　─────────────"		121715254X02720250613_020	121715254X02720250613_017
121715254X02720250613_020	関口昌一	各派に属しない議員	議長	"○議長（関口昌一君）　投票の結果を報告いたします。
　　投票総数　　　　　　　　　二百三十七　　
　　賛成　　　　　　　　　　　　二百三十　　
　　反対　　　　　　　　　　　　　　　七　　
　よって、本案は可決されました。（拍手）
　　　　─────────────
　　　〔投票者氏名は本号末尾に掲載〕
　　　　─────────────"	121715254X02720250613_017	121715254X02720250613_025	121715254X02720250613_017
121715254X02720250613_025	青山繁晴	自由民主党		"○青山繁晴君　ただいま議題となりました法律案につきまして、環境委員会における審査の経過と結果を御報告申し上げます。
　本法律案は、環境影響評価法の施行を通じて明らかになった課題等に対応するため、風力発電事業等に係る工作物の建て替えに関する環境影響評価手続の見直しを行うこと、環境影響評価に係る書類の公開を環境大臣が行うこと等の措置を講じようとするものであります。
　委員会におきましては、宮城県へ委員派遣を行うとともに、参考人から意見を聴取したほか、建て替え事業における適切な環境配慮の確保の必要性、環境影響評価図書の継続公開の在り方、環境影響評価制度の意義と改善の必要性等について質疑が行われましたが、その詳細は会議録によって御承知願います。
　質疑を終局いたしましたところ、本法律案に対し、れいわ新選組を代表して山本委員より、建て替え事業に係る配慮書手続の対象となる既存工作物から、地熱発電所を除く火力発電所及び原子力発電所を除外すること等を内容とする修正案が提出されました。
　次いで、討論に入りましたところ、日本共産党を代表して山下理事より修正案及び原案に反対、れいわ新選組を代表して山本委員より修正案に賛成、原案に反対する旨の意見がそれぞれ述べられました。
　討論を終局し、順次採決の結果、修正案は否決され、本法律案は多数をもって原案どおり可決すべきものと決定いたしました。
　なお、本法律案に対し附帯決議が付されております。
　以上、御報告申し上げます。（拍手）
　　　　─────────────"	121715254X02720250613_020	121715254X02720250613_028	121715254X02720250613_017
121715254X02720250613_028	関口昌一	各派に属しない議員	議長	"○議長（関口昌一君）　投票の結果を報告いたします。
　　投票総数　　　　　　　　　二百三十七　　
　　賛成　　　　　　　　　　　　二百十八　　
　　反対　　　　　　　　　　　　　　十九　　
　よって、本案は可決されました。（拍手）
　　　　─────────────
　　　〔投票者氏名は本号末尾に掲載〕
　　　　　─────・─────"	121715254X02720250613_025		121715254X02720250613_017
121715254X02720250613_030	柘植芳文	自由民主党		"○柘植芳文君　ただいま議題となりました法律案につきまして、厚生労働委員会における審査の経過と結果を御報告申し上げます。
　本法律案は、社会経済の変化を踏まえた年金制度の機能強化を図るため、被用者保険の適用拡大、在職老齢年金制度及び遺族年金の見直し、標準報酬月額の上限の引上げ、個人型確定拠出年金の加入可能年齢の引上げ等の措置を講じようとするものであります。
　なお、衆議院において、次期財政検証において、将来の基礎年金の給付水準の低下が見込まれる場合には、基礎年金及び報酬比例部分のマクロ経済スライドによる調整を同時に終了させるために必要な法制上の措置を講ずるものとすること等の規定を追加する修正が行われました。
　委員会におきましては、参考人から意見を聴取するとともに、基礎年金の給付水準を底上げするための措置の趣旨、被用者保険の更なる適用拡大の必要性、第三号被保険者制度の在り方、年金制度に関する分かりやすい情報発信の必要性等について、石破内閣総理大臣にも出席を求め質疑を行いましたが、その詳細は会議録によって御承知を願います。
　質疑を終局し、討論に入りましたところ、日本維新の会を代表して猪瀬直樹委員より反対、国民民主党・新緑風会を代表して田村まみ委員より反対、日本共産党を代表して倉林明子委員より反対、れいわ新選組を代表して天畠大輔委員より反対の旨の意見がそれぞれ述べられました。
　討論を終局し、採決の結果、本法律案は多数をもって原案どおり可決すべきものと決定をいたしました。
　なお、本法律案に対して附帯決議が付されております。
　以上、御報告申し上げます。（拍手）
　　　　─────────────"		121715254X02720250613_032	121715254X02720250613_030
121715254X02720250613_032	猪瀬直樹	日本維新の会		"○猪瀬直樹君　日本維新の会の猪瀬直樹です。
　会派を代表して、社会経済の変化を踏まえた年金制度の機能強化のための国民年金法等の一部を改正する等の法律案、いわゆる年金法改正案について、反対の立場で討論いたします。
　現在、我が国の医療、年金を始めとした社会保障費の膨張は、昭和十六年当時の軍事費の膨張とパラレルであり、このままではこの国が滅びかねない深刻な事態であることを、そして、これを救うために抜本的な社会保障制度改革が必要であることを、質疑を通じて石破総理にも度々申し上げてきました。
　ところが、今回の年金法改正案は、実に中途半端な小手先の修正や、制度間の不公平を助長するような施策ばかりが目立ち、それらがかえって抜本的な改革を遠ざけてしまうことで、これでは時間切れで我が国はいよいよ沈没してしまうんじゃないかと強い危機感を持っています。
　まず、在職老齢年金制度の見直しです。
　我が国の深刻な人手不足を補うために必要な高齢者の就業促進、これは、仕事を続けて健康を維持して医療費を減らし、さらに経済成長にも貢献する、言わば一石三鳥の大きなメリットがあります。ところが、これを妨げてきた高齢者は働くと年金を減らされて損をするという国民の認識は、今回の月額五十万円から六十二万円への上限額引上げという中途半端な妥協案では払拭できません。そうではなく、これまで厚労省においても度々検討されてきた在職老齢年金制度の廃止、これに今こそ踏み込むべきなんであります。
　続いて、厚生年金の適用拡大についてですが、これもまた、まさに中途半端と言わざるを得ません。第三号被保険者という言わば逃げ道を残したままで中途半端に適用範囲を拡大しても、前回の適用拡大と同様、労働時間を減らし、その適用を回避する動きが出ることは間違いありません。これを政府は様々な支援を付けて回避を防ぐといいますが、そのためにますます制度は複雑化し、国民から分かりにくくなっています。
　現在の政府方針である小手先の適用拡大を続けて第三号被保険者の自然減を待つというやり方では、数十年たっても根本的な問題は解消されません。保険料を払わずに基礎年金が受け取れるという、不公平で、かつ、女性の働き控えの根本的な原因であるこの制度を廃止すれば、制度間の不公平も解消され、女性の就業率や労働時間も更に自由にのびるはずなんです。この第三号被保険者の制度の廃止こそが抜本的な改革であります。
　さらに、国民年金の納付期間を六十五歳まで、現在の四十年間から四十五年間に延長する案が、今回の法律案には含まれていませんでした。これだけ仕事を持つ高齢者が増えている中、七十歳まで納付が続く厚生年金との公平性を考えても、この案は妥当であり、基礎年金の財政を改善し給付額を増やすためには是非とも必要な改正であったはずですが、昨年七月に見送りになってしまいました。
　先日、厚労委員会の参考人質疑の際に、この件がこれまでどのように検討されたかと質問したところ、ある参考人は、審議会でもこれは進めるべきだという意見が多かったが、ある日突然この件は検討しないことになったと言われたと、理由はこちらが聞きたいぐらいだと、そういう発言がありました。
　この納付期間延長案は、昨年七月の財政検証結果においても、今回の法案にある厚生年金積立金の流用案よりも所得代替率の改善効果が高いことが示されています。しかも、受け取る年金額も延長した期間分が増えるわけです。それなのに、なぜ見送りになったのか。国民に分かりやすい六十五歳までの納付期間延長より、複雑な厚生年金積立金流用の方をあえて採用したのは、選挙が近い中、高齢者の反発を恐れて本来あるべき改革から逃げた結果ではないかと怪しんでいます。
　我が国の持続可能性に関わる非常に重要な年金制度を言わば党利党略で私物化するこのような進め方に対して、我々日本維新の会は強く反対いたします。
　この厚生年金積立金流用案は、被保険者間の不公平を拡大させ、国民の制度全体に対する信頼感を更に損ねるおそれがあります。政府はこの間、一貫して、これは流用ではないと主張してきましたが、厚生年金を長年払い続けてきた加入者からすれば、基礎年金の負担割合が厚生年金財政の側でこれまでより増え、そしてその恩恵を自分たち以外も受けるのであれば、これはまさに流用そのものであります。
　また、追加的に必要となる毎年一兆から二兆円の公費負担の恒久的な財源については、この間の質疑を通じても一向に明確ではありませんでした。これが将来の現役世代の負担増となるならば、ただでさえその社会保険料負担の高さのために血まみれになっている若い世代、結婚して子供を産み育てるという普通の夢すら諦めざるを得なくなってしまっているそういう将来世代に、更なる負担を強制することになります。
　年金の支給開始年齢の見直しについても、政府は抜本的な改革から目を背けていると言わざるを得ません。日本の基礎年金の所得代替率は既に先進国の中でも最低水準にありますが、諸外国では給付水準を維持する代わりに、長寿化に合わせて支給開始年齢を六十代後半に引き上げています。
　老後の安心な暮らしを支える制度の構築を最優先とするなら、給付額を更に減らし制度を形だけ持続させるのではなく、長寿化により延びる受給期間を支給開始年齢の引上げによって中立化し、受給額を維持する仕組みを構築すべきです。この件もまた、高齢者の反発を恐れて逃げ続けるのではなく、現実を正面から受け止め、党利党略を離れた議論を進めていくべきと考えます。
　現行の国民年金制度における第一号被保険者の未納者、免除者、猶予者の増加は深刻であり、実質的な納付率は五割を下回っています。様々な事情があるにせよ、ルールどおりに支払えない人が半分以上ならば、そもそもこの制度設計自体がもはや破綻していると言わざるを得ず、この問題を放置したままでは制度の持続可能性は確保できません。
　そこで、基礎年金に老後の生活を安心して支えることができる十分な給付額を確保した最低保障年金を構築し、保険料による拠出を廃止して税方式に移行する方法や、現行の二階部分を積立方式に移行することを含めた抜本的な制度改革を検討すべきです。
　年金制度改革は、医療費の削減や全面的なライドシェア解禁などの構造的な課題と比較して、既得権を持つ圧力団体の影響を受けずに超党派で本質的な議論が行える数少ない分野と考えます。これを政争の具とせず、本当にこの国の将来のためだけを思い、真摯な議論を行うことが立法府の責任ではありませんか。
　一昨日の党首討論において我が党の前原共同代表も言及しました社会保障国民会議を設置し、るる指摘、提案してきました抜本的な制度改革について、与野党を超えた国会議員とともに民間の専門家等が参加し、議論を開始することを改めて提案いたします。
　先日発表された昨年の出生数は、七十万人を割り込みました。年金の制度設計の前提である政府の人口推計では二〇三九年とされていた事態が、実に十五年も早く到来したわけです。にもかかわらず、このように大幅に狂った人口推計を前提としている本改正案は、この審議中のまさに今、その実現性に疑問符が付いてしまうということになりました。
　小手先の改革ではなく、年金法改正案を廃案とし、我々日本維新の会は、引き続き、年金、医療、介護を含めた我が国の社会保障制度改革の持続可能性を、なものとするためにこれからも頑張っていきたいと思います。
　以上で反対討論といたします。
　御清聴ありがとうございました。（拍手）"	121715254X02720250613_030	121715254X02720250613_034	121715254X02720250613_030
121715254X02720250613_034	高木真理	立憲民主・社民・無所属		"○高木真理君　立憲民主・社民・無所属の高木真理です。
　私は、会派を代表して、ただいま議題となりました社会経済の変化を踏まえた年金制度の機能強化のための国民年金法等の一部を改正する等の法律案に対し、賛成の立場から討論を行います。
　まず冒頭、年金という極めて国民生活に大事な法案が、重要広範議案であるにもかかわらず衆議院に通常より二か月も遅く提出されたことは、許し難いと申し上げなければなりません。三月十四日という国会提出期限だけでなく、四月中下旬に提出するという約束も守られませんでした。
　ただでさえ年金は、制度が複雑であるため、国民の皆さんに正しく理解していただくのが難しいものです。しかし、国民誰にとっても大事な制度であるため、より十分な時間を掛けて議論をすべきものであります。それが二か月近く遅れた上、全国民に関わる基礎年金の底上げという一番重要と思われる中身が抜け落ちた状態で衆議院に提出されました。まさに、あんこのないあんパンでした。そして、この事態に至った原因が、自民党内で、近づく参議院選挙への影響を考えたからというからあきれます。党利党略も甚だしい。
　年金制度については、その重要性ゆえ、政争の具にすることなく、真摯に話し合い、全ては国民のために長期的な視野に立って決めていくことが必要と言われています。それを選挙のためにねじ曲げたとあっては、もはや責任政党とは呼べないと申し上げなければなりません。こんなことは金輪際あってはならない。断固抗議申し上げます。
　さて、ようやく提出された政府の法案には、ただいま述べましたように、一番の重要事項、マクロ経済スライドにより将来の基礎年金が三割目減りしてしまうことに手当てをする年金底上げ措置が抜け落ちていました。
　政府は、就職氷河期世代等支援に関する関係閣僚会議を立ち上げ、就職氷河期世代の支援を強化するとしていますが、就職氷河期世代は、非正規雇用でしか働けなかった期間の長さなどによって被用者保険に十分な期間加入できず、老後の生活を基礎年金のみに頼らざるを得ない方が多くいらっしゃいます。将来の基礎年金が三割目減りすることによって就職氷河期世代が老後の貧困に陥ってしまうことを放置するのは、明らかに矛盾した政策です。
　我々立憲民主党は、就職氷河期世代や今の現役世代の老後の貧困を防がなくてはいけない、国民生活に直結する年金制度改革を政争の具にしてはいけないとの思いから、年金の目減りに歯止めを掛けるため、年金底上げ措置を復活させる修正を提案をいたしました。自民、公明両党との三党合意で衆議院での修正となりました。本来であれば、他の野党も含めて様々な論点について十分な修正協議を行いたかったのですが、政府の提出遅れにより、限られた国会会期の中では時間がなかったことが残念でなりません。
　基礎年金の目減りは、低年金である方ほど、また男性より女性について大きく影響し、生活困窮につながることが懸念されます。また、老齢基礎年金だけでなく、障害基礎年金や遺族基礎年金についても給付水準が低下してしまいます。低年金により生活に困窮する方が増えると、生活保護に頼らざるを得ない人の増加が見込まれ、財政が悪化するだけでなく、保険料未納者の増加による年金制度の崩壊にもつながりかねません。
　今回の修正では、厚生年金受給者を含めた全ての方の基礎年金の目減りが食い止められると試算しており、今申し述べた様々な懸念を防ぐためにも重要な修正が行われたと考えています。
　特に、障害のある方にとっては、就労の場が限られている中で、障害年金が非常に重要な役割を果たしています。現在でも十分な年金額であるとは言えない中、三割も目減りしては、更に生活が苦しくなってしまいます。
　今回の修正では、将来の障害基礎年金の額が減ることを食い止め、逆に少し額が増えるという非常に重要な効果があります。さらに、今回の法案には子供がいる障害年金受給者への加算が二割増額される改正も含まれており、この点は評価できるものと考えます。
　次に、遺族厚生年金の見直しについてです。
　今回の法案では、遺族厚生年金において男女差を解消する見直しが行われますが、その内容が国民の皆さんに正しく伝わっておらず、ＳＮＳなどでは給付が大幅にカットされるような誤解も広がっています。
　既に遺族厚生年金を受給している方には見直しの影響がないこと、子のない男性への給付が拡大すること、子のない女性への給付期間の見直しは二十年掛けて進めること、有期給付の場合は受給額の加算があり、所得が低い方には給付継続の措置も創設されることなど、今回の改正はプラスの要素や様々な配慮措置が盛り込まれています。また、障害年金と同様に、子供がいる遺族年金受給者への加算が拡充されます。
　こうした前向きな改正を実現することが重要であると同時に、このことを正しく理解していただくために、政府が分かりやすい周知広報に取り組むことは引き続き重要な課題です。
　今回の修正による年金底上げ措置について、厚生年金の積立金の流用であるという誤解がまだ拭い切れていないようです。昭和六十年改正による基礎年金創設以来、国民年金積立金、厚生年金積立金から基礎年金財政へと拠出するルールとなっており、法にのっとった支え合いの仕組みで拠出するにもかかわらずであります。
　この基礎年金の底上げ措置は、全国民共通の基礎年金の給付水準を底上げするものであり、厚生年金の人も国民年金だけの人もほとんどの人の給付水準を上げるものです。現在、五十歳以下では九五％以上、三十八歳以下では九九・九％以上の厚生年金受給者の年金が増えます。モデル年金の場合は、男性六十二歳以下、女性六十六歳以下という就職氷河期世代より高い年代の厚生年金受給者でも増えます。
　底上げ措置で厚生年金が減る方も一部にはいらっしゃいますが、今回の修正ではそのような方々への影響を緩和する措置も盛り込んでいます。
　現役世代や若い世代を中心とした多くの方々の給付水準を上げるための底上げ措置であるにもかかわらず、誤った情報の拡散等により、プラスの影響を受ける方々にも正しく理解していただけていない状況は非常に残念です。しかし、誤解を恐れて年金底上げ措置を行わず、二十年後、三十年後の将来のことについて見て見ぬふりをすることが責任ある政治家の姿勢とは言えません。
　年金制度は複雑ではありますが、政府はもとより、我々国会議員も正しい情報を分かりやすく伝えていく姿勢が求められていると考えます。
　本法案は、給付水準を引き上げ、再分配機能を強化する改正内容が盛り込まれていますが、物足りないと感じる部分があることも事実です。
　まず、短時間労働者への被用者保険の適用拡大に関して、企業規模要件を撤廃することとしていますが、これを十年掛けて段階的に撤廃することとしています。
　十年という期間は働く期間の四分の一程度にもなり、この間に適用されないことで不利益を被る方も出てきてしまいます。周知期間の長さだけではなく、事業主への支援をしっかり行うことで適用拡大のハードルを下げるなどして、適用拡大を前倒しして実施することも検討すべき課題と考えます。
　このほかにも、法案の附則で示されているように、基礎年金拠出期間の延長、第三号被保険者制度の在り方など、引き続き検討すべき大きな課題は山積しています。
　改めて申し上げますが、国民生活に直結する年金制度改革は政争の具にしてはなりません。こうした課題を解決していくためには、国会での議論だけでなく、政府の改正内容検討段階においても、与野党を超えて議論していく場を速やかに設置することが必要であると考えます。
　立憲民主党は、将来世代の安心を確保するために努力を惜しまない覚悟であることを申し上げ、私の賛成討論といたします。（拍手）"	121715254X02720250613_032	121715254X02720250613_036	121715254X02720250613_030
121715254X02720250613_036	田村まみ	国民民主党・新緑風会		"○田村まみ君　国民民主党・新緑風会の田村まみです。
　会派を代表して、ただいま議題となりました本法律案に対し、反対の立場から討論を行います。
　まず、本案原案は、与党審査において改正内容を後退させた上に、提出を二か月も遅らせたことについて、政府・与党は猛省いただきたいという思いです。
　昨年の財政検証では、経済が順調に推移しない限り、基礎年金の給付水準が三割減少するという結果が既に出ています。就職氷河期世代を始め、厚生年金に比べ基礎年金の割合が大きい人たちほど、適用拡大の先送りや限定的な対策では将来の年金給付に大きな影響を与えます。
　政府は、まずは経済成長を目指すや、経済動向を見て検討するなどと楽観的な見通しで悠長に構えるのではなく、経済状況が厳しい場合でもセーフティーネットが機能する備えを講じるべきです。
　国民民主党は、厚生年金に加入できなかった就職氷河期世代への給付の拡充、第三号被保険者制度の廃止の検討、中低所得者のｉＤｅＣｏへの拠出支援、また財源適正化へのクローバックの導入など、雇用・労働政策も含めた議論を、議論などを含めた様々な提案を盛り込んだ修正案を衆議院に提出しましたが、残念ながら十分議論がされませんでした。
　また、与党と野党第一党が合意したからといって、国民の十分な理解と納得が得られていない状態で、重要広範議案としては異例の短期間、短時間で審議を終わらせることに強く抗議します。
　以下、マクロ経済スライド調整の一本足打法で、働き方に中立な年金制度の構築に向け踏み込み不足の政策について指摘し、反対の理由を述べます。
　まず、政府原案唯一の年金受給額底上げ施策であった被用者保険の適用拡大への踏み込み不足について指摘をします。
　一つ目は、企業規模要件の撤廃を十年後に先送りしたことです。
　本法案は、短時間労働者への被用者保険の適用拡大における企業規模要件について十年間掛けて段階的に撤廃するとしていますが、そんなに時間を掛けるのは一体誰のためでしょうか。
　政府は、今まで以上に小規模の企業や個人事業所を適用拡大の対象とするため、事業主負担への配慮として準備期間を設けると、事業主のための答弁をしましたが、最長十年の準備期間を設けると事業主負担の工面ができるという見通しが立つのでしょうか。また、任意適用を進めるとも答弁していますが、十年もの準備期間を必要とするような企業や個人事業所において任意適用が大幅に進むとは到底考えられません。
　二つ目は、労働時間要件の見直しが全く盛り込まれていないことです。
　短時間労働者への被用者保険の適用拡大における労働時間要件は現在週二十時間以上とされていますが、同じく週二十時間以上を要件としている雇用保険では、令和十年十月に要件を週十時間以上に変更することが既に決まっています。政府の審議会でも、被用者保険の労働時間要件を週十時間以上にすべきとの意見が多数で、慎重意見はごく少数でした。それにもかかわらず、本法案には労働時間要件の見直しが盛り込まれなかったことに疑問を呈さざるを得ません。
　この点、政府は、対象企業への影響が大きいことから今回の法律案に含めていないと答弁していますが、見直しが行われないことは、加入ができない労働者への影響が多いということを理解しているのでしょうか。また、他制度の在り方についても留意して議論を進めるとの答弁がありましたが、雇用保険で見直しが行われた今回こそ議論を深めるタイミングです。
　複雑で難解な労働者を取り巻く制度を分かりやすく、社会保障における被用者の公平性、また三号被保険者の在り方について冷静な議論を行うためにも、労働時間要件を週十時間以上とし、労働参画を促すべきです。
　思い出してください。五十一人以上の企業への適用拡大が施行された令和五年十月、法改正から四年もあったにもかかわらず、急に対応ができない、このままでは負担に耐えられないという事業主の声から突如、年収の壁・支援強化パッケージ等の支援策が準備されたことは記憶に新しいです。専任の労務担当者を置けない中小企業の多くは、いざ対象になるというところまで準備はできないのです。
　長過ぎる準備期間や中途半端で申請が複雑な支援ではなくて、年金制度改正のベースとなる財政検証が少なくとも五年ごとに行われることを踏まえて、企業規模要件の完全撤廃は五年後に完了し、その後の適用拡大も大いに進めるべきだと考えております。
　三つ目は、参考人質疑の中で指摘があったマクロ経済スライドの調整の一致には、厚生年金の積立金を活用した方法と適用拡大を最大限図る方法、この二つの方法があり、各方法による生じる効果は似ているという明言もあったにもかかわらず、適用拡大の最大化を諦めてしまった点です。
　今回の改正で約二百万人の被用者の適用拡大を見込むとありますが、年金部会で四つ示されたオプションのうち二番目に小さい拡大という中途半端なものにとどまりました。適用拡大対象者が八百六十万人という週十時間以上の全ての被用者への適用拡大を選択せずに、時期も範囲も、そして働き方に中立な制度、全世代型の社会保障制度への道筋を先延ばしにしてきました。基礎年金の底上げについて、適用拡大こそが厚生年金も合わせた受給の引上げの効果と財源確保への効果がいかに有用か明白にもかかわらず、事業主負担への配慮をすることが優先されてしまっています。
　最後に、十一日の参考人質疑で明らかになった、審議会での議論を途中で打ち切った基礎年金拠出期間の四十五年化を見送ったことです。
　今回の財政検証及びオプション試算では、基礎年金の拠出期間の四十年間を六十五歳までの四十五年間に延長することが年金給付水準の改善に大きな効果があると示されました。
　それにもかかわらず、厚生労働省は審議会において、前回の財政検証より改善が見られることを建前に、保険料負担増に対する批判を一掃できていないことを理由として、拠出期間の五年延長を早々に断念することを表明し、法案への反映に向けた本格的な議論は行われませんでした。
　時の批判的世論を理由に四十五年化を見送る一方で標準報酬月額の上限引上げを行う今回の法案は、保険料を取れるところから取ろう、こういう考えが透けて見えます。
　給付増のために広く負担を求める必要があるのであれば、そこから逃げず、理解を得るために説明を尽くして実現に向けて取り組むことが政府の責務です。しかし、この説明から逃げる行動が、結果的に年末のマクロ経済スライドの調整策を法案から削除することにつながった証左です。
　だからこそ、年金制度を始めとする国民に理解される年金制度、社会保障制度について、与野党を超えて検討、協議をする場を設け、議論することが必要です。各党からもその求めがありましたが、昨日の総理との質疑では、総理は最後まで必要性に理解を示しつつも設置を明言されず、今後の改正の在り方が不透明なまま、改正の検討項目を置いているこの法案には賛成できません。
　引き続き、現実的な提案を続けることを申し添え、反対討論といたします。
　ありがとうございました。（拍手）"	121715254X02720250613_034		121715254X02720250613_030
121715254X02720250613_038	倉林明子	日本共産党		"○倉林明子君　日本共産党の倉林明子です。
　会派を代表し、社会経済の変化を踏まえた年金制度の機能強化のための国民年金法等の一部を改正する等の法律案に反対の討論を行います。
　法案に反対する最大の理由は、多くの年金生活者の今の困窮に背を向けてマクロ経済スライドを継続し、今後十数年にわたり年金水準が下がり続けるからです。物価高騰に多くの国民が苦しんでいます。特に年金で暮らす高齢者、障害者は、節約では追い付かず、食費を削り、入浴の回数を減らし、猛暑の夏もエアコンなしなど、健康、命に関わる出費の切り詰めを強いられています。
　事務所には、障害者雇用がなかなか決まらず、就労移行支援の二年間は無収入、障害年金が最後のとりでです、障害年金だけは守ってほしいとの声も寄せられました。
　今必要なのは、現在困窮する人たちの暮らしを支えるために、物価高騰に見合う年金額の引上げです。総理は自民党に対し、二〇四〇年までに平均所得を五割以上上昇させることを参議院選挙の公約に掲げるよう指示したと報道されました。そうであるならば、実人数で四千万人に上る年金生活者を決して例外にすべきではありません。速やかに年金額の思い切った引上げをすべきです。
　マクロ経済スライドは年金の自動引下げ案であり、導入からこの二十年間で公的年金の給付水準は実質約一割も削減されました。法案は衆議院で修正されたものの五年後に再度検討するものであり、たとえマクロ経済スライドの早期終了措置を発動したとしても、今後十年以上年金削減が継続することになります。年金水準は更に実質一割下がり、就職氷河期世代を含む全ての世代の打撃となるものです。年金底上げには値せず、到底容認できるものではありません。
　今の年金生活者の暮らしを守るとともに、現役世代の大幅減額を避けるために、マクロ経済スライドを直ちに廃止し、物価高騰に見合った年金額に引き上げることを求めるものです。
　女性の低年金は放置できない問題です。女性の年金額は平均月額七万円弱、十万円を切る受給者は八五％に上ります。二割の方は、国民年金だけしか受給していません。大部分の高齢女性が年金では到底暮らしていけない水準に置かれています。
　厚労省が公表する相対的貧困率は、二〇一二年をピークに低下しています。その中で、唯一例外が高齢女性です。貧困率は上昇を続け、高齢男性との差は拡大しています。単身高齢女性の貧困率は四四％に上っています。
　こうした日本の実態に対し、二〇一三年に国連社会権規約委員会は、受給資格基準に達していない高齢女性に与えている貧困の影響への懸念を述べ、二〇一六年、二〇二四年の女性差別撤廃委員会からは、ジェンダーギャップがもたらす生活水準格差を懸念し、最低生活水準の保障が求められています。これら国連の人権機関からの要請に直ちに応えるべきです。
　低年金の最大の要因は、現役時代の低賃金にあります。非正規労働者の拡大、第三号被保険者制度、家族従業者を評価しない所得税法五十六条、無償のケア労働の押し付けなど、女性の働き方に壁をつくり、男性の補助的労働にとどめ、女性を低賃金に押しとどめる構造を政治がつくってきたのです。これらの解消、廃止と併せて最低保障年金制度がなければ、女性の低年金は解決しません。二十六万人いると言われる無年金者の解決も含め、最低保障年金制度の実現に踏み出すべきです。
　障害年金の見直しは、またも見送られました。障害当事者、関係者から、長年放置され続けていることに批判の声が上がっています。多くの無年金障害者が生み出されている大きな要因が、医学モデルに偏り、障害者の実態に合わない認定基準です。
　全国心臓病の子どもを守る会のアンケートでは、六五％が障害年金を受給できていません。先天性の心疾患を持つ子供たちは、成人になっても根治することはなく、生涯にわたり治療を継続しながら暮らしています。それでも、在宅酸素で三割、就労できなくても四割以上の人が年金を受けられていません。
　真に支援が必要な人に障害年金が支給されるよう、医学モデルに偏重した認定基準を社会モデルに改め、認定システムを根本的に見直すことが必要です。
　低過ぎる障害年金の見直しも急がれます。障害基礎年金の額は四十年間据え置かれたままです。
　きょうされんが行った実態調査では、八割が相対的貧困に置かれ、年収二百万円以下で暮らす人は九七・二％に上っています。生活保護の受給率は全体との比較で七倍を超えています。少ない年金、少ない工賃で働く障害者が給料が増えたら缶コーヒーを買いたいと希望を語り、支える親は、将来のことを思うととてつもない不安に襲われて苦しくてどうしようもなくなることがあると訴えています。
　障害年金の水準について、政府は老齢年金と同水準であることを合理化していますが、障害を持つ人たちは、働く機会、所得を得る機会を十分に得ることができず、年金、工賃と親や家族の援助によって生活が成り立っているのが現実です。
　年金水準について、障害者権利条約の総括所見は、市民の平均所得に比べ障害年金が著しく低額であることに懸念を示し、障害者団体と協議の上で障害年金の額に関する規定の見直しを求めています。親に依存せず、社会的に自立した生活ができるよう、大幅に引き上げるべきです。
　参考人質疑では年金部会委員である駒村康平参考人からも、障害年金について踏み込んだ改革はされていない旨の発言がありました。年金部会には障害当事者は参加していません。制度上、運用上の喫緊の課題を解決し、制度を抜本的に見直すため、当事者、専門家の参加する集中した議論をすぐ開始すべきです。
　障害年金の不支給問題は、年金機構の調査では全容が解明されたとは言えません。三月の報道を受け、認定医の審査過程で不支給と見込まれた事案を障害年金センターの常勤医師が確認した結果、約一割が支給となったとされています。徹底した調査、公表とともに、必要な再判定、救済措置が実施されるべきです。
　被用者保険の適用拡大と同時に必要なのは、中小企業への直接支援です。コロナ禍の打撃、インボイスの導入によって、税や社会保険料の負担は経営に重くのしかかり、社保倒産と言われるほど中小企業の社会保険料を含む税金滞納倒産は過去最多を記録しています。雇用の七割を支える中小企業の倒産を増やすことがあってはなりません。
　巨額の年金積立金を計画的に活用する、高額所得者の年金保険料の頭打ちを見直すなどの改革を行い、高齢者も現役世代も減らない年金にすることこそ緊急に求められることを指摘し、討論といたします。（拍手）"			121715254X02720250613_038
121715254X02720250613_043	関口昌一	各派に属しない議員	議長	"○議長（関口昌一君）　行政監視委員長から、行政監視、行政評価及び行政に対する苦情に関する調査の中間報告として行政監視の実施の状況等に関する報告を求められております。
　この際、報告を聴取することに御異議ございませんか。
　　　〔「異議なし」と呼ぶ者あり〕"		121715254X02720250613_045	121715254X02720250613_043
121715254X02720250613_045	福島みずほ	立憲民主・社民・無所属		"○福島みずほ君　行政監視委員会における行政監視の実施の状況等について、御報告申し上げます。
　平成三十年の参議院改革協議会報告書において、行政監視機能の強化に参議院全体として取り組むとされたことを受け、本委員会は行政監視機能の強化の具体化に取り組んでまいりました。
　委員会においては、政府からの説明聴取及び質疑を行うとともに、国と地方の行政の役割分担に関する件について参考人からの意見聴取及び質疑を行いました。
　委員会においては、国と地方自治体における政策評価やＥＢＰＭの効果的な活用と実施の在り方、総務省行政評価局による調査の必要性や調査結果に関連した各府省の取組、各府省における諸施策の実態把握の在り方や課題、行政における国と地方の連携や役割分担、災害対策など諸施策の地域における適正な実施を支える国の支援など、多岐にわたる議論が行われましたが、その詳細は会議録によって御承知願います。
　このほか、行政評価・行政相談及び更生保護の実情に関する視察を行うとともに、参議院のホームページに開設した行政に対する苦情窓口を通して苦情を受け付けるなどの取組を進めました。
　以上、御報告を申し上げます。（拍手）
　　　　　─────・─────"	121715254X02720250613_043		121715254X02720250613_043
121715254X02720250613_048	猪口邦子	自由民主党		"○猪口邦子君　外交・安全保障に関する調査会における調査報告につきまして、その概要を御報告申し上げます。
　本調査会は、三年間の調査テーマを「21世紀の戦争と平和と解決力～新国際秩序構築～」とし、三年目においては、「中東情勢をめぐる現状と諸課題」、「ウクライナ戦争をめぐる現状と諸課題」及び「包摂的平和（Ｉｎｃｌｕｓｉｖｅ　Ｐｅａｃｅ）の実現に向けた課題と方策」について、参考人からの意見聴取・質疑を行ったほか、今期の調査を踏まえ委員間の意見交換を行った後、調査報告を取りまとめ、去る四日、議長に提出したところであります。
　以下、提言部分について、その主な内容を御報告いたします。
　まず、新たな国際秩序の在るべき姿とその構築に向けたアプローチについては、法の支配に基づく自由で開かれた国際秩序が重大な危機にさらされている中で、自由と法の支配を擁護し、多様性・包摂性・開放性を尊重するとの理念に基づき、包摂的平和（Ｉｎｃｌｕｓｉｖｅ　Ｐｅａｃｅ）の実現に向けた取組を進めるべきであり、その構築に向けたアプローチとして、抑止と対話の両輪による現実的な平和主義の重要性を踏まえ、常設的な多国間の安全保障対話の枠組みとしてアジア版ＯＳＣＥ（安全保障協力機構）の創設に向けた取組を進めるなど、多角的・重層的な外交を展開していくべきであるとしております。
　次に、核軍縮・不拡散をめぐる対応については、唯一の戦争被爆国である日本が、「核兵器のない世界」の実現に向けた国際社会の取組を着実に進められるよう主導していくべきであり、短期的には、核兵器不使用の継続に向けて戦略対話を進め、危機管理や信頼醸成、透明性の向上を図り、中期的には、核戦力の増強を続ける中国を核軍備管理の枠組みに取り込み、多極化等を織り込んだ核軍備管理の在り方を模索していくべきであるとしております。
　次に、対人地雷禁止条約等をめぐる対応については、同条約等からの脱退の動きがある中で、本年十二月に開催される同条約締約国会議において、加盟国と非加盟国との非対称性への対応を重点的に議論していくべきであるとしております。
　次に、ＡＩの軍事利用、自律型致死兵器システム（ＬＡＷＳ）規制をめぐる対応については、国際人道法を含む国際法の遵守を確保する観点から、日本がＡＩの安全保障利用に係る国際的なルール作りに関する議論を主導するとともに、実効性あるＬＡＷＳ規制を実現するため、規制に慎重な立場をとる当該技術を持つ国々を含む主要国の参加を得られる形で、ルール作りを進めていくべきであるとしております。
　次に、人道主義をめぐる対応については、紛争下において紛争当事者の双方に対する国際人道法遵守の働きかけを行うとともに、二国間・多国間フォーラム等においても、公平な人道援助が実施されるよう、国際社会の取組を主導していくべきであるとしております。
　次に、気候変動が安全保障に及ぼす影響をめぐる対応については、国連開発計画との連携強化、建造中の北極域研究船を国際研究プラットフォームとする北極域での研究開発、海洋に関わる人材育成、北極政策における国際連携の推進等を進めるほか、気候変動の影響による海面上昇への対応として、領海基線（ベースライン）の維持を可能とする国際法解釈を国際社会で広めていくための外交的な働きかけや合意形成に取り組んでいくべきであるとしております。
　次に、国連改革をめぐる対応については、国連を中核とするマルチラテラリズムの強化が必要との観点から、グローバル・サウス諸国や関係国と連携しつつ、安保理改革の機運を高め、早期に具体的成果を出すよう、安保理改革の実現に取り組んでいくべきであるとしております。
　以上、御報告申し上げます。（拍手）
　　　　　─────・─────"			121715254X02720250613_048
121715254X02720250613_051	福山哲郎	立憲民主・社民・無所属		"○福山哲郎君　国民生活・経済及び地方に関する調査会における調査の経過と結果について御報告申し上げます。
　本調査会は、第二百十回国会の令和四年十月三日に設置され、三年間の調査テーマを「誰もが取り残されず希望が持てる社会の構築」と決定し、鋭意調査を進めてまいりました。
　三年目は「社会経済、地方及び国民生活における希望の実現」について調査を行うこととし、「希望が持てる雇用・労働環境の整備」、「希望が持てる地域社会の実現」及び「誰も取り残さないための支援」について参考人から意見を聴取し、質疑を行った後、委員間の意見交換を行いました。
　さらに、調査会決議としては平成十五年以来二十二年ぶりとなる「誰もが取り残されず希望が持てる社会の構築に関する決議」を全会一致で行うことができました。その内容は、あらゆる世代、特に就職氷河期世代等への切れ目のない支援の実施、地域公共交通における官民の役割分担の見直し、障がい者の政策審議の場への参画促進等であります。
　そして、今般、提言を含む報告書を取りまとめ、去る六月四日、これを議長に提出いたしました。
　以下、報告書の主な内容について、御報告申し上げます。
　提言の第一は、「雇用・労働環境の改善」についてであります。
　男女間の賃金や待遇の格差是正には、個別の紛争を公正に解決するための基準や仕組みづくり、企業の人的資本情報の開示範囲拡大に向けた取組が重要であります。
　また、女性や障がい者等の就業を継続するための労働環境の整備、男性の育児休業取得の促進、過重労働対策の推進等も求められます。
　提言の第二は、「地域社会の活性化及び再生」についてであります。
　地域公共交通の在り方に関しては、官民の役割分担、地域公共交通に対する国の果たす役割の強化等について、改めて議論し、所要の見直しを図る必要があります。
　また、地域経済の活性化には、移住者や投資を呼び込む取組等が求められるほか、地域コミュニティの再生、地域におけるエッセンシャルワーカーの確保、地方への女性の定着等も重要であります。
　提言の第三は、「子ども・若者、経済的困難者等への支援」についてであります。
　貧困対策に関しては、特に、中高年となる就職氷河期世代等について、就労が困難な人を社会参加に導いて潜在力が発揮できるよう引き続き支援するとともに、就労支援にとどまらず、福祉の拡充という側面からセーフティネットの在り方を検討することが不可避であります。
　また、身寄りのない要支援者を対象とする福祉の在り方、若者の孤独・孤立対策及び若者支援の充実、子どもの自殺対策等も重要であります。
　提言の第四は、「障がい者の障壁の解消」についてであります。
　障害者権利委員会の総括所見を踏まえ、障がい者に関連する国内法制及び政策の障害者権利条約との調和に向けた検討が求められます。中でも、障がい者の家族依存からの脱却、地域移行を含めた脱施設化は大きな論点と考えられます。
　また、インクルーシブ教育の推進、優生思想を払拭するための対応、聴覚障がい者の情報保障等も求められます。
　以上が報告書に盛り込まれた提言の主な内容であります。
　政府及び地方自治体におかれましては、提言及び決議の趣旨を十分に理解され、これらの実現に努められるよう要請するものであります。
　以上、御報告申し上げます。（拍手）
　　　　　─────・─────"			121715254X02720250613_051
121715254X02720250613_054	宮沢洋一	自由民主党		"○宮沢洋一君　資源エネルギー・持続可能社会に関する調査会の調査報告につきまして、その概要を御報告申し上げます。
　本調査会は、この三年間を通じ、「資源エネルギーの安定供給確保と持続可能社会の調和」をテーマとして調査を行ってまいりました。
　この間、八回にわたり、計二十四名の参考人から、ロシアのウクライナ侵略による新たな局面と資源エネルギー情勢、資源エネルギーの新たな局面と日本への影響、エネルギーや気候変動などＳＤＧｓをめぐる日本の情勢、エネルギー安全保障の確立に向けた論点及び方策、脱炭素社会の実現に向けた論点及び方策、資源エネルギー分野のイノベーション等の各般にわたる事項について、意見を聴取し質疑を行いました。
　これらを踏まえ、政府から説明を聴取し質疑を行うとともに、委員間における意見の交換を経て調査報告書を取りまとめ、去る六月四日、議長に提出いたしました。
　本報告書におきましては、本年行った「資源エネルギーの安定供給確保と持続可能社会の調和に向けた戦略」についての調査を中心に記すとともに、政府及び関係者に要請を行うものとして、提言を盛り込んでおります。
　この提言におきましては、「エネルギー安全保障の確立」、「脱炭素社会の実現に向けたエネルギー政策の在り方」、「イノベーションの推進」、「需要側の取組の推進」、「循環経済（サーキュラーエコノミー）への移行」、「公正な移行」、「持続可能社会の実現に向けた地域の取組」及び「人材の育成・確保」を柱として掲げております。
　以上、御報告申し上げます。（拍手）
　　　　　─────・─────"		121715254X02720250613_057	121715254X02720250613_054
121715254X02720250613_057	有村治子	自由民主党		"○有村治子君　情報監視審査会は、去る六月六日、審査会規程第二十二条第一項に基づき、本審査会における調査及び審査の経過及び結果を記載した年次報告書を作成し、会長から議長に提出をいたしました。
　本報告書の対象期間は、令和六年六月一日から本年四月三十日までであり、以下、この概要について御報告を申し上げます。
　行政における特定秘密の指定及びその解除並びに適性評価の実施の状況についての調査では、まず、昨年七月に防衛省が公表した特定秘密漏えい事案等について、同省から説明を聴取し、質疑を行いました。
　その結果、昨年四月公表の漏えい事案など、同省において多数の情報保全事案が立て続けに生じたことを重く受け止め、国会法第百二条の十六の規定に基づき、防衛大臣に対し、防衛省・自衛隊の情報保全体制の抜本的見直し等について措置すべきものと勧告し、報告を求めることを決定いたしました。
　次に、政府が国会に提出した年次報告等について説明を聴取し、質疑を行うとともに、特定秘密を指定する各行政機関から指定等の状況について説明を聴取し、質疑を行いました。
　また、昨年十二月に防衛省が公表した漏えい事案等及び再発防止策について同省から説明を聴取し、質疑を行いました。
　さらに、防衛省への委員派遣を行い、特定秘密の提示を受け、その利用状況や管理状況を視察したほか、特定秘密に係る適性評価と特別防衛秘密等に係る適格性の確認の実施状況について説明を聴取しました。
　その後、防衛大臣から勧告の結果とられた措置について報告があったことを受け、防衛省から説明を聴取し、質疑を行いました。
　この中で、防衛省本省及び防衛装備庁において、適性評価及び適格性の確認の双方の対象となる約十二万人に対し、調査事項が全く同一であるにもかかわらず調査が別々に行われており、現場にとって少なからず負荷となっていることが明らかになりました。
　最後に、城内国務大臣及び内閣府独立公文書管理監に対し、それぞれ締めくくり的な質疑を行いました。
　本審査会における議論を踏まえ、報告書では、防衛省における累次の情報保全事案を踏まえた同省及び政府全体における再発防止策の実施、防衛省本省及び防衛装備庁における適性評価及び適格性の確認に係る業務の効率化・関係者の負担軽減による持続可能な情報保全体制と実効性のある運用の確立を始めとする七項目を「主な指摘事項」として取りまとめ、政府に適切な対応を求めています。
　なお、委員会等からの特定秘密の提出要求に係る行政機関の長の判断の適否等の審査の要請等はございませんでした。
　以上、御報告申し上げます。（拍手）"	121715254X02720250613_054		121715254X02720250613_054
121715254X02820250618_002	村上誠一郎	自由民主党・無所属の会	総務大臣	"○国務大臣（村上誠一郎君）　おはようございます。
　令和六年度政策評価等の実施状況及びこれらの結果の政策への反映状況に関する報告の概要について、御説明申し上げます。
　政策評価制度は、効率的で質の高い行政や、成果重視の行政を実現するとともに、国民に対する説明責任を果たしていくことを目的としております。
　各府省が、自らの政策の効果を把握し、評価するとともに、総務省においても、複数の府省にまたがる政策の評価や、各府省が行った評価の点検を行っています。
　令和六年度は、政府全体で二千四百九件の評価を実施しており、その結果は、政策の改善・見直しに活用されています。
　こうした機能がより有効かつ効果的に発揮されるよう、総務省では、各府省の取組を後押ししております。
　本年一月に、政策評価の実践的な指針である効果的な政策立案・改善に向けた政策評価のガイドラインを改定し、各府省が工夫しているポイントを追加するなど、内容の充実を図りました。
　また、評価手法などに悩みを抱える各府省に対しては、総務省が共同で把握・分析を取り組むなど、伴走型での支援も積極的に進めています。
　以上が、令和六年度報告の概要でございます。
　なお、総務省は、各府省の業務の実施状況を評価・監視する機能を担っており、立法府の行政監視機能と相まって行政運営の改善が図られるよう、適切に取り組んでまいります。
　以上であります。（拍手）
　　　　─────────────"		121715254X02820250618_004	121715254X02820250618_002
121715254X02820250618_004	宮崎雅夫	自由民主党		"○宮崎雅夫君　自由民主党の宮崎雅夫です。
　私は、会派を代表し、ただいま議題となりました政策評価実施状況等報告について、総務大臣及び農林水産大臣に質問いたします。
　平成三十年六月に取りまとめられた参議院改革協議会報告書において、行政監視機能の強化の一環として、本会議で政府から政策評価実施状況等報告を聴取し、これに対する質疑を行うこととされてから、本日、六回目の本会議質疑を迎えることとなります。
　これまでの取組により、政府の行政評価・監視機能と立法府の行政監視機能が相まって行政運営の改善が図られてきたと評価しています。
　その上で、政策能力の更なる向上を図るためには、国や地方自治体においてエビデンスに基づく政策立案、ＥＢＰＭを一層浸透させていくことが不可欠と考えますが、総務大臣の御所見をお伺いをいたします。
　埼玉県八潮市での道路陥没事故を引き起こしたインフラの深刻な老朽化、そして昨今の自然災害の激甚化、頻発化から国民の命と生活を守り抜くためには、老朽化対策や防災・減災、国土強靱化対策の更なる加速化が不可欠です。また、食料安全保障の確保に向けて農業の構造転換を集中的に図るために、土地改良事業をスピードアップし、進めていかなければなりません。
　そのためには、資材価格や人件費の上昇を十分に加味した上で、事業の加速化に応え得るだけの国、地方の財源の上乗せ、さらに、財政状況が厳しい地方自治体でもしっかりとした対応ができ得る地方財政措置の充実が求められます。あわせて、これらの事業を担う国や地方自治体での技術職員の確保など、実施体制強化が重要です。
　しかし、昨今の国家公務員や地方公務員の採用では、技術職の一般職員の合格者が採用予定者を下回る、あるいは辞退率が高くなるといった深刻な状況が見られます。民間企業との比較を考慮し、処遇も改善していかなければなりませんが、技術職の場合は高等教育での専門課程等で学ぶことが大切であることから、中長期的な視点での人材養成が求められます。
　そもそも国や地方自治体の現場で事業の適正な執行に必要な技術職員が確保できているのか、支障は生じていないのか、さらに、高等教育段階での人材確保はできているのかなど、幅広い視野で行政評価や地方行政の観点から議論すべきと考えますが、総務大臣の御所見をお伺いをいたします。
　僅か一年で二倍となった米の急激な価格上昇に対して、石破総理の指示の下、小泉農林水産大臣のスピード感を持った随意契約による備蓄米の放出により、僅かな期間で大手小売店やコンビニ等での店頭販売が始まりました。先週も新たに二十万トンの売却を行うことなどを発表し、打つ手を緩めていません。余りにも急激な価格高騰に対応するための緊急的な放出により米価格には下落傾向が出てきておりますが、依然として予断を許さない状況です。
　同時に、この十年間で半分近くまで減った米農家は、肥料や生産資材の高騰にさらされています。米の価格が生産コスト等に見合った持続可能性を確保できるものでなければ、食の安全、安心を守ることはできません。
　小泉大臣は、大臣就任直後、私が委員長を務めている自民党の環境と調和した持続可能な農業推進委員会で、生産者の意欲がくじけないように、消費者の米離れを防ぎたいという思いだと述べられました。
　今回のような価格高騰や目詰まりが生じた要因をしっかりと分析、評価しつつ、生産者、消費者双方が納得できる価格と安定的な供給を実現するとともに、大臣のお言葉のように生産者の皆さんが意欲を持って営農を続けていけるよう、今後の水田政策の見直しを行っていく必要があると思いますが、その決意と方策について農林水産大臣にお伺いをして、私の質問を終わります。
　御清聴ありがとうございました。（拍手）
　　　〔国務大臣村上誠一郎君登壇、拍手〕"	121715254X02820250618_002	121715254X02820250618_005	121715254X02820250618_002
121715254X02820250618_005	村上誠一郎	自由民主党・無所属の会	総務大臣	"○国務大臣（村上誠一郎君）　宮崎議員からの御質問にお答えいたします。
　まず、ＥＢＰＭの推進について御質問がありました。
　社会経済の変化に対応し、限られた資源から高い政策効果を生み出すためには、客観的なデータや分析に基づいて政策の立案や改善を行うことが重要であります。このことから、政府全体でエビデンスに基づいて政策を進めるＥＢＰＭの強化を図っております。
　総務省では、政策評価を推進する一環として、各府省や自治体と共同で政策の効果分析等を行い、政策の改善を後押ししております。これらで得られた知見は、広く活用してもらえるよう、ガイドラインに整理し、提供しております。こうした取組を通じて、引き続き、ＥＢＰＭの推進を図ってまいります。
　次に、国や自治体での技術職員の確保について御質問がございました。
　公共施設等の老朽化対策や災害からの復旧復興に対応するためにも、技術職員の確保は重要な課題と認識しております。
　総務省としましては、行政評価の観点からは、行政運営改善調査の検討に当たり、技術職員を含む行政の担い手確保も十分に考慮してまいります。また、地方行政の観点からは、災害時に派遣する技術職員を確保するために、仕組み等により人材確保の取組を支援するとともに、人材不足の深刻化に対応した持続可能な地方行財政の構築に向けて取り組んでまいります。
　以上であります。（拍手）
　　　〔国務大臣小泉進次郎君登壇、拍手〕"	121715254X02820250618_004	121715254X02820250618_006	121715254X02820250618_002
121715254X02820250618_006	小泉進次郎	自由民主党・無所属の会	農林水産大臣	"○国務大臣（小泉進次郎君）　おはようございます。
　宮崎雅夫議員の御質問にお答えいたします。
　米の安定的な供給と水田政策の見直しへの決意、方策についてのお尋ねがありました。
　今回の随意契約による備蓄米の放出については、外国産の米の輸入量が昨年と比べて今年は八十倍、台湾産の米の輸入量が六倍など、米価高騰が続いていることで、枠外で関税を払ってでも外国米を輸入する事業者が増加している事実も含め、消費者の米離れを防ぐという思いを生産者の皆様にも御理解いただけるよう、丁寧に説明を尽くしているところであります。
　また、御指摘のあった水田政策の見直しに向けては、米価高騰の要因や対応の検証を行うという総理指示も踏まえ、米の流通実態の把握を強化するため、食糧法に基づく報告や調査を農水省として初めて実施することを昨日発表したところです。加えて、精米事業者の搗精能力について、令和四年から現在までの実績、余力の調査を新たに開始し、精米事業者の能力の見える化にも取り組んでまいります。
　このような取組と併せて、与野党の垣根を越えて、また、現場の方々、関係団体も含めた幅広い御意見を丁寧に伺いながら、令和九年度からの新たな水田政策の在り方を検討してまいります。（拍手）
　　　　─────────────"	121715254X02820250618_005		121715254X02820250618_002
121715254X02820250618_008	岸真紀子	立憲民主・社民・無所属		"○岸真紀子君　立憲民主・社民・無所属会派の岸真紀子です。
　ただいま報告がありました二〇二四年度政策評価等の実施状況及びこれらの結果の政策への反映状況に関する報告について、会派を代表し、質問します。
　行政監視の年間サイクルにおける本会議報告及び質疑は、今回で六回目となります。
　本年は久しぶりに総務大臣以外の大臣出席の下で行政監視委員会の質疑を行うことができました。委員長並びに理事の皆様の御尽力に敬意を表します。
　引き続き、参議院として、行政監視サイクルを形骸化させることなく、真の行政監視機能を充実させる新しいサイクルのスタートとなることを期待し、質疑に入ります。
　初めに、先ほど報告を受けました政策評価を所管する総務大臣として、何のために評価を行っているのか、政策評価の目的や意義をお伺いします。
　なぜそのようなお尋ねをするかというと、各府省が自ら行う政策評価は言わば自己点検となりますが、その評価が適正なのかどうか。各府省自らが企画立案し、予算を付け遂行している事業等なので失敗したとは言いづらいのかもしれませんが、余りにもその評価そのものが形式的に感じます。政策評価は、政策の改善につなげていくことが重要であり、形骸化させてはなりません。
　評価は政策の立案者や執行者等の批判、非難のためではなく、そこからの知見や経験を政策の改善や今後に生かしていくという視点で行われるべきです。不正や不適正な事案が生じてしまった場合にも、正直に公表し、積極的に改善させていくことが国民のための行政の在り方です。せっかく評価するなら、事務的な点検だけではなく実効性のある評価を行い、どう改善されたのかを説明していくことが重要です。
　村上大臣、各府省が自ら行う政策評価を形骸化させないための取組、特に政策の改善にどうつなげていくのでしょうか、さらには、国民への説明責任を果たせる評価にすべきと考えますが、いかがでしょうか。
　行政活動を検証し、その評価を行うには、大前提として公文書の適切な保存と開示が必要です。
　二〇二〇年、日本学術会議の会員任命拒否事案は、従前の形式的任命との政府解釈を覆し、十分な説明もなく強行されました。この解釈変更の検討過程を記した文書の根幹部分について、本年五月に東京地裁が開示を命じる判決を出したにもかかわらず、国は控訴し、日本学術会議法案の審議中に開示されることはありませんでした。
　政府は、情報公開法第五条第五号の規定を持ち出し、未成熟な記載があり、開示すると誤解や混乱を招くおそれがあると開示をしませんでしたが、政府に都合の悪いことも含め開示することは、国民や国会による行政監視の重要な基礎となります。
　政策のプロセスを透明化することで国民の知る権利、説明責任の履行、公正で民主的な行政を推進することができ、結果として行政の取組に対する国民の理解も深まるのではないでしょうか。不十分な公文書であったとしても適正に保存することは、現下の改善だけではなく後世での検証を可能にすることができます。
　公文書管理の徹底を求めるとともに、災害時の状況などは、日本放送協会を始めとする報道機関とも連携し、多様な映像記録を収集し、公文書として適切に保存、活用すべきと考えますが、伊東大臣の見解をお伺いします。また、併せて情報公開の徹底を総務大臣に求めます。
　昨年六月二十一日、参議院本会議において、二〇二三年度政策評価等年次報告の質疑で我が会派の三上えり議員が質疑を行いましたが、二〇二〇年から各府省が取り組んできた新型コロナウイルス感染症対策を評価する必要があります。
　気候変動の中、新たな感染症に備えるには、あのとき、何が起き、対策として何をしてきたか、そして、実際の効果も含め感染症対策がどうであったかを政府として検証すべきです。
　二〇二〇年二月に横浜港へ着港したダイヤモンド・プリンセス号で救命活動に携わった災害派遣医療チーム、ＤＭＡＴを描いた映画が先週末から公開されています。民間や有識者に委ねるのではなく、政府としての検証は必須ではないでしょうか。
　特に自治体との関わりが重要であり、あの頃は国が方針を決めても、実務の多くは自治体が担っていました。喉元過ぎれば熱さを忘れるではなく、自治体から証言を集めておくことが重要です。
　村上大臣、総務省の強みである自治体とのネットワークを生かし、新型コロナウイルス感染症対策をテーマに行政運営改善調査を実施してください。昨年は、とても冷たく薄い答弁が議事録に残されています。次なる感染症に備えるためにも、国だけではなく自治体の目線で検証することの重要性を認識し、村上大臣に前向きな答弁を求めます。
　次に、ＥＢＰＭ、エビデンスに基づく政策立案の観点で質問します。
　党首討論で石破総理は、政権としては検討していないと答弁されていましたが、自民党、公明党が参議院議員選挙で掲げる公約に物価高対策として給付措置を盛り込む方針で一致したと報道されました。しかも、現金のほか、マイナンバーカードの普及のためのマイナポイントの仕組み活用を検討しているとあります。
　簡単にマイナポイントと言っていますが、あの事業がどれだけ自治体に過重労働を強いたか理解しているのでしょうか。現金、口座振り込みの給付だけでも、全ての住民を対象としているので、準備も含めて膨大な業務量であり、そこにマイナポイントという選択肢を設けることで事務は更に煩雑化することになり、自治体現場に混乱を来すことは容易に想像できます。過去のマイナポイント事業の行政事業レビューシートでも、制度設計の稚拙さや、自治体における成果や課題の検証、分析が必要と指摘され、総務省も指摘を踏まえる旨を明言しています。
　村上大臣、これまで実施したマイナポイント事業の検証は行ったのでしょうか。また、行政運営改善調査として、自治体から丁寧に聞き取り、検証すべきと考えますが、いかがでしょうか。
　私は、二〇二〇年九月から始まったマイナポイント事業第一弾から指摘してきたところですが、千七百十八市町村の中には、キャッシュレス決済サービスを利用することが困難な人や、キャッシュレス決済を使えるお店がない、若しくは店まで数十キロ離れているなど、利用できない地域があります。マイナポイントだと公平性に欠けると過去の委員会でも指摘してきました。全国あまねく地域経済が恩恵を受けられるように考えることも重要ではないでしょうか。それなのに、結果的にマイナポイントによる地域経済の恩恵は偏ってはいませんか。
　村上大臣は、マイナポイントによるキャッシュレス決済があまねく地域経済に行き渡っているとお考えでしょうか。また、マイナポイントをチャージする事業者別の申込人数や付与額は、第一弾の申込人数が全体で二千五百三十四万人に対し、上位三事業者だけで一千二百八十八万人、五〇・八％、第二弾の申込人数が全体で五千二十二万人に対し、上位三事業者で二千八百六万人、五五・九％となっています。総務省に照会したところ、小売店までは把握できないと回答を得ましたが、事業者別申込人数を見ただけでも企業に偏りが生じたと考えますが、この指摘をどのように考えますか。
　政府は、二〇二〇年四月以降、新型コロナウイルス感染症緊急経済対策としての一人十万円支給の特別定額給付金から始まり、二〇二一年には半分現金、半分クーポン券といって自治体に混乱を生じさせた子育て世帯への臨時特別給付や低所得者への十万円給付、二〇二二年の低所得者への五万円給付、二〇二三年の低所得者への三万円給付、二〇二四年の定額減税のはざまの方々への給付など、毎年、自治体が本来は裁量を持っているはずである地方創生臨時交付金等から支出せよと国が一方的に決定をし、実務を自治体に担わせてきました。臨時的な各種交付金の効果検証は行っているのでしょうか。伊東地方創生大臣にお伺いします。
　あわせて、今後の行政改善につなげる行政運営改善調査のテーマにすべきと考えますが、村上大臣の答弁をお願いします。
　何の検証もせずに、膨大な予算と自治体職員の業務量をつぎ込むことはいかがなものかと考えます。政府が政策決定する際には、あらかじめ自治体の意見を聴取して決定することを徹底していただきたいと強く申し上げます。
　四月十四日の行政監視委員会質疑でも要請したところですが、就職氷河期世代への国の支援策を行政運営改善調査のテーマに選定していただきたいです。六月九日の参議院決算委員会においても、国会法第百五条の規定に基づき、就職氷河期世代支援施策の実施状況等について会計検査院へ要請はしていますが、総務省による評価としても実施すべきと考えます。
　就職氷河期世代への支援は与野党問わず重要と捉えています。行政監視委員会でも前向きな答弁をいただいているところではありますが、この場においても村上大臣の力強い御答弁をお願いします。
　今年は、関東大震災から百二年、阪神・淡路大震災から三十年、東日本大震災から十四年となります。震災により犠牲となられた全ての方々の御冥福をお祈りします。
　総務省は、昨年八月に、地域における住民の防災意識の向上（災害教訓の伝承）の調査結果を公表しました。防災の基本は、災害に備え、日頃からできる対策を講じることであり、災害発生時に御自身で安全を確保し、被害を最小限に抑えることが重要です。国や地方自治体といった行政も対策は必要ではあるものの、やはり重要なことは住民の主体的な避難行動や備えです。命を守るには住民一人一人の行動が必要で、災害教訓への伝承は欠かせません。
　今回の結果に、住民による災害教訓の伝承活動を取りやめる地区が増えている市町村がある、どのように支援を行えばよいか分からないとする市町村があるといったことが指摘されています。坂井防災担当大臣は、指摘を踏まえ、災害教訓の伝承に向けて具体的にどのように取り組むのか、お伺いします。また、災害教訓の伝承の取組についても、政策評価や行政事業レビュー等でのモニタリングの対象に組み込んでいただきたいと考えますが、いかがでしょうか。
　科学が発展した現在も、いつどこで災害が起こるか分かりません。日本は地震列島とも言われています。首都直下型地震や南海トラフ巨大地震は、広範囲に甚大な被害を受けることも予想されています。
　先日、政府は、南海トラフ巨大地震について、今後十年間の減災目標として、死者数をおおむね八割、全壊、焼失する建物をおおむね五割、それぞれ減らすと方針を固めたと報道されました。しかし、個人の建物等への対策は進んでいないのが実情です。巨大地震に備え、災害後の対策だけではなく、個人等への防災・減災対策に本気で取り組むことが必要です。減災目標に向け具体に何をするのかも含め、坂井大臣にお伺いします。
　石破政権が看板政策に位置付ける地方創生の推進に向けた地方創生二・〇に居住地以外で継続的に関わる自治体を登録するふるさと住民登録制度を創設すると発表されました。これはどのような制度なのか、村上総務大臣に伺います。
　また、地方創生という意味だけではなく、首都直下型地震などを勘案すると、東京の過密状態を緩和することが重要ではないでしょうか。そういった意味からも、地方滞在でテレワークをするなど、防災の観点からも過密緩和が重要と考えますが、坂井防災大臣の見解をお伺いします。
　結びに、行政の不適切な活動を国会でただすには与野党の別はありません、関係ありません。国民にとってより良い行政とするために改善していく努力を重ねていくことは重要です。引き続きたゆまぬ努力を行い、行政監視機能を強化していく決意であることを述べ、質疑を終わります。
　御清聴ありがとうございました。（拍手）
　　　〔国務大臣村上誠一郎君登壇、拍手〕"			121715254X02820250618_008
121715254X02820250618_009	村上誠一郎	自由民主党・無所属の会	総務大臣	"○国務大臣（村上誠一郎君）　岸議員からの御質問にお答えいたします。
　まず、政策評価の目的や意義について御質問がございました。
　政策評価は、各府省が自らの政策について評価し、政策の改善に生かす取組であります。これにより、効率的で質の高い行政や成果重視の行政を実現するとともに、国民に対する説明責任を果たしていくことを目的としております。
　次に、政策評価を政策の改善につなげるための取組や説明責任を果たす政策評価の推進について御質問がございました。
　政策評価を形骸化させず、政策の改善につなげ、国民への説明責任を果たすことは大変重要であります。令和五年三月には、政策評価の機能が最大限活用されることを目指し、政策の特性に応じた評価が可能になるよう制度の運用を見直しました。さらに、政策評価の質を高めるために、政策効果の把握、分析などに関する知見をガイドラインに整理し、各府省に提供しております。
　引き続き、各府省において政策改善の取組が進み、国民への説明責任が果たされるよう後押ししてまいります。
　次に、情報公開の徹底について御質問がございました。
　情報公開法は、政府の有するその諸活動を国民に説明する責務が全うされるようにするとともに、国民の的確な理解と批判の下にある公正で民主的な行政の推進に資することを目的としております。総務省としましても、各府省においてこの目的に沿った適正な運用が確保されるよう引き続き取り組んでまいります。
　次に、新型コロナウイルス感染症対策に関する行政運営改善調査の実施について御質問がございました。
　行政運営改善調査のテーマは、国民生活や社会経済への影響が大きいなど改善の必要性が高いと考えられるものを中心に、有識者の意見もお伺いしながら選定しております。
　新型コロナウイルス感染症対策につきましては、内閣感染症危機管理統括庁を中心に、政府行動計画に基づく取組等のフォローアップが行われると承知しております。総務省としましては、フォローアップの状況を注視した上で、必要に応じて行政運営改善調査の実施について検討してまいります。
　次に、マイナポイントの事業の検証及び行政運営改善の調査の実施について御質問がございました。
　マイナポイント事業は、マイナンバーカードの普及やキャッシュレス決済の利用拡大を図り、消費を喚起するとともに、健康保険証としての利用や、公金受取口座の登録も促進することで、デジタル社会の実現を図ることを目的に実施された事業であります。
　事業の推進に当たりましては、自治体の事務負担にも考慮し、必要なマニュアル等をお示しするとともに、国、自治体が連携して国民に丁寧に周知広報を行うよう努めてきたところであります。
　本事業を通じて、マイナンバーカードの早期普及やカードの利用環境の整備など、デジタル社会の実現に大きく貢献したと考えております。このために、現時点におきましては行政運営改善調査を実施することは考えておりません。
　次に、マイナポイントによるキャッシュレス決済が地域社会に行き渡っているか、また、企業に偏りが生じていないかとの御質問がございました。
　マイナポイント事業では、全国展開のスーパーやコンビニに加え、全国の地域密着型スーパー等で御利用いただけるキャッシュレス決済サービスなどにも参画していただき、多数の事業者の中から選択いただけるよう取り組んできたところであります。申込人数の多寡はあったものの、全国津々浦々の幅広いサービスが選択されたことにより、地域経済におけるキャッシュレス決済の利用促進につながったものと考えております。
　次に、臨時的な各種交付金と、就職氷河期世代の支援施策に関する行政運営改善調査の実施についての御質問がございました。
　行政運営改善調査のテーマは、国民生活や社会経済への影響が大きいなど、改善の必要性が高いと考えられるものを中心に、有識者の意見を伺いながら選定しております。
　岸議員の御指摘の各種交付金につきましては、所管する府省において執行状況の把握等を行っているものと承知しております。
　また、就職氷河期世代支援施策については、今後、実態やニーズに関する調査を行い、本年度内に、目途に新たな支援プログラムが取りまとめられるものと承知しております。総務省としましては、これらの状況を注視した上で、必要に応じて行政運営改善調査の実施について検討してまいります。
　最後に、ふるさと住民登録制度について御質問がございました。
　本制度は、特定の地域に継続的に関わる関係人口を可視化し、地域の担い手確保や地域経済の活性化等につなげる取組であります。地方創生二・〇の実現に向け、重要な意義を持つものと認識しております。多くの国民や自治体の参画、参加していただけるよう、誰もがスマホアプリで簡単に登録でき、既存の様々な自治体の取組を緩やかに包含できる柔軟かつ間口の広い仕組みを構築すべく検討を進めております。
　ふるさと住民登録制度を通じ、地域への関心を高めていただくとともに、様々な地域の情報に触れる中で、実際に訪問し地域の方と交流するなど、関係を深めていただきたいと考えております。
　関係者の御意見も伺いつつ、民間サービスとの連携を含め、国民がメリットを感じられる制度となるように取り組んでまいりたいと考えております。
　以上であります。（拍手）
　　　〔国務大臣伊東良孝君登壇、拍手〕"		121715254X02820250618_010	121715254X02820250618_009
121715254X02820250618_010	伊東良孝	自由民主党・無所属の会	内閣府特命担当大臣（沖縄及び北方対策・消費者及び食品安全・地方創生・アイヌ施策）	"○国務大臣（伊東良孝君）　おはようございます。
　岸真紀子議員にお答えいたします。
　一点目、公文書管理の徹底と災害時の状況等の多様な映像記録の保存等についてのお尋ねがありました。
　公文書管理は、現在及び将来の国民への説明責任を全うするため、極めて重要な制度であると認識をいたしております。引き続き、適正な公文書管理が図られるよう取り組んでまいりたいと思います。
　また、災害等の記録の保存等につきましては、行政文書の管理に関するガイドライン、これにおきまして、多くの国民の関心事項となる自然災害等の重大な出来事に関する情報が記録された文書は保存期間満了後に国立公文書館に移管することを明記しており、映像資料につきましても、例えば東日本大震災に関する資料等を国立公文書館において保存をいたしております。
　こうした災害に関する文書等につきましては、関係機関と連携、協力をしながら、引き続き適切な保存、利用に努めてまいります。
　二点目の御質問でありますが、臨時的な給付の効果検証についてお尋ねがありました。
　議員御指摘の給付金につきましては、私の所管外のものも含まれておりますが、各給付金の効果検証につきましては、所管する府省庁において適切に対処されているものと承知しております。
　私が所管している重点支援地方交付金による給付につきましては、令和五年三月以降に措置してきたものでありますが、地域の実情に応じてきめ細やかに支援していただくものであります。
　重点支援地方交付金による給付につきましては、各自治体における執行状況やあるいは効果を把握することとしており、現在、令和五年度に実施をいたしました給付につきまして、できるだけ早く公表できるよう作業を進めているところであります。
　以上であります。（拍手）
　　　〔国務大臣坂井学君登壇、拍手〕"	121715254X02820250618_009	121715254X02820250618_011	121715254X02820250618_009
121715254X02820250618_011	坂井学	自由民主党・無所属の会	国家公安委員会委員長・内閣府特命担当大臣（防災・海洋政策）	"○国務大臣（坂井学君）　御質問にお答えいたします。
　まず、総務省の調査結果を受けた災害教訓伝承の取組についてお尋ねがありました。
　住民による災害教訓の伝承活動は、将来の災害被害の軽減のために極めて重要です。内閣府におきましては、内閣府のウェブサイト「防災推進国民大会（通称ぼうさいこくたい）」、広報誌「ぼうさい」等で災害教訓に関する情報発信を行っているところです。また、昨年度、新たに国土交通省と連携し、災害の教訓を伝承する活動などをＮＩＰＰＯＮ防災資産として認定する制度を創設するなど、災害教訓の伝承活動が普及していくための後押しをしています。
　今後、そのような取組についてもフォローアップを行い、各地域における過去の災害の記憶を継承する活動を促進することにより、住民の防災意識の向上に努めてまいります。
　南海トラフ地震に備えた個人の建物等への防災・減災対策についてお尋ねがありました。
　南海トラフ地震においては、建物の耐震化や津波からの早期避難などにより被害を大幅に軽減することが可能であると見込まれており、このような個人の防災・減災対策を推進することは重要と考えております。そのため、耐震改修の負担軽減等の施策による個人の住宅の耐震化の促進などの取組を推進しているところです。
　政府においては、現在、南海トラフ地震に係る地震防災対策の推進に関する特別措置法に基づく南海トラフ地震防災対策推進基本計画の見直しの作業を進めているところであり、この中においても、住宅の耐震化を始めとする個人の防災・減災対策の推進について検討を進めてまいります。
　首都直下地震などの防災の観点からの過密緩和についてお尋ねがありました。
　議員御指摘のとおり、人口や首都中枢機能が集積する東京圏において首都直下地震が発生した場合、膨大な人的、物的被害の発生が見込まれるところです。首都直下地震対策については、現在、有識者によるワーキンググループにおいて見直しを進めているところであります。委員からは、被災規模を軽減するため、二地域居住や地方滞在でのテレワークの推進が必要、企業の本社系機能の分散が必要といった指摘がされているところです。
　こうした有識者の御意見もいただきながら、首都直下地震対策の見直しを進めてまいります。（拍手）
　　　　─────────────"	121715254X02820250618_010	121715254X02820250618_013	121715254X02820250618_009
121715254X02820250618_013	里見隆治	公明党		"○里見隆治君　公明党の里見隆治です。
　会派を代表して、ただいま議題となりました総務大臣の報告について質問いたします。
　政策評価の推進の取組や行政運営改善調査の対象の選定について、総務大臣にお伺いいたします。
　総務省が昨年三月に策定した効果的な政策立案・改善に向けた政策評価のガイドラインを各省庁に示し、その活用を促していることは大いに評価できます。このガイドラインを今後も随時改定し、各省庁の政策改善を図っていただきたい。
　また、総務省が各省庁を対象に行う行政運営改善調査において、どのテーマを対象、重点とするかは大変重要です。例えば、今月関係閣僚会議まで設置をした米の安定供給に関しては、農林水産省に対して米の流通について行政監察結果に基づき勧告を行ったのは、過去四十年間で昭和六十二年、平成十年の二回にとどまります。重要な分野については、いざというときのために、各省庁、そして総務省が常に目を光らせなければなりません。
　米の安定供給の分野においてこれまで行政運営改善調査がどのような役割を果たしてきたのか、また、今後、行政運営改善調査の対象の選定について不断に改善を重ねるべきと考えますが、総務大臣の御所見を伺います。
　先般、行政監視委員会で視察をしました関東管区行政評価局と地元中部管区行政評価局で感銘を受けた事例の一つは、昨年の能登半島地震発災後に避難所、自治体窓口への訪問、相談所の開設などで大変御苦労いただいたということであります。管区行政評価局の職員のみならず、日常的にも相談者に寄り添って活動されている全国の行政相談委員の皆様に心より感謝申し上げます。
　平時からの縦割りではない相談機能や地方自治体との連携機能を生かして、今後も、大災害発災時に適時に行政相談に積極的に対応できるよう、管区を越えた応援体制を含め、体制整備をお願いしたいと考えますが、総務大臣の御所見をお伺いいたします。
　平成三十年に参議院改革協議会で、参議院ホームページ上に苦情窓口を開設し、国民から寄せられる苦情も調査の端緒として活用するとされ、平成三十一年より行政に対する苦情窓口が設置、運営されています。
　本年四月までの一年間で受理した苦情は二百六十一件。種類は様々ですが、特徴として一つ気付きましたのは、在留外国人が日本人と比べて行政面で厳しく扱われているという苦情、一方で、その逆に優遇されているという苦情、両者が併存しておりました。
　外国人固有の事情は考慮した上で日本人との公平性に十分配慮しなければ、日本人とそして外国人との共生社会は成り立ち得ません。
　先般、行政監視委員会でも総務大臣に質問しましたが、外国人労働者が在留期間を終えて帰国した際に、翌年納付すべき住民税が未納となるケースが多発していると聞いています。これでは不公平感を助長することになりかねません。総務省ではその実態を把握できていないとのことでしたが、実態解明の上、早急に対応策を講じるべきと考えます。総務大臣の御所見をお伺いします。
　最後に、社会課題解決のための、行政中心の取組だけではない、協同組合も担い手に含めた共助社会づくりの推進について三原大臣にお伺いをいたします。
　去る五月二十八日、本院で可決されました国際協同組合年に当たり協同組合の振興を図る決議において政府が尊重するとされた協同組合の実践原則であります地域社会への貢献、これにつきましては、四年前に法制化された労働者協同組合法には明記をされたものの、それ以前の協同組合には法律上明記がなされておりません。
　したがって、地域によっては、行政当局から組合員同士の共助以外の公益的活動が認められないことがあるというふうに伺っております。今後は、決議を踏まえて、各協同組合が組合間の協同や地域社会への貢献のための活動を更に拡大できるよう、各協同組合の所管大臣にお願い申し上げます。
　三原大臣におかれては、先般、本決議を受けて、社会課題の解決に向けた取組が加速するよう取り組むと御発言いただきました。今後、協同組合を自治会など地縁組織やＮＰＯなどと同様に共助社会づくりの担い手としてより積極的に位置付け、共助社会づくりの推進に当たっていただきたいと考えます。三原大臣の御所見をお伺いしまして、私の質問を終わります。
　御清聴ありがとうございました。（拍手）
　　　〔国務大臣村上誠一郎君登壇、拍手〕"	121715254X02820250618_011	121715254X02820250618_014	121715254X02820250618_009
121715254X02820250618_014	村上誠一郎	自由民主党・無所属の会	総務大臣	"○国務大臣（村上誠一郎君）　里見議員からの御質問にお答えいたします。
　まず、各府省の政策改善の支援と米の安定供給に関する勧告が果たした役割、行政運営改善調査の調査対象の選定について御質問がございました。
　総務省は、政策評価の推進のため、政策効果の把握、分析などに関する知見をガイドラインに整理し、各府省に提供しております。各府省の取組状況や課題に応じてガイドラインの随時改定するとともに、伴走型で支援することで、各府省の政策改善の取組を後押ししてまいります。
　また、議員御指摘の過去の調査では、当時の米の流通規制の課題を整理し、改善方策を提示することで、関係府省における見直しにつながったものと考えております。
　今後とも、社会経済の状況変化を注視しつつ、有識者の意見もお伺いしながら、適時に行政運営改善調査を実施するよう努めてまいります。
　次に、大規模災害発生時の行政の相談の応援体制の整備について御質問がございました。
　昨年の能登半島地震では、全国の管区行政評価局から職員を派遣し、現地の行政相談委員とともに被災者の支援に当たりました。
　今後とも、大規模災害発生時に被災者支援に万全を期するよう、自治体と連携を強化するとともに、他の管区からの職員の派遣を含め、体制整備を進めてまいります。
　最後に、出国した外国人の方々の個人住民税の徴収についての御質問がございました。
　外国人の方の中には、地方税制度を含め、日本の社会制度に対する理解が十分でないため、意図せず公的義務を履行できていない方も存在していると考えております。そうした外国人の方に地方税制度を十分に理解していただくことが重要と認識しております。
　そのため、引き続き外国人の方に対する制度の周知に努めるとともに、現在、自治体の実情を把握を進めております。その上で、御指摘を踏まえ、必要に応じて、どのような対応策があり得るのか、徴収実務を担う自治体の意見も聞きながら検討する必要があると考えております。
　以上であります。（拍手）
　　　〔国務大臣三原じゅん子君登壇、拍手〕"	121715254X02820250618_013	121715254X02820250618_015	121715254X02820250618_009
121715254X02820250618_015	三原じゅん子	自由民主党	内閣府特命担当大臣（こども政策・少子化対策・若者活躍・男女共同参画・共生・共助）	"○国務大臣（三原じゅん子君）　協同組合を担い手に含めた共助社会づくりの推進についてお尋ねがありました。
　協同組合は、農業協同組合、消費生活協同組合、労働者協同組合、信用金庫、信用組合など様々存在することから、議員御指摘のとおり、各省庁が所管する個別の法律に基づき、それぞれの抱える課題にきめ細やかに対応しているものと承知をしております。
　一方で、協同組合は、持続可能な開発目標と社会・経済開発全体に対し貢献されており、ＮＰＯなどと並ぶ非営利セクターの一つとして、様々な分野の社会課題等の解決に対応する、共助社会構築の重要な担い手であると認識をしております。その上で、協同組合の国際標準の原則にある協同組合の地域貢献を目的とした活動を尊重していくことは、多様な主体の連携の促進につながり、共助社会づくりに資するものと考えます。
　今後、更に社会課題の解決に向けた取組が加速するよう、国際協同組合年に当たり協同組合の振興を図る決議の趣旨を受け止め、関係大臣とともに取り組んでまいります。（拍手）
　　　　─────────────"	121715254X02820250618_014	121715254X02820250618_017	121715254X02820250618_009
121715254X02820250618_017	石井苗子	日本維新の会		"○石井苗子君　日本維新の会の石井苗子です。
　ただいま議題となりました報告について質問いたします。
　先月、五月十九日の参議院予算委員会で、総理は、日本の財政状況はギリシャよりも良くないと述べました。財務大臣も、衆議院財務金融委員会で総理と同じ認識である旨を述べていらっしゃいます。どのようなエビデンスを根拠に、何を主張されたかったのか、改めて真意をお伺いいたします。
　我が国の国債は、発行残高のおよそ半分、五百七十五・九兆円もの日銀による買入れによって支えられてきました。しかし、今年五月には日銀の国債買入れ減額によって超長期債が入札不調に陥るという、先行きが不透明になってきています。日本の財政が長く厳しい状況にある中で、政策評価は単なる行政手続の一つではなく、財政再建に向けて積極的な役割を果たす方法だと考えますが、財務大臣はこれまで政策評価制度がその役割を十分に果たしてきたとお考えか、所見を伺います。
　今から二十四年前に成立した行政機関が行う政策の評価に関する法律の目的は二つで、一つは効果的かつ効率的な政策の実施を推進すること、もう一つは政策の重要性や必要性を行政機関が国民に説明する責任を果たすこと。この目的を達成するためには、各行政機関は政策評価制度の下で政策の効果について自ら測定、分析、評価を行うことになり、二〇一七年からはＥＢＰＭ、日本語で言う根拠に基づく政策立案の推進が毎年骨太の方針に盛り込まれています。しかし、現状を見ると、客観的かつ厳格な政策評価が実現しているか疑問であると言わざるを得ません。
　先日の行政監視委員会で、ある有識者の方から、今のＥＢＰＭの実態はＰＢＥＭ、ポリシー・ベースド・エビデンス・メーキング、つまり、まず政策ありきで、後からエビデンスをつくる流れになっているという指摘がありました。総務大臣はこの指摘をどのように受け止めますか。
　また、政策評価を各府省庁の自己評価に委ねれば、お手盛り評価に傾くのは当然であり、適切な評価には外部の厳しい視点が必要とされます。
　政策評価制度の中で、複数の省庁にまたがる政策評価は、自己評価ではなく総務省が直接評価を実施しています。ところが、昨年度に新しく公表されたものはゼロ件です。各府省庁が自ら行った政策評価は二千四百九件もあるのに、なぜゼロ件なんでしょうか。実施件数を増やす考えはないのか、総務大臣の見解を伺います。
　我が党は、ＥＢＰＭに基づく徹底した行財政改革の必要性を常々申し上げてきておりますが、中には評価の進め方について疑問に思う事例も存在します。
　燃料油価格激変緩和対策事業、いわゆるガソリン補助金の政策評価に当たり、経産省はＥＢＰＭに基づいた政策評価を実施するため、行政事業レビューシート上で、事業の達成度を測るために政策成果指標を当初決めまして、制度発動期間中にガソリンの全国平均価格が予測価格よりも低くなる週の割合を一〇〇％にすると設定しました。
　しかし、会計検査院から、予測価格よりも低くなるのは制度設計上当たり前であって、成果を測る指標として不適切であるという指摘を受け、経産省は、レギュラーガソリンの全国平均価格と目標価格の差が前の週と比べて広がらなかった週の数に変更しました。その後、経産省はさらに、レギュラーガソリンの全国平均小売価格が想定価格水準に抑えられていることに変更しました。
　指標を見直し、より実効性のあるものに変更することは重要なのですが、会計検査院が指摘するとおり、ガソリンの全国平均価格が予測価格よりも低くなる週の割合が一〇〇％と、この目標設定が一度通ってしまったことは、ＥＢＰＭの観点からは問題だと言わざるを得ません。なぜ当初このような目標設定がなされたのか、今後、会計検査院から同様の指摘を受けないような対策をなされたのかを経産大臣に伺います。
　そもそも我が党は、ガソリン価格を根本的に引き下げるために当分の間税率を廃止すべきと考えており、先日、野党七党で法案を提出しました。これは、二〇二二年の参議院選挙からマニフェストに掲げてきた我が党の重要政策の一つでもあります。
　一方、政府は、さきの衆議院選挙で少数与党となるまでこの声に耳を傾けることはせず、コロナ禍で常態化した巨額の補正予算を活用し、莫大な予算を基金に積み上げ、いわゆるガソリン補助金として使用してきました。会計検査院からは、トータルで見ると補助金の交付額をガソリン価格の抑制額が下回っている、つまり効果が小さくなっているという指摘を受けています。
　経産大臣は、ガソリン価格の高騰対策を減税ではなく補助金で実施した妥当性はどこにあるとお考えですか。また、ガソリン価格の高騰が政策課題となってから、当分の間税率の廃止を含めて補助金以外の手段を検討されたかどうか伺います。ＰＤＣＡサイクルの確立を目指す観点から、様々な政策手段を比較検討する必要があることを踏まえてお答えください。
　ＥＢＰＭにとって欠けてはならない要素は透明性です。たとえデータに基づく合理的な政策立案であっても、政府の外部から確認ができなければ不十分と言わざるを得ません。その点で今ＥＢＰＭから最も遠い政策は租税特別措置、いわゆる租特であります。
　例えば、補助金であれば、受け取った企業の名称は公開され、国民の厳しい視線にさらされることになりますが、法人税関係の租特においては、企業コードという毎年ランダムに変わる記号、コードしか分からず、どの企業がどれだけ租特を適用されたか、政府の外側からは実態が全くつかめません。
　国民の期待に反してなかなか動かない企業・団体献金の廃止に向けた議論の中でも、我々は租特の不透明性こそが企業・団体献金に対する見返りの温床となっているのではないかと指摘してまいりました。財務大臣は、租特の透明化の必要性についてどのようにお考えでしょうか。今の公開の在り方でも、国民の要求に十分応えていると思われますでしょうか。
　そもそも租税特別措置は税負担のゆがみを生じさせ、簡素、公平という税の基本原則にも反するものです。そうであればこそ、本来は毎年ゼロベースで検討し直すほどの厳格さが必要と思われます。
　しかし、令和六年度の総務省における政策評価の点検では、租税特別措置について、過去及び将来の適用数がごく僅かであることを踏まえた分析がなされていない、過去及び将来の効果も定量的に示されておらず、租税特別措置等が達成目標の実現にどの程度寄与するのかも明らかになっていない、達成目標に他の要因の影響を受けやすいなど適切に設定されておらず、また将来の効果も予測されていないなど、まさしくさんざんな書きぶりです。
　この見解を踏まえて、今の租特の必要性と有効性の評価の在り方は適切か、また国民の要求に見合う厳格さを保てているかということについてどのようにお考えか、財務大臣の見識を伺います。
　先日、我々は、立憲民主党と共同で租特透明化法の改正案を提出いたしました。この法案は、租特の適用額が上位の企業名を公開し、また七つの具体的基準を定め、租特の存続、廃止を厳格にチェックするものです。我々は本法案の一里塚として、租特に更なる抜本的改革を目指してまいります。
　財務大臣に伺います。ＥＢＰＭどころか、恣意性の塊と言わざるを得ない租特、特別措置法は一度廃止し、ゼロベースに検討し直すべきではありませんか。
　ここまでるる申し上げましたが、日本維新の会は、効率的な、そして透明な政治を実現するために、政策立案過程におけるＥＢＰＭの実施を徹底し、行政外部からの評価と関与を一層拡充させるということをお約束し、今後の政策に生かしていくことを申し上げ、質問を終わります。
　ありがとうございました。（拍手）
　　　〔国務大臣村上誠一郎君登壇、拍手〕"	121715254X02820250618_015	121715254X02820250618_018	121715254X02820250618_009
121715254X02820250618_018	村上誠一郎	自由民主党・無所属の会	総務大臣	"○国務大臣（村上誠一郎君）　石井議員からの御質問にお答えいたします。
　まず、ＥＢＰＭについて、政策ありきで後からエビデンスをつくっているという御指摘について御質問がございました。
　社会経済の変化に対応し、限られた資源から高い政策効果を生み出すためには、客観的なデータや分析に基づいて政策の立案や改善を行うことが重要であります。このことから、政府全体でエビデンスに基づいた政策を進めるＥＢＰＭの強化を図っております。
　総務省としましては、政策評価を推進する一環として、各府省等々に共同で政策の効果の分析を行うとともに、それらの知見を整理したガイドラインを各府省に提供しております。これらの取組を通じて、引き続き、各府省においてエビデンスに基づいた政策の立案や改善が行われるよう取り組んでまいります。
　次に、複数府省にまたがる政策の評価の実施件数について御質問がございました。
　各府省が行う政策評価は、適時に自らの政策の効果を把握し、政策の企画立案に反映するために行うものであります。これに対して、総務省が行う複数府省にまたがる政策の評価は、政府全体としての統一性の確保や政策の総合的推進を図る必要がある場合に実施するものであります。そのため、両者の実施件数は単純には比較できないものと考えております。
　総務省としましては、引き続き、関係府省の施策の実施状況を注視しつつ、総合性や統一性の確保の観点から必要と考える場合に政策評価を実施してまいります。
　以上であります。（拍手）
　　　〔国務大臣加藤勝信君登壇、拍手〕"	121715254X02820250618_017	121715254X02820250618_019	121715254X02820250618_009
121715254X02820250618_019	加藤勝信	自由民主党・無所属の会	財務大臣・内閣府特命担当大臣（金融）	"○国務大臣（加藤勝信君）　石井議員より、日本の財政状況と政策評価制度の役割についてお尋ねがありました。
　お尋ねの五月十九日の石破総理の発言は、日本の財政状況について議論をする中で、例えば債務残高対ＧＤＰ比がギリシャを含めた他国と比べ高い水準にあることを念頭に置いて、日本の財政状況が厳しい状況にあることについて言及したものであると承知をしております。私も、財務金融委員会において、石破総理と同様の認識を有している旨を説明をさせていただいたところであります。
　また、政策評価制度については、毎年度の予算編成において、ＰＤＣＡサイクルの取組を進める観点から、これまでも、各行政機関が行った政策評価の結果も踏まえて、個々の事業が効率的、効果的なものとなるよう必要な予算の見直しを進めてきたところであり、こうした取組は財政健全化の検討に資するものと考えております。
　次に、租税特別措置の透明性についてお尋ねがありました。
　租税特別措置は、特定の政策目的を実現するために有効な政策手段となり得る一方で、税負担のゆがみを生じさせる例外的な措置であることを踏まえれば、透明性を確保しながら不断に措置の必要性について検証していくことが重要であると考えております。その上で、仮に租税特別措置の個別企業の適用状況を制限なく開示するとすれば、企業がどういった分野でどの程度の規模の設備投資を行っているかといった経営戦略上の情報が明らかになる可能性がある点に留意が必要であります。
　こうした情報を国が一方的に明らかにすれば、当該企業に競争上の不利益が及びかねないため、開示することにはそうしたデメリットを上回る公益上の必要性が認められるか検討する必要があります。その際、近年、租税特別措置の適用額が大きく増加している状況も踏まえつつ考えていく必要があると考えております。
　次に、租税特別措置の見直しについてお尋ねがありました。
　租税特別措置については、毎年度の税制改正プロセスにおいて、租特透明化法に基づく適用実態、ＥＢＰＭの実施による政策効果の検証や総務省の政策評価の点検結果などを総合的に踏まえた上で、措置の必要性についての検討を行っております。
　こうした検討の結果、例えば令和七年度税制改正においては、令和六年度末に適用期限が到来するなどの理由で見直しの対象となった二十九の法人税関係の租税特別措置のうち、二十三について廃止又は縮減を含む見直しを行ったところであります。
　今後とも、措置の必要性や政策効果を見極めつつ、不断の見直しを行っていくことが必要と考えております。（拍手）
　　　〔国務大臣武藤容治君登壇、拍手〕"	121715254X02820250618_018	121715254X02820250618_020	121715254X02820250618_009
121715254X02820250618_020	武藤容治	自由民主党・無所属の会	経済産業大臣・内閣府特命担当大臣（原子力損害賠償・廃炉等支援機構）	"○国務大臣（武藤容治君）　石井苗子議員の御質問にお答えをさせていただきます。
　燃料油価格激変緩和対策事業の政策評価についてお尋ねをいただきました。
　本事業により、卸価格は補助金分だけ確実に引き下げることができる一方で、小売価格は自由競争の中で決定されるものであるため、補助金分が小売価格にどこまで反映されるか、制度開始当初は不確実な面が大きいと考えておりました。
　このため、制度開始当初は、小売価格を低減させるため、ガソリンの全国平均価格が予測価格よりも低くなる週の割合が一〇〇％という目標を設定しておりました。しかし、制度を実施していく中で、小売価格の低減が確認されたことや会計検査院の御指摘を受けたことを踏まえ、目標を修正するとともに、現在では、目標設定の妥当性について外部有識者の意見をいただく形に見直しておるところであります。
　次に、ガソリン価格の高騰対策についてお尋ねがありました。
　当分の間税率やトリガー条項の扱いにつきましては、二〇二二年頃から政党間での協議が重ねられてきていると承知をしています。ただ、当分の間税率の廃止に当たっては、安定的な財源確保などの諸課題の解決策や具体的な実施方法について議論していく必要があると考えております。
　一方、補助事業は、灯油や重油についても支援する、また迅速かつ臨機応変に価格抑制を図る、そして補助の仕組みを調整することで流通の混乱を防ぐことができるなど、柔軟かつ、きめ細かな対応が可能と判断しており、現在のところ、補助事業でガソリン価格の抑制に取り組んできているところです。
　本年五月に開始しました定額引下げ措置も、足下の物価高の現状に一刻も早く対応する必要があることから、柔軟かつ速やかに措置を講ずることができる補助事業として実施しているところであります。
　以上です。（拍手）
　　　　─────────────"	121715254X02820250618_019		121715254X02820250618_009
121715254X02820250618_022	芳賀道也	国民民主党・新緑風会		"○芳賀道也君　国民民主党・新緑風会の芳賀道也です。
　会派を代表し、ただいま議題となりました政策評価等の実施状況に関する報告に関連して質問をいたします。
　本題に入る前に、与党から参議院選挙直前のこの時期に降って湧いた二万円給付について、財務大臣にお尋ねします。
　ガソリン税の暫定税率の廃止でも、消費税率引下げでも、高額医療費制度の見直しでも、政府は財源がない、財源がないと重ねて答弁してきました。
　今年二月三日には衆議院予算委員会で、国民民主党の浅野哲代議士の質問に対し石破総理は、我々として国民の皆様方にお返しするような財政状況かといえば全然そうではないと答弁。五月十九日の参議院予算委員会では、同じ会派の浜野議員の質問に対して、日本の財政状況について、間違いなく極めてよろしくない、ギリシャよりもよろしくない状況だと、石破総理が国際的にも問題となるような答弁をしました。さらに、六月十一日の党首討論では、税収の上振れを使って現金給付するのかという玉木代表の質問に、政府の中で検討したということはありません、国民に向けてばらまくなどというつもりはございませんと石破総理は答弁しています。
　財源がなく、政府でも検討していないのに、選挙前になって、六月十三日に自民党が国民全員に二万円を給付、交付すると公約に掲げました。石破総理は国会で度々うそを言っていたのでしょうか。政府は検討していなかったが、自民党が決めたら、選挙直前になって、できないはずの現金給付を突然できるようになるのでしょうか。石破総理は、同時に自民党総裁でもあります。めちゃくちゃではありませんか。
　ないと言っていた財源が突然現れた。政府は検討もしていないのに、与党が言ったらやるというなら、昨年十二月に自公が国民に約束したガソリン暫定税率の廃止が直ちに実施できるのではないでしょうか。約束を守れ。財務大臣に明快な、明確な答弁を求めます。
　ガソリンの高騰に関連して伺います。
　利用者の暮らしていけないという悲鳴も、それだけではありません。山形県ではガソリンの高騰が続いている中、一円でも安い安売りスタンドに車が集中、その周辺では大手系列のスタンドが次々閉鎖されているという状況が起きています。ガソリンスタンドも過当競争の状態。この結果、地域で長年ガソリンを供給してきたスタンドがなくなり、中には、市町村の中にガソリンスタンドがない地域、あっても一つしかない地域も増えています。
　経産省の調査によると、昨年三月三十一日現在、ガソリンスタンドがゼロの町村が全国に十、ガソリンスタンドが一つは九十六町村、二つしかない市町村は百二十二。いずれも車がなくては生活できない地域です。ライフラインを守るために必要なガソリンスタンドが一つの自治体に三つ以下になると注意、危険水域だと業界では言われているようですが、ガソリンスタンドが三つ以下になっている市町村は全国で幾つあるのでしょうか。経済産業大臣に伺います。
　言うまでもなく、ガソリンスタンドは、ＬＰガスも含めて、社会を支える貴重なライフラインです。災害時も地域を支えるガソリンスタンドが特に中小の市町村からなくならないように保護しなければならないと考えますが、経産省の対策について経産大臣に伺います。
　小泉新大臣が農水大臣に就任後、突如、備蓄米を安く放出するという方針に転換。それだけに終始しているように見えます。
　小泉大臣に伺いますが、米は結局足りていなかったのではないでしょうか。そのことを国もしっかりと認め、これまでの農政の誤りを認め、反省するところから始めなければならないのではないでしょうか。
　本来の目的とは全く違う用途でじゃぶじゃぶと備蓄米を放出する異常事態となったのは、明らかに国の責任です。日本の主食を守るために誇りを持って働く農家が報われない日本になっていたことが一番の問題です。農家の高齢化が進み、農村では農じまいなどということが、言葉が流行語になっています。
　小泉新大臣、日本の食を守る誇りを持って働く皆さんが報われるために、どんな政策を行っていくのでしょうか。この一番大事な点が全く見えてきません。新大臣の、日本の農家が夢と希望を持てる政策を教えてください。
　令和三年産も放出すると言われています。ほとんど全ての備蓄米を放出することになる異常事態です。その百万トンの米の備蓄を支えてきた各地の低温倉庫では不安が生じています。備蓄米の在庫がほとんどなくなったために、低温倉庫がやっていけない、低温倉庫が閉鎖されることのないように、大切な備蓄制度を守るために政府が補助を出すべきだと考えますが、農水省の御見解を御答弁ください。
　さらに、内閣府の地方創生や各省の地域活性化に関して、二〇一六年七月に総務省行政評価局による政策評価、地域活性化に関する行政評価・監視の報告書が出ており、この政策評価では人口減少や人口移動に触れています。この報告書が提出されてから九年たつ今年、山形県では人口が百万人を割ってしまいました。山形県に限らず、東北地方では全国の中でも特に人口減少が進んでいます。
　この人口減少について、中央大学の松浦司教授による論文「少子化・地方創生・ジェンダー　「高齢社会」の袋小路」、この論文では地方創生の裏で人口流出と少子化が進んでいるという指摘があります。
　村上総務大臣に伺います。
　二〇一四年以降、歴代自民党内閣では人口減少を克服することを目標の一つとした地方創生とその関連の政策が続きましたが、しかし、人口減少は止まっていません。政府による地方創生の各政策と、実際に続く人口減少は無関係でしょうか。地方創生、デジタル田園都市構想、新しい地方経済・生活環境創生と、歴代自公政権が地方創生を続けてきましたが、人口減少が止まらないことについて、地方創生の関連政策の有効性をどのようにお考えでしょうか。
　二〇一四年以降、歴代政権では、地方創生関連政策で地方圏から大都市圏への移動を止めようとしてきました。しかし、松浦教授の論文によれば、二〇一〇年から二〇二三年の間、毎年、北海道、東北、新潟県では十五歳から四十四歳までの女性の転出が転入よりも二万人ほど多い状況が続いています。
　村上総務大臣に質問します。
　地方創生では、人口が地方圏から大都市圏への移動を押しとどめることを目標の一つとしていましたが、こうして二〇一〇年代から二〇二三年まで、東北地方、北海道、プラス新潟県で十五歳から四十四歳の女性の転出の超過が毎年二万人前後となっている原因をどのように考えているのでしょうか。
　松浦教授はこの論文の中で合計特殊出生率が西高東低であることにも触れています。二〇二三年、東日本地域の多くの県で出生率が一・二五を下回ったのに対して、西日本では逆に、大阪、京都、奈良の僅か三県だけが一・二五を下回っていて、ほかは超えています。出生率の西高東低の原因について、村上総務大臣のお考えを伺います。
　西高東低といえば、医師の地域的な配置も西高東低だと指摘されています。
　厚生労働省の調査では、二〇二二年十二月三十一日現在、埼玉県が人口当たりの医師数が一番少なくて、人口十万人当たり医師百八十・二人。徳島県が一番多く、人口十万人当たり医師三百三十五・七人。その差は一・八六倍です。
　この調査によると、人口十万人当たりの医師数は、京都から西の府県が全国平均二百六十二・一人と同等か上回っているのに対して、滋賀県より東側は、東京と北陸の富山、福井、石川を除いて全国平均を下回っています。私たちの東北地方も、人口当たりの医師数が全国平均を下回る医師不足の地域です。
　厚労大臣に伺います。
　都道府県間の人口当たりの医師数の格差が継続している原因についてお答えください。あわせて、関東地方、東北地方など東日本で医師の配置が少ない問題について、その対策を教えてください。
　以上で質問を終わります。
　これからは、国民の声、特に弱い人たちの声が政策に着実に反映されることを強く願って、私、芳賀道也の……"		121715254X02820250618_025	121715254X02820250618_022
121715254X02820250618_025	村上誠一郎	自由民主党・無所属の会	総務大臣	"○国務大臣（村上誠一郎君）　芳賀議員からの御質問にお答えいたします。
　まず、人口減少に関する地方創生の関連施策の有効性について御質問がございました。
　これまでの地方創生の取組につきましては、雇用の創出や移住者数の増加など一定の成果が見られている一方、人口減少の流れを変えるまでには至りませんでした。今後につきましては、当面は人口が減少するという事態を正面から受け止めた上で、人口規模が縮小しても経済成長し、社会を機能させる適応策を講じることとされているものと承知しております。
　次に、女性の転出の超過の原因について御質問がございました。
　都市圏への転出超過の原因につきましては、若年層の進学や就職を契機とする転出などが挙げられていると承知しております。さらに、女性については、地域間、男女間の賃金格差の存在、無意識の思い込みと言われているアンコンシャスバイアスなどの指摘されているものと承知しております。
　最後に、合計特殊出生率の西高東低の原因について御質問がございました。
　都道府県別の合計特殊出生率は西高東低の傾向が見られておりますが、その背景につきましては、女性の進学率の上昇や経済活動の東京一極集中などによって、西日本よりも東日本において若年の男女人口のバランスが崩れている地域が増えたこと等が指摘されている一方であります、専門家におきましても議論されており、関係省庁において引き続き注視しているものと承知しております。
　以上であります。（拍手）
　　　〔国務大臣加藤勝信君登壇、拍手〕"	121715254X02820250618_022	121715254X02820250618_026	121715254X02820250618_022
121715254X02820250618_026	加藤勝信	自由民主党・無所属の会	財務大臣・内閣府特命担当大臣（金融）	"○国務大臣（加藤勝信君）　芳賀議員より、財源確保の考え方と給付金についてお尋ねがありました。
　御指摘のあった石破総理の国会答弁では、我が国の財政状況が厳しいこと、減税などの恒久的な施策を実施する際には安定的な財源の確保が必要であることなどを申し上げたものであると承知をしております。
　一方で、石破総理は先般、自民党総裁の立場として、本当に困っておられる方々に重点を置いた給付金という、足下の状況を踏まえて機動的に必要となる施策の実施を検討する際には、財政規律の観点から、財政を悪化させず、将来世代に負担を負わせることのないよう、決して赤字国債に依存しないようにするため、税収動向などを見極めながら適切に財源を確保すべく検討を行う旨を指示されたものと承知をしております。
　まず、この発言は、機動的な施策が必要という意味でも、財政状況に配慮しているという意味でも、御指摘のあった石破総理のこれまでの国会答弁と矛盾する内容ではないと考えております。
　いずれにしても、御指摘の給付金については、今後、与党において具体的な検討が進められると承知をしており、それを踏まえ、政府として適切に対応してまいります。
　次に、ガソリンの暫定税率についてお尋ねがありました。
　暫定税率の取扱いについては、廃止の検討に当たっては、受益者負担、原因者負担の考え方を踏まえたインフラ整備や維持管理費等の負担の在り方、国、地方を合わせ約一・五兆円の恒久的な税収減に対応するための安定的な財源の確保などの諸課題を解決していく必要があり、それらも踏まえ、与野党で議論が進められているものと承知をしております。
　特に地方との関係においては、地方団体から、唐突な廃止による混乱への懸念が示されており、代替の恒久財源を措置すべき、丁寧に議論を進めてほしいといった要請がなされております。こうした要請にどのように応えて実施していくかについて十分な検討が必要になるものと考えております。
　政府としては、今申し上げた諸課題の解決策や具体的な実施方法などについて、政党間での御議論の結果を踏まえた上で適切に対応してまいりたいと考えております。（拍手）
　　　〔国務大臣武藤容治君登壇、拍手〕"	121715254X02820250618_025		121715254X02820250618_022
121715254X02820250618_027	武藤容治	自由民主党・無所属の会	経済産業大臣・内閣府特命担当大臣（原子力損害賠償・廃炉等支援機構）	"○国務大臣（武藤容治君）　芳賀道也議員の質問にお答えをさせていただきます。
　ＳＳ過疎市町村についてお尋ねがありました。
　ガソリンスタンドが三つ以下の市町村は、令和六年三月末時点で三百七十二市町村であります。ガソリンスタンドは、国民生活や経済活動を支える重要かつ不可欠な社会インフラであります。特に災害時は最後のとりでとして地域を支える重要な存在であり、そのネットワークの維持強化を図ることは喫緊の課題であります。
　このため、経済産業省といたしましては、経営の多角化や災害対応能力の強化に向けた設備導入など、ガソリンスタンドへの支援を実施しているほか、ガソリンスタンドの数が少ない自治体が地域内の燃料供給体制を構築する事業を支援しているところであります。こうした取組を通じ、燃料の安定供給に万全を期してまいります。
　以上です。（拍手）
　　　〔国務大臣小泉進次郎君登壇、拍手〕"		121715254X02820250618_028	121715254X02820250618_027
121715254X02820250618_028	小泉進次郎	自由民主党・無所属の会	農林水産大臣	"○国務大臣（小泉進次郎君）　芳賀道也議員の御質問にお答えをいたします。
　米は足りていなかったのではないかとのお尋ねがありました。
　令和六年産米は生産量が前年よりも十八万トン多く、六年産の生産量や民間在庫の水準、これまで売り渡した備蓄米の量を踏まえれば、全体として米の供給量は足りていると考えていますが、一方で、流通関係者や消費者の不足感が払拭されていないと考えています。こうしたことから、前年の二倍となっている米の価格を引き下げるため、随意契約による売渡しを行っています。
　また、令和六年産の収穫量や作況指数が生産現場の実感と乖離があるとの声を受け止め、今般、作況指数の公表を廃止する一方で、収穫量調査の精度向上に注力することといたしました。ふるい目を変更することや、人工衛星、ＡＩなどの新技術を活用した精度向上の取組の実証など、現場に信用、信頼されるよう改善を進めてまいります。
　今後の中長期の農政につきましては、この米価高騰により日本の農業と農政に国民の皆さんの関心が高まっている中で、生産者、消費者の距離が縮まり、双方が理解と尊敬を持ち、前向きな方向性につながるよう、五年間の対策期間において、農業構造転換に向け政策を抜本強化していきます。
　次に、備蓄米の倉庫についてのお尋ねがありました。
　政府備蓄米は、不作や災害などにより米の供給が不足する場合に機動的に活用することとしており、保管期間があらかじめ定まっているものではありません。このため、政府備蓄米の保管に係る受託事業体と倉庫事業者との間の契約においては、保管期間や保管数量を約定するのではなく、保管量単価のみを定め、実際に保管した期間に応じて保管料を支払うこととしています。
　したがって、政府備蓄米を保管していない期間について倉庫事業者に保管料を支払うことにはなりませんが、今回の一連の対応については、米の生産・流通・備蓄政策全般について必要な検証をしっかり行いながら対応してまいります。（拍手）
　　　〔国務大臣福岡資麿君登壇、拍手〕"	121715254X02820250618_027		121715254X02820250618_027
121715254X02820250618_029	福岡資麿	自由民主党	厚生労働大臣	"○国務大臣（福岡資麿君）　芳賀道也議員の御質問にお答えいたします。
　医師偏在についてお尋ねがありました。
　都道府県ごとの医師偏在指標を見ますと、御指摘のように、東京都を除く関東地方や東北地方の各県の値は他の地域と比べて相対的に小さく、医師の地域偏在があると認識しています。この要因につきましては、医師の養成状況、勤務や生活の状況、地域の医療体制等の様々な要因があると考えています。
　こうした状況も踏まえまして、厚生労働省においては、昨年末に総合的な医師偏在対策パッケージを策定したところであり、経済的インセンティブや医療機関の支え合いの仕組み、医師と医療機関との全国的なマッチングへの支援等を組み合わせた総合的な対策を推進してまいります。（拍手）
　　　　─────────────"		121715254X02820250618_031	121715254X02820250618_029
121715254X02820250618_031	倉林明子	日本共産党		"○倉林明子君　日本共産党の倉林明子です。
　会派を代表して、ただいまの報告に対して質問します。
　参議院の行政監視機能の強化に向けて、昨年、ジェンダー主流化の必要性を提案しました。しかし、公表された二〇二五年ジェンダーギャップ指数は、昨年と同様、百十八位と先進国で最下位であり、世界から大きく遅れたままとなっています。
　男女雇用機会均等法は、一九七九年に採択された女性差別撤廃条約批准に向けて制定されました。女性たちは職場における女性の地位向上と差別禁止を求めましたが、労働基準法の改悪により、男性並みの働き方との平等とされ、女性の残業や夜間・休日労働を規制緩和する保護抜き平等となったのです。均等法制定から四十年、雇用におけるジェンダー平等は進んだと言えるのでしょうか。
　女性の賃金は、正規雇用でも男性の七八％、非正規雇用を含めると五六％と、いまだ大きな男女賃金格差が存在します。現在も働く女性の半数以上が非正規雇用です。とりわけ有期雇用契約は、契約の更新時期が近づくたびに雇い止めの不安に駆られ、体調を崩し、上司にも意見も言えず、ハラスメント被害の相談さえもちゅうちょするなど、労働者としての権利が奪われています。
　恒常的な業務を有期雇用とすることで、待遇を低く抑え、雇用の調整弁とする働かせ方を早急に是正すべきではありませんか。
　働く女性の半数以上が低賃金で不安定な非正規雇用で働いている実態そのものが間接差別にほかなりません。間接差別の対象範囲を拡大し、賃金を含め、あらゆる間接差別の禁止に踏み出すべきです。
　国連女性差別撤廃委員会の勧告を踏まえ、雇用の分野におけるジェンダー不平等の根底にある、女性の無償労働を前提とした男性の長時間労働といった男女の固定的役割分担に基づく企業主導の働かせ方を是正する必要があると考えますが、いかがですか。
　ハラスメントの被害もいまだ深刻です。均等法にセクハラの防止措置義務が導入されて十八年が経過します。しかし、いまだに多くの女性がセクハラ被害に苦しんでいます。救済制度も金銭解決のみ、額も低額です。被害者が求めているのは、被害の認定、謝罪、再発防止、職場で名誉を回復し、安心して働き続ける保障です。現在の防止措置義務を中心とした法整備では、被害者の声に応えられないことは明らかです。
　ハラスメントに関する国際基準であるＩＬＯ第百九十号条約の速やかな批准、ハラスメントを包括的に禁止する法整備の創設を求めます。
　以上、厚労大臣の答弁を求めます。
　日本が女性差別撤廃条約を批准して四十年。日本の女性差別、ジェンダー平等の遅れは依然として深刻です。選択議定書の批准を求める地方議会の意見書は、今年五月現在、三百七十二議会に上っています。条約を全面実施し、実効あるものにするために、調査制度と個人通報制度を定めた選択議定書を早期に批准すべきです。
　政府は一九九九年の議定書採択直後に研究会を設置したものの、あれから四半世紀、いまだに結論が出されていません。女性差別撤廃委員会から、検討に時間を掛け過ぎているとして、速やかな批准をするよう繰り返し勧告されています。
　外務大臣、一体いつまで検討を続けるのですか。批准できない理由を明確にお答えください。
　選択的夫婦別姓の国会請願が初めて提出されてから五十年、法制審の建議から約三十年、事実上たなざらしにされ続けてきました。
　初めての国会審議の中で明らかになったのは、同姓を強いる現行制度がもたらす理不尽さです。姓名は個人が生きてきた人生の象徴であり、改姓の強制は、人格権の大事な一部、アイデンティティー喪失の問題であり、積み上げたキャリアの喪失にもつながるものです。個人の尊厳と両性の本質的平等に立脚した制度とは言えない現状は早急に解消すべきです。
　女性差別撤廃委員会は、二十年以上前から四度の勧告を続けています。昨年の総括所見では、これまでの勧告に対しいかなる措置もとられていないと厳しく批判し、来年十月までに民法改正の進捗報告を求めています。これ以上の選択的夫婦別姓制度の先送りは許されません。速やかな導入を求めるものです。法務大臣の答弁を求めます。
　締約国には、条約を遵守し、勧告を実施する国際的責任があります。条約実施に向けて、総括所見を生かし、国際的な水準でジェンダー平等を大きく前進させることを強く求めます。官房長官の答弁を求めます。
　決定された骨太方針二〇二五の副題は、「「今日より明日はよくなる」と実感できる社会へ」としています。あしたの見通しどころか崩壊の危機が迫っているのが地域医療、介護の現場です。
　自民、公明、維新の会は、病床十一万床を二七年度までに削減すると合意しました。既に、病床数適正化支援事業の活用を希望する病床数は五万床を超えています。病床が減れば、地域で働く医師、看護師の体制後退も避けられません。
　コロナ禍で医療崩壊は現実のものとなりました。二年間で十一万床もの病床を削減して、どうやってパンデミックから国民の命を守れるのか。明確な答弁を求めます。
　多くの患者が必要な医療を受けられず、施設や在宅に放置され亡くなったことなどなかったかのような病床削減は、到底容認できません。コロナ禍でどれだけの人がなぜ入院できず死亡したのか、まず国として検証すべきではありませんか。
　ある日突然病院がなくなる、この警告が現実味を帯びています。急激な病院の経営悪化、閉院、倒産が相次いでいます。看護師の離職が止まらず、病棟閉鎖や、救急医療の受入れ停止や廃止などが広がっています。
　骨太方針は、ケア労働者の処遇改善について二五年度末までに検討するとしていますが、余りにも遅過ぎます。医療崩壊を止め、医療従事者の賃上げを図るため、緊急に国費を投入し、診療報酬の基本の部分を引き上げるべきではありませんか。
　介護現場も人手不足が深刻化し、介護事業所の撤退、倒産が続出、介護事業所ゼロの自治体も生まれています。介護職は一般労働者との賃金格差が拡大し、人材流出、介護基盤の崩壊が加速しています。介護関係者の私たちを見捨てないでほしいという叫びに正面から答えるべきです。
　引き下げた訪問介護の基本報酬を直ちに元に戻し、期中改定を行い、介護報酬を底上げする、介護事業所の経営支援を直ちに行うべきです。あわせて、介護の事業が消滅、消失の危機にある自治体に対し、国費で財政支援を行う仕組みが必要です。いかがですか。
　介護崩壊を止めるため、介護職の賃金を直ちに全産業並みに引き上げるべきです。
　以上、厚労大臣の答弁を求めます。
　国際労働機関であるＩＬＯは、二〇〇九年の総会で、人間らしい労働、ディーセントワークの核心はジェンダー平等であると位置付け、労働者の賃金や権利、社会保護などのあらゆる労働問題はジェンダー平等を促進する方向で解決すべきだとしています。ジェンダー平等が遅れた日本で、政府の責任で今踏み出すべきは、女性労働者が多くを占めるケア労働者の大幅な賃上げであること、その実現のために日本共産党は全力を挙げる決意を述べて、質問といたします。（拍手）
　　　〔国務大臣福岡資麿君登壇、拍手〕"	121715254X02820250618_029	121715254X02820250618_032	121715254X02820250618_029
121715254X02820250618_032	福岡資麿	自由民主党	厚生労働大臣	"○国務大臣（福岡資麿君）　倉林明子議員の御質問にお答えいたします。
　有期雇用についてお尋ねがありました。
　正社員、正職員の方とそれ以外の方との間の雇用形態間の賃金格差については、近年、縮小傾向にあるものの、依然として課題はあると認識をしております。
　その上で、合理的な理由がない有期労働契約の締結を禁止することについては、公労使の三者による議論の結果、導入すべきとの結論には至らず、現行の無期転換ルールが定められていることから、引き続き同ルールが適切に運用されるように取り組んでまいります。また、パートタイム・有期雇用労働法に基づく同一労働同一賃金の遵守の徹底を通じて、非正規雇用労働者の待遇改善を進めてまいります。
　間接差別の対象範囲の拡大についてお尋ねがありました。
　男女雇用機会均等法では、性別以外の事由を要件とする措置のうち、厚生労働省令で定めるものであって、一方の性の労働者に相当程度の不利益を与えるものを合理的な理由がないときに講ずることを間接差別として禁止しています。間接差別は、性別要件のような直接差別とは異なり、どのような要件でも間接差別に該当し得る広がりのある概念であるため、行政指導等を行う上では対象となる間接差別の範囲を明確化する必要があることから、このように省令に列挙しています。
　更なる対象の追加については、間接差別として違法となる範囲についての社会的合意の形成状況等も踏まえつつ、必要に応じて検討してまいります。
　男女の固定的な差別役割分担意識に基づく働き方についてお尋ねがありました。
　我が国には、依然として、男性が仕事をしつつ家事、育児に取り組むことが当然とは受け止められにくい職場風土があり、その是正に向けては、固定的な性別役割分担意識を解消しつつ、男女とも希望に応じて仕事と家事や育児等を両立できるようにしていくことが重要です。
　このため、男女雇用機会均等法の遵守徹底や女性活躍推進法による取組を推進するとともに、育児・介護休業法等において、男女共に希望に応じて仕事と育児、介護を両立できる職場環境の整備に取り組んできました。また、今国会においては、更なる女性活躍の推進に向け、女性活躍推進法が改正されました。
　引き続き、男女共に希望に応じて仕事と家庭生活を両立し、その個性や能力を生かして活躍できる社会の実現に向けて取組を進めてまいります。
　ＩＬＯ第百九十号条約の批准等についてお尋ねがありました。
　職場におけるハラスメントに関しては、これまで、労働者を保護する観点から、その未然防止のための措置を講ずることを事業主の義務として男女雇用機会均等法等の複数の法律に規定してきました。こうした中で、ハラスメント自体を包括的な規定で禁止することについては、現行の法体系との整合性などについて課題があると考えています。
　今国会で成立した改正労働施策総合推進法等では職場におけるハラスメント対策の更なる強化を図ることとしており、御指摘のＩＬＯ第百九十号条約の締結に向けた環境整備にも資するものと考えています。同条約の締結に関しては、引き続き、国内法制との整合性を確保する観点から、関係省庁と連携して検討を進めてまいります。
　病床削減と新型コロナの検証についてお尋ねがありました。
　医療提供体制については、質の高い効率的な体制を確保するため、地域医療構想による医療機関の役割分担、連携や、患者数の減少等を踏まえた病床数の適正化等を進めています。
　今後の病床の適正化に当たっては、自由民主党、公明党、日本維新の会による合意を踏まえ、感染症に対応する病床等の医療体制への影響や医療機関の意向等にも留意しながら、地域の実情を踏まえた調査等を進めてまいります。
　また、新興感染症の発生に備えた体制については、在宅で亡くなる事例を含め有識者会議で新型コロナの検証が行われたところであり、これも踏まえ、令和四年に感染症法を改正した上で体制整備を進めており、引き続き、平時から都道府県と医療機関で協定を締結するなど、必要な取組を進めてまいります。
　医療従事者の賃上げについてお尋ねがありました。
　医療分野における賃上げの実現は重要な課題と認識しており、これまで、令和六年度報酬改定で一定の措置を講じた上で、令和六年度補正予算においても緊急的な支援を実施したところです。
　御指摘のような全額国費による診療報酬の引上げは財源の確保などの課題があると認識しており、まずは補正予算による支援を全国へ速やかに行き届かせるよう対応するとともに、その効果や足下の情勢変化、現場の御意見も丁寧に把握した上で、経営の安定や現場で働く幅広い職種の方々の賃上げに確実につながるよう、次期報酬改定も含め必要な対応を検討してまいります。
　訪問介護事業所等や自治体への支援及び介護職の賃上げについてお尋ねがありました。
　訪問介護については、人手不足や燃料代等の高騰など厳しい状況にあり、報酬改定以降も処遇改善加算の取得要件の弾力化や、先般の補正予算等による物価高騰・賃上げに対応する支援、訪問介護事業所向けの各種支援などを講じており、政府としては、自治体への支援を含めて、こうした対応、対策を進めることで対応してまいります。
　その上で、介護分野につきましては、骨太の方針二〇二五に基づき、施策の効果を把握しつつ、他産業の賃上げの動向や昨今の物価上昇による影響等を踏まえながら、経営の安定や現場で働く幅広い職種の方々の賃上げに確実につながるよう、報酬改定や予算措置を組み合わせて必要な対応を行ってまいります。（拍手）
　　　〔国務大臣岩屋毅君登壇、拍手〕"	121715254X02820250618_031	121715254X02820250618_033	121715254X02820250618_029
121715254X02820250618_033	岩屋毅	自由民主党・無所属の会	外務大臣	"○国務大臣（岩屋毅君）　倉林明子議員にお答えいたします。
　女子差別撤廃条約選択議定書の批准についてお尋ねがありました。
　女子差別撤廃条約選択議定書で規定されている個人通報制度は、条約の実施の効果的な担保を図るとの趣旨から注目すべき制度であると考えております。一方で、一方で、同制度の受入れに当たりましては、様々な検討課題があると認識しております。
　引き続き、政府として早期締結について真剣に検討してまいります。同時に、政府として、女性差別の完全撤廃と男女共同参画社会の確立を目指した様々な取組を進めていく所存です。
　続きまして、女子差別撤廃条約選択議定書の検討状況についてのお尋ねがありました。
　同選択議定書に基づく個人通報制度の受入れに当たりましては、例えば、委員会から国内の確定判決とは異なる内容の見解や通報者に対する損害賠償や補償を要請する見解、あるいは法改正を求める見解などが出された場合に、我が国の司法制度や立法政策との関係でどのように対応すべきか、その実施体制も含めて検討すべき論点が様々あると認識しております。
　そのため、その締結の見通しについてお答えすることは困難ですが、引き続き、政府として、早期締結について真剣に検討してまいります。（拍手）
　　　〔国務大臣鈴木馨祐君登壇、拍手〕"	121715254X02820250618_032		121715254X02820250618_029
121715254X02820250618_034	鈴木馨祐	自由民主党・無所属の会	法務大臣	"○国務大臣（鈴木馨祐君）　倉林明子議員にお答えを申し上げます。
　選択的夫婦別氏制度についてお尋ねがございました。
　夫婦の氏の在り方については、現在でも国民の間に様々な御意見があり、また、今国会においても三つの法案が提出をされるなど、各党、各議員の間でも様々な考え方があるものと承知をしております。
　政府といたしましては、家族の形態や国民意識の変化、家族の一体感や子供への影響など様々な点を考慮の上、今般の衆議院法務委員会における御審議も含め、国会において建設的な議論が行われ、より幅広い国民の理解が形成されることが重要であると考えております。
　法務省といたしましては、国民の間はもちろん、国民の代表者である国会議員の間でもしっかりと御議論いただくため、引き続き、積極的に情報提供を行ってまいりたいと考えております。（拍手）
　　　〔国務大臣林芳正君登壇、拍手〕"			121715254X02820250618_034
121715254X02820250618_035	林芳正	自由民主党・無所属の会	内閣官房長官	"○国務大臣（林芳正君）　倉林明子議員にお答えをいたします。
　ジェンダー平等の前進についてお尋ねがありました。
　我が国の女子差別撤廃条約の実施状況に関して女子差別撤廃委員会から示された最終見解につきましては、その内容を関係省庁において十分検討した上で、必要に応じ適切に対応してまいります。
　また、女性活躍、男女共同参画の推進は重要な課題であると認識しておりまして、男女共同参画基本計画や、先日決定いたしました女性版骨太の方針二〇二五に基づき、政府を挙げて取組をしっかりと進めてまいります。（拍手）"			121715254X02820250618_035
121715254X02820250618_038	和田政宗	自由民主党		"○和田政宗君　ただいま議題となりました法律案につきまして、内閣委員会における審査の経過と結果を御報告申し上げます。
　本法律案は、違法オンラインギャンブル等をめぐる問題が深刻な状況にあることに鑑み、国内にある不特定の者に対し違法オンラインギャンブル等ウェブサイトを提示する行為等を禁止するとともに、ギャンブル等依存症問題に関する知識の普及に当たって違法オンラインギャンブル等を行うことが禁止されている旨の周知徹底を図るための措置が講ぜられることを明記するものであります。
　委員会におきましては、衆議院内閣委員長大岡敏孝君より趣旨説明を聴取した後、討論に入りましたところ、れいわ新選組の大島委員より反対の旨の意見が述べられました。
　次いで、採決の結果、本法律案は多数をもって原案どおり可決すべきものと決定いたしました。
　なお、本法律案に対し附帯決議を行いました。
　以上、御報告申し上げます。（拍手）
　　　　─────────────"			121715254X02820250618_038
121715254X02820250618_043	柘植芳文	自由民主党		"○柘植芳文君　ただいま議題となりました法律案につきまして、厚生労働委員会における審査の経過と結果を御報告申し上げます。
　本法律案は、最近における社会保険労務士制度を取り巻く状況の変化に鑑み、社会保険労務士の使命を明らかにする規定を設け、社会保険労務士の業務に労務監査が含まれることを明記し、社会保険労務士が裁判所にともに出頭することとされている弁護士の地位を代理人に改め、及び名称の使用制限に係る類似名称の例示として社労士等を追加しようとするものであります。
　委員会におきましては、提出者である衆議院厚生労働委員長藤丸敏君より趣旨説明を聴取した後、社会保険労務士の不正事案等への対応等について質疑を行いましたが、その詳細は会議録によって御承知願います。
　質疑を終局し、討論に入りましたところ、れいわ新選組を代表して天畠大輔委員より反対、日本共産党を代表して倉林明子委員より賛成の旨の意見がそれぞれ述べられました。
　討論を終局し、採決の結果、本法律案は多数をもって原案どおり可決すべきものと決定をいたしました。
　以上、御報告申し上げます。（拍手）
　　　　─────────────"		121715254X02820250618_046	121715254X02820250618_043
121715254X02820250618_046	関口昌一	各派に属しない議員	議長	"○議長（関口昌一君）　投票の結果を報告いたします。
　　投票総数　　　　　　　　　二百三十七　　
　　賛成　　　　　　　　　　　二百三十二　　
　　反対　　　　　　　　　　　　　　　五　　
　よって、本案は可決されました。（拍手）
　　　　─────────────
　　　〔投票者氏名は本号末尾に掲載〕
　　　　─────────────"	121715254X02820250618_043		121715254X02820250618_043
121715254X02920250620_002	関口昌一	各派に属しない議員	議長	"○議長（関口昌一君）　鈴木宗男君の議員辞職を許可することに御異議ございませんか。
　　　〔「異議なし」と呼ぶ者あり〕"			121715254X02920250620_002
121715254X02920250620_004	関口昌一	各派に属しない議員	議長	"○議長（関口昌一君）　この際、日程に追加して、
　租税特別措置法及び東日本大震災の被災者等に係る国税関係法律の臨時特例に関する法律の一部を改正する法律案について、発議者の趣旨説明を求めたいと存じますが、御異議ございませんか。
　　　〔「異議なし」と呼ぶ者あり〕"		121715254X02920250620_006	121715254X02920250620_004
121715254X02920250620_006	重徳和彦	立憲民主党・無所属		"○衆議院議員（重徳和彦君）　立憲民主党の重徳和彦です。
　ただいま議題となりました立憲民主党、日本維新の会、国民民主党、日本共産党、参政党、日本保守党、社会民主党の野党七党で共同提出をいたしましたガソリン暫定税率廃止法案につきまして、提出者を代表し、その提案の趣旨及び概要を御説明申し上げます。
　そもそも、ガソリンの暫定税率というのは、一九七四年、道路財源を確保するため、まさに暫定的に上乗せをされたものであります。その後、二〇〇九年には一般財源化され、課税根拠を喪失したにもかかわらず、今日に至るまで実に五十年以上にわたり、国民はその負担を求められてきました。
　現在、我が国の物価上昇率は三年連続で二％を上回り、直近五か月は連続で三％台を記録するなど、家計を圧迫しています。加えて、現下の緊迫する中東情勢を踏まえれば、今後、ガソリン価格が更に高騰するおそれもあります。こうした状況で、このような不合理な税負担を放置し続けることは、政治の不作為にほかなりません。
　昨年十二月十一日には、自民、公明、国民の三党の幹事長の間で、いわゆるガソリンの暫定税率を廃止すると明記された合意文書が交わされています。つまり、この時点から、与党の皆様にも暫定税率を廃止する責任が生じていたはずです。しかし、先般の予算や税法の審議における我々の修正案に対しても、また日本維新の会や国民民主党との協議においても、その責任を果たそうとする姿勢は全く見受けられませんでした。
　野党側の再三にわたる真剣な提案や協議に対して、与党は全く応えることなく通常国会をやり過ごそうとしていることに我々は強い危機感を抱きました。このまま与党に任せていてはいつまでたっても暫定税率を廃止することはできない、この状況を何とかして打開したいという思いで多くの党が一致し、今回、野党七党共同で本法案を提出した次第であります。
　次に、本法案の概要を御説明申し上げます。
　第一に、ガソリンの暫定税率について、関連する規定を削除し、廃止いたします。
　第二に、政府は、ガソリンの暫定税率の廃止が円滑に実施されるようにするため、暫定税率廃止時におけるガソリンの手持ち在庫については、暫定税率と本則税率との差額について、必要な補助金の交付を行うこと等により、販売業者等の負担を軽減すること等の措置を講ずることとしています。
　第三に、政府は、本法律の施行後直ちに、ガソリンの暫定税率の廃止により地方公共団体の財政に悪影響を及ぼすことがないよう、地方公共団体の減収の全額を補填するために必要な措置を講ずることとしています。
　以上が、本法案の趣旨及びその概要であります。
　与党の皆様には、自らも暫定税率の廃止に責任を負う立場であることをよくよく自覚をされ、できない理由を探すことに心血を注ぐのではなく、政治の不作為を解消し、物価高に苦しむ国民生活を支えるため、本法案の成立に向け、建設的な御意見を賜りますよう心からお願いを申し上げ、私の趣旨説明といたします。
　ありがとうございました。（拍手）
　　　　─────────────"	121715254X02920250620_004		121715254X02920250620_004
121715254X02920250620_007	関口昌一	各派に属しない議員	議長	"○議長（関口昌一君）　ただいまの趣旨説明に対し、質疑の通告がございます。順次発言を許します。船橋利実君。
　　　〔船橋利実君登壇、拍手〕"		121715254X02920250620_008	121715254X02920250620_007
121715254X02920250620_008	船橋利実	自由民主党		"○船橋利実君　参議院自民党の船橋利実です。
　私は、自民、公明を代表して、衆議院送付の租税特別措置法及び東日本大震災の被災者等に係る国税関係法律の臨時特例に関する法律の一部を改正する法律案について、提出者に質問をいたします。
　まず、本法案では、本則において、揮発油税及び地方揮発油税の当分の間税率を廃止するものとして、これに関連する規定は削除することとなっていますが、これに伴う国税及び地方税の減収額と、それに見合う代替財源をどのように考えているのでしょうか。また、代替財源の確保の見通しはあるのでしょうか。それなしに当分の間税率を廃止するというのであれば、無責任な法案だと言わざるを得ませんので、提案者から、できるだけ具体的な対応策を示していただきたいと存じます。
　地方揮発油税は地方税であることから、当分の間税率の廃止については、全国知事会を始めとする地方六団体は、代替財源なき廃止は受け入れられないとの声を上げています。そもそも、法案提出者は、地方六団体から意見を聴取した上で、法案提出への理解を求めたのでありましょうか。
　本法案では、附則第三条において、政府は、地方揮発油税の当分の間税率の廃止に伴う税収の減少が地方公共団体の財政に悪影響を及ぼすことがないよう、その全額を補填するための必要な措置を講ずるものとするとあるだけで、具体的な検討が行われた気配はありません。仮に提出会派による議論が進んでおらず、ただ政府に必要な措置を義務付けるだけでは、丸投げというそしりは免れません。
　提出者に対して、附則第三条にある必要な措置としてどのようなものを想定しているのか、お伺いをいたします。
　物価高に苦しむ国民生活を支えなければならないという強い思いを受けて、政府・与党は最大十円のガソリン価格等の定額引下げを実施しており、さらに、中東情勢の緊迫化に伴うガソリンの小売価格の高騰に備えるために、今月二十六日から予防的な激変緩和措置をとることも表明をしております。
　一方、本法案では、本年七月一日の施行と僅かな期間で当分の間税率を廃止することとしておりますが、平成二十年には、暫定税率が期限切れを迎えたことで、まずは買い控え、価格表示の切替え、その後は渋滞や品切れが国内各地で相次いだ経験があることから、石油関係団体は準備期間の短さを大いに懸念されております。
　そもそも、我が党は、既に暫定税率を廃止する方針を決めており、十二月の税制調査会に向けてしっかりと対応していく旨述べてきたところでありますが、それは、制度を変更するには、経済活動等を混乱させずにいかにスムーズに着地させるのか、相当慎重かつ緻密に検討を進めなければならず、議論や調整に時間を要するからであります。
　中東情勢が厳しさを増す中、国が行うべきことは、単なるパフォーマンスではなく、経済や社会を混乱させることのない政策であると考えますが、それにもかかわらず、これらの懸念を踏まえた上で七月一日を施行日として決めた理由について提案者にお伺いいたします。
　最後に、本法案につきましては、今国会会期末が迫る六月十一日、衆議院に提出され、その後、僅か三時間の委員会質疑のみで本会議採決に至り、参議院に送付をしてきたこと自体、参議院の審議時間を全く考慮しない、熟議の参議院を軽視したものと言わざるを得ません。
　このような状況の中、本会議での質疑となったことを踏まえて、提出者には丁寧な答弁をいただきたいと存じます。
　以上のことを申し上げ、私の質問とさせていただきます。
　御清聴ありがとうございます。（拍手）
　　　〔衆議院議員重徳和彦君登壇、拍手〕"	121715254X02920250620_007	121715254X02920250620_009	121715254X02920250620_007
121715254X02920250620_009	重徳和彦	立憲民主党・無所属		"○衆議院議員（重徳和彦君）　暫定税率廃止による減収額と代替財源についてお尋ねをいただきました。
　まず、減収額についてですが、揮発油税と地方揮発油税の暫定税率を廃止した場合、一年間当たり約一兆円の減収が見込まれます。本法案では、来月七月一日より暫定税率を廃止することとしておりますので、今年度に生じる減収額は約〇・八兆円を見込んでいるところでございます。
　次に、代替財源の確保策についてお答え申し上げます。
　今回、政府・与党が突如として掲げた二万円給付は、財源として二〇二四年度税収の上振れ分を活用するとのことですが、このような選挙目当ての一回限りのばらまきに使うぐらいなら、まずは今年度分の暫定税率廃止の財源として活用すべきではないでしょうか。
　国民一人当たり二万円を給付した場合、単純計算で所要額は二・五兆円となります。加えて、住民税非課税世帯や子育て世帯には更に上乗せをされるとのことです。これを税収の上振れ分で賄い、赤字国債の発行はしないということですから、どれだけ少なく見積もっても二・五兆円以上の上振れを見込んでいるものと推察できます。そうであれば、今年度分の暫定税率廃止の財源〇・八兆円を確保することは十分可能であります。
　来年度以降の恒久財源については、歳出歳入の総合的な改革により捻出をするべきと考えておりますが、昨年十二月十一日の自公国幹事長間合意により、与党の皆さんも暫定税率の廃止に責任を負っているわけでありますから、是非とも一緒にお考えいただき、積極的な御提案を賜れればと思います。
　以上です。（拍手）
　　　〔衆議院議員青柳仁士君登壇、拍手〕"	121715254X02920250620_008	121715254X02920250620_010	121715254X02920250620_007
121715254X02920250620_010	青柳仁士	日本維新の会		"○衆議院議員（青柳仁士君）　地方公共団体の減収を補填するための措置についてお尋ねをいただきました。
　本法案が成立し、暫定税率が廃止された場合、地方の財源たる地方揮発油譲与税が約三百三十億円減収することが見込まれます。この減収については、御指摘のとおり、法律の附則第三条において、この法律の施行後直ちに、地方公共団体の減収の全額を補償するために必要な措置を講じると規定しており、政府において速やかに対応することを求めております。
　これまでも、国の減税措置によって地方に減収が生じた場合には、地方特例交付金によって当該減収額を補ってきた経緯がございます。具体例を一つ挙げますと、二〇〇八年、参議院のねじれ国会の中で租税特別措置法が年度内に成立せず、暫定税率が失効したときにも同様の措置がとられているところでございます。
　今回も同様の措置により地方の減収を補填することを想定しており、可能な限り速やかに、仮に参議院選挙後に国会が開催されるのであれば、その臨時国会において必要な立法措置を講じることが必要だと考えております。（拍手）
　　　〔衆議院議員田中健君登壇、拍手〕"	121715254X02920250620_009	121715254X02920250620_011	121715254X02920250620_007
121715254X02920250620_011	田中健	国民民主党・無所属クラブ		"○衆議院議員（田中健君）　施行日を七月一日としている理由についてお尋ねをいただきました。
　現在、我が国の物価上昇率は三年連続で二％を上回り、直近六か月は連続で三％台を記録するなど、日々家計を圧迫しております。また、御指摘のとおり、中東情勢は緊迫化をしており、今後、ガソリン価格が更に高騰するおそれもあります。こうした状況に鑑みれば、暫定税率の廃止は一刻も早い方が望ましいということは言うまでもありません。
　そもそも、昨年の十二月十一日には、自民、公明、国民の三党の幹事長合意でいわゆるガソリンの暫定税率は廃止すると明確に確認をされており、この時点では与党にもガソリンの暫定税率を廃止する責任が生じていたはずであります。その後、今日に至るまで半年間、暫定税率の廃止を求める我々の提案をほごにしてきたのは、ほかならぬ与党の皆さんではありませんか。
　できない理由を探すのではなく、どのようにすれば国民生活を支えることができるのかを考えるのが政治の役割です。物価高に苦しむ国民を支えるためにも、本法案の成立に向け、是非建設的な御意見を賜りますよう心よりお願いを申し上げ、答弁とさせていただきます。（拍手）
　　　　─────────────"	121715254X02920250620_010	121715254X02920250620_013	121715254X02920250620_007
121715254X02920250620_013	柴愼一	立憲民主・社民・無所属		"○柴愼一君　立憲民主・社民・無所属の柴です、柴愼一です。
　私は、会派を代表して、ただいま議題となりました租税特別措置法及び東日本大震災の被災者等に係る国税関係法律の臨時特例に関する法律の一部を改正する法律案、いわゆるガソリン税暫定税率廃止法案に対して質問をいたします。
　先ほども提案者からあったように、日本の物価は三年連続で二％を大きく上回り、消費者物価指数は六か月連続で四％近くになっています。特にエネルギーと食料品の物価が高騰しており、国民生活、家計を圧迫しています。
　物価高に対する最大の対策は、物の値段そのものを直接引き下げることです。その最も有効な手段が本法案に示された暫定税率の引下げという税制による措置です。
　野党七党は、そんな国民の切実な声に応えるべく、エネルギー価格高騰に対してガソリン価格を引き下げるためにガソリン暫定税率廃止法案を共同で提出し、衆議院で可決に至りました。
　そもそも、ガソリンの暫定税率については、昨年十二月十一日には、自民党、公明党、国民民主党の三党の幹事長がガソリン暫定税率の廃止で合意したと承知しています。また、今年の三月以降、自民党、公明党は、日本維新の会との暫定税率引下げに、廃止に向けた協議を続けてきたと承知しています。しかし、現時点で廃止に向けた明確な方針が与党から一切示されていません。そうした現状を踏まえ、この度、野党会派が一致して本法律案を提出に至った経緯とその意義について、提案者に答弁をお願いいたします。
　ガソリン暫定税率廃止に伴う減収は、今年度については七月一日からの実施として約八千億円を見込んでおり、暫定税率が廃止に至った場合、道路財源に穴が空くのではないかとの懸念が一部示されています。
　そうした懸念がある一方で、二〇〇九年度には道路特定財源は既に一般財源化され、道路整備の費用を賄うという暫定税率創設当初の課税根拠はなくなっています。暫定税率引下げによる道路整備への影響やその財源について懸念する声に対して、不安払拭に向け丁寧に説明すべきと考えますが、見解をお伺いいたします。
　今回の法案では、ガソリン暫定税率廃止に係る様々な課題をクリアする政策を野党が共同して提出していると承知しています。
　衆議院の質疑では、関係省庁、地方自治体、業界団体に与える影響について質問がありました。しかし、ガソリン税の一番の関係者はガソリンを購入する国民一人一人です、国民です。したがって、五十年以上も続いた暫定税率をまずは廃止すること、このことこそ、物価高に苦しむ国民生活の、国民の生活を守ること、そのことこそ最重視すべきであります。
　衆議院での質疑を通じて、参議院に送付をされた本法案は、物価高から国民を守るための野党連携の一つの成果として、真摯な審議を通じた法案の成立が期待されているものと考えます。そして、その意義と成果について提案者の見解をお伺いいたします。
　以上、物価高から国民を守り抜くための税制措置の必要性について強く訴え、私の質問といたします。
　御清聴ありがとうございました。（拍手）
　　　〔衆議院議員青柳仁士君登壇、拍手〕"	121715254X02920250620_011	121715254X02920250620_014	121715254X02920250620_007
121715254X02920250620_014	青柳仁士	日本維新の会		"○衆議院議員（青柳仁士君）　本法案の提出の経緯と意義について御質問をいただきました。
　やはり本法案の最大の意義は、食料品などの物価高の中で国民生活の下支えになることであります。特に地方において車は日常生活に欠かせないものであり、その日常的コストであるガソリン、軽油の価格が下がることは大きな効果があると考えています。同時に、ガソリン、軽油の価格が下がることは物流経費の引下げにつながります。身の回りのあらゆるものの価格が上がっていますが、そのほとんどに物流コストが掛かっていますので、広範な商品・サービス価格の引下げにつながることが期待できます。
　次に、本法案提出の経緯について申し上げます。
　暫定税率廃止については、今回共同で提出した七党は、それぞれに様々な形でその実現を求めてまいりました。
　そもそも、日本維新の会は、今年度の修正予算が、この賛成をする条件として、自民党、公明党との間でガソリンの暫定税率の廃止、この租税特別措置に書かれていることの誠実な履行というのを条件に予算に賛成をさせていただきました。また、昨年十二月十一日には、国民民主党との間で自民党、公明党は幹事長レベルの合意文書を交わしまして、このときは、補正予算に賛成する条件としてガソリンの暫定税率の廃止を行うとされておりました。
　その後、日本維新の会としましては、三か月間、六回にわたる協議を真摯に行ってまいりました。最終的に、我々が七月から行いたいということを二か月前から申し上げておりましたが、それに対する、提案に対するこの回答は拒否であったということであります。さらに、その際に自民党、公明党側から回答がありましたのは、七月でなくても、十二月であっても、三月であっても、これはいつから実施するかというのは明言できないというお答えでした。
　ですので、このような中で我々は、自民党、公明党には実現する意思がない、やる気がないと判断せざるを得ず、その結果、志を共にする野党とともに実施をすることを決めたものでございます。
　自民党、公明党に全くやる気がないことが明確になったということで、今回の経緯、そこから国民民主党、そして立憲民主党と協議を行いまして、方向性を確認できたことから、法案の一本化作業に入るとともに、ほかの野党にも声掛けを始めました。その結果が今回の野党七党による共同提出です。
　そして、共同提出したことにより、衆議院で可決し、今こうして参議院の皆様の前で御説明させていただくことができました。この参議院の場でも、御協力をいただきました野党各党の皆様にお礼を申し上げたいと思います。（拍手）
　　　〔衆議院議員田中健君登壇、拍手〕"	121715254X02920250620_013	121715254X02920250620_015	121715254X02920250620_007
121715254X02920250620_015	田中健	国民民主党・無所属クラブ		"○衆議院議員（田中健君）　暫定税率の廃止と道路整備の関係について御質問をいただきました。
　結論から申し上げれば、暫定税率を廃止をしても道路整備に影響は与えないと考えています。
　御指摘の背景には、かつて揮発油税が道路整備の特定財源であったことがあるかとは思いますが、この道路特定財源制度は二〇〇八年度末をもって廃止をされております。これ以降、揮発油税は一般財源となっています。したがって、揮発油税の税収の増減と道路整備の財源は既にリンクをしなくなっています。
　同時に、私たちは、今回の暫定税率廃止による税収を見合う財源を確保することを前提としています。先ほども説明がありましたが、まずは今年度分については、政府・与党が活用を主張している昨年度の税収の上振れ分、こちらに活用をすることを考えています。政府・与党の主張では少なくとも二・五兆円程度の増収が、増があるようですので、十分に今年度の税収分を賄うことは十分可能だと思っています。
　また、来年以降については、歳出歳入の総合的な改革により捻出をすべきと考えます。昨年十二月の自公国幹事長の合意により、半年以上がたっているわけでありますから、与党の皆さんも暫定税率の廃止に責任を持っており、この間も考えてくれていると思っておりますので、是非とも一緒にこの来年度以降の予算も考えていきたいと思っております。（拍手）
　　　〔衆議院議員重徳和彦君登壇、拍手〕"	121715254X02920250620_014	121715254X02920250620_016	121715254X02920250620_007
121715254X02920250620_016	重徳和彦	立憲民主党・無所属		"○衆議院議員（重徳和彦君）　野党連携の意義と成果について御質問をいただきました。
　昨年の総選挙の結果、衆議院では与党が過半数割れとなりました。その瞬間から、野党がまとまれば与党を凌駕できる政治環境が衆議院では生まれました。そして、今般、その環境を生かし、ガソリン暫定税率廃止法案という、国民の皆様が期待するが与党が拒否する政策の実現に向けて歴史的な一歩を刻んだと自負しております。
　我々野党各党は、党が異なる以上、それぞれに異なる理念、政策を持つことから、まとまるためには幾つものハードルがありますが、しかし、この暫定税率廃止法案にあっては、自民党、公明党の怠慢への強い危機感も弾みとなり、野党が結束し、物価高の中で国民生活を支える政策を前に進めることができました。
　残念ながら、参議院では与党が過半数を有しています。しかし、目の前の参議院選挙で野党が勝利し、衆参両院で野党が過半数を占めれば、より一層国民の皆様のための政策を実現できる環境となります。
　参議院選挙を前に、こうした大きな可能性を国民の皆様にお示しできたことも、今回の野党連携の大きな成果だと考えております。
　御協力をいただいた野党各党の皆様に心より感謝を申し上げまして、答弁を終わらせていただきます。（拍手）"	121715254X02920250620_015		121715254X02920250620_007
121715254X02920250620_019	和田政宗	自由民主党		"○和田政宗君　ただいま議題となりました両法律案につきまして、内閣委員会における審査の経過と結果を御報告申し上げます。
　まず、独立行政法人男女共同参画機構法案は、独立行政法人男女共同参画機構を設立するため、その名称、目的、業務の範囲等に関する事項を定めようとするものであります。
　次に、独立行政法人男女共同参画機構法の施行に伴う関係法律の整備等に関する法律案は、男女共同参画社会基本法において男女共同参画社会の形成の促進に関する施策を推進する機関としての機構の役割を定めるほか、関係法律の規定の整備等を行おうとするものであります。
　委員会におきましては、両法律案を一括して議題とし、男女共同参画社会の実現に向けた取組状況、新設される機構の機能強化のための方策、国立女性教育会館の研修施設等の撤去をめぐる対応等について質疑が行われましたが、その詳細は会議録によって御承知願います。
　質疑を終局した後、日本維新の会を代表して片山委員より、機構法案の附則に施行後三年以内の検討条項を追加する旨の修正案が提出されました。
　次いで、討論に入りましたところ、日本維新の会の片山委員より両法律案の原案に反対、機構法案の修正案に賛成、日本共産党の井上委員より両法律案の原案及び機構法案の修正案に反対、れいわ新選組の大島委員より両法律案の原案及び機構法案の修正案に反対の旨の意見がそれぞれ述べられました。
　次いで、順次採決の結果、修正案は賛成少数をもって否決され、両法律案はいずれも多数をもって原案どおり可決すべきものと決定いたしました。
　なお、両法律案に対し附帯決議を行いました。
　以上、御報告申し上げます。（拍手）
　　　　─────────────"		121715254X02920250620_026	121715254X02920250620_019
121715254X02920250620_026	関口昌一	各派に属しない議員	議長	"○議長（関口昌一君）　これらの請願は、委員長の報告を省略し、各委員会決定のとおり採択することに御異議ございませんか。
　　　〔「異議なし」と呼ぶ者あり〕"	121715254X02920250620_019	121715254X02920250620_027	121715254X02920250620_019
121715254X02920250620_027	関口昌一	各派に属しない議員	議長	"○議長（関口昌一君）　御異議ないと認めます。
　よって、これらの請願は各委員会決定のとおり採択することに決しました。
　　　　　─────・─────"	121715254X02920250620_026		121715254X02920250620_019
121805254X00120250801_005	額賀福志郎	無所属	議長	"○議長（額賀福志郎君）　特別委員会の設置につきお諮りいたします。
　東日本大震災からの復興・防災・災害に関する総合的な対策を樹立するため委員四十人よりなる東日本大震災復興・防災・災害対策に関する特別委員会
　政治改革に関する調査を行うため委員四十人よりなる政治改革に関する特別委員会
　沖縄及び北方問題に関する対策樹立のため委員二十五人よりなる沖縄及び北方問題に関する特別委員会
　北朝鮮による拉致等に関する諸問題を調査し、その対策樹立に資するため委員二十五人よりなる北朝鮮による拉致問題等に関する特別委員会
　消費者の利益の擁護及び増進等に関する総合的な対策を樹立するため委員三十五人よりなる消費者問題に関する特別委員会
　原子力に関する諸問題を調査するため委員三十五人よりなる原子力問題調査特別委員会
及び
　地域活性化・こども政策・デジタル社会形成に関する総合的な対策を樹立するため委員三十五人よりなる地域活性化・こども政策・デジタル社会形成に関する特別委員会
を設置いたしたいと存じます。これに御異議ありませんか。
　　　　〔「異議なし」と呼ぶ者あり〕"			121805254X00120250801_005
121815254X00120250801_022	関口昌一	各派に属しない議員	議長	"○議長（関口昌一君）　日程第五　常任委員長の選挙
　本日、常任委員全員の辞任を許可いたしましたため、常任委員長が全員欠員となりました。
　これより全常任委員長の選挙を行います。
　つきましては、常任委員長の選挙は、その手続を省略し、いずれも議長において指名することに御異議ございませんか。
　　　〔「異議なし」と呼ぶ者あり〕"		121815254X00120250801_024	121815254X00120250801_022
121815254X00120250801_024	関口昌一	各派に属しない議員	議長	"○議長（関口昌一君）　この際、特別委員会の設置についてお諮りいたします。
　災害に関する諸問題を調査し、その対策樹立に資するため、委員二十名から成る災害対策特別委員会を、
　政府開発援助を始めとする国際援助・協力に関する諸問題の調査並びに沖縄及び北方問題に関する対策樹立に資するため、委員三十五名から成る政府開発援助等及び沖縄・北方問題に関する特別委員会を、
　政治改革に関する調査のため、委員三十五名から成る政治改革に関する特別委員会を、
　北朝鮮による拉致等に関する諸問題を調査し、その対策樹立に資するため、委員二十名から成る北朝鮮による拉致問題等に関する特別委員会を、
　地方創生並びにデジタル社会の形成及び推進等に関する総合的な対策を樹立するため、委員二十名から成る地方創生及びデジタル社会の形成等に関する特別委員会を、
　消費者の利益の擁護及び増進等に関する総合的な対策を樹立するため、委員二十名から成る消費者問題に関する特別委員会を、
　また、東日本大震災からの復興に当たり、その総合的な対策樹立に資するため、委員三十五名から成る東日本大震災復興特別委員会を、
それぞれ設置いたしたいと存じます。
　まず、災害対策特別委員会、政治改革に関する特別委員会、北朝鮮による拉致問題等に関する特別委員会、地方創生及びデジタル社会の形成等に関する特別委員会、消費者問題に関する特別委員会並びに東日本大震災復興特別委員会を設置することについて採決をいたします。
　以上の六特別委員会を設置することに御異議ございませんか。
　　　〔「異議なし」と呼ぶ者あり〕"	121815254X00120250801_022	121815254X00120250801_025	121815254X00120250801_022
121815254X00120250801_025	関口昌一	各派に属しない議員	議長	"○議長（関口昌一君）　御異議ないと認めます。
　よって、災害対策特別委員会外五特別委員会を設置することに決しました。
　次に、政府開発援助等及び沖縄・北方問題に関する特別委員会を設置することについて採決をいたします。
　本特別委員会を設置することに賛成の諸君の起立を求めます。
　　　〔賛成者起立〕"	121815254X00120250801_024	121815254X00120250801_028	121815254X00120250801_022
121815254X00120250801_028	関口昌一	各派に属しない議員	議長	"○議長（関口昌一君）　この際、お諮りいたします。
　古賀之士君、田名部匡代君、秋野公造君、串田誠一君から、それぞれ情報監視審査会委員を辞任いたしたいとの申出がございました。
　いずれも許可することに御異議ございませんか。
　　　〔「異議なし」と呼ぶ者あり〕"	121815254X00120250801_025	121815254X00120250801_030	121815254X00120250801_022
121815254X00120250801_030	関口昌一	各派に属しない議員	議長	"○議長（関口昌一君）　日程第七　情報監視審査会委員の選任
　情報監視審査会委員の選任は、参議院情報監視審査会規程第三条の規定により、議院の議決によることとなっております。
　情報監視審査会委員に有村治子君、石田昌宏君、岩本剛人君、田名部匡代君、川合孝典君、秋野公造君、串田誠一君、岩本麻奈君を選任することに賛成の諸君の起立を求めます。
　　　〔賛成者起立〕"	121815254X00120250801_028		121815254X00120250801_022
121815254X00120250801_036	関口昌一	各派に属しない議員	議長	"○議長（関口昌一君）　さきに院議をもって永年在職議員として表彰されました元議員峯山昭範君は、去る七月十八日逝去されました。誠に痛惜の極みであり、哀悼の念に堪えません。
　つきましては、この際、院議をもって同君に対し弔詞をささげることにいたしたいと存じますが、御異議ございませんか。
　　　〔「異議なし」と呼ぶ者あり〕"			121815254X00120250801_036
